"DT_GERACAO";"HH_GERACAO";"ANO_ELEICAO";"CD_ELEICAO";"DS_ELEICAO";"SG_UF";"CD_CARGO";"DS_CARGO";"SQ_CANDIDATO";"NR_CANDIDATO";"NM_CANDIDATO";"NM_URNA_CANDIDATO";"SG_PARTIDO";"NM_PARTIDO";"NR_PARTIDO";"NR_FEDERACAO";"NM_FEDERACAO";"SG_FEDERACAO";"DS_SITUACAO_CANDIDATURA";"DS_DETALHE_SITUACAO_CAND";"DS_SITUACAO_JULGAMENTO";"DS_SITUACAO_CASSACAO";"DS_SITUACAO_SUBSTITUICAO";"DS_OCUPACAO";"ST_REELEICAO";"NM_MUNICIPIO_NASCIMENTO";"SG_UF_NASCIMENTO"
"21/09/2026";"12:31:37";"2026";"6259";"Eleições Gerais Estaduais 2026";"RS";"7";"DEPUTADO ESTADUAL";"210002537531";"40444";"LADISLE CAMARGO TEIXEIRA";"LADISLÊ TEIXEIRA";"PSB";"PARTIDO SOCIALISTA BRASILEIRO";"40";"-1";"#NULO";"#NULO";"#NE";"";"";"";"";"INDUSTRIAL";"";"";"RS"
"21/09/2026";"12:31:37";"2026";"6259";"Eleições Gerais Estaduais 2026";"RS";"7";"DEPUTADO ESTADUAL";"210002537538";"40040";"PAULO DE TARSO GASPAR PINHEIRO MACHADO";"PAULO DE TARSO";"PSB";"PARTIDO SOCIALISTA BRASILEIRO";"40";"-1";"#NULO";"#NULO";"#NE";"";"";"";"";"ECONOMISTA";"";"";"RS"
"21/09/2026";"12:31:37";"2026";"6259";"Eleições Gerais Estaduais 2026";"RS";"7";"DEPUTADO ESTADUAL";"210002537533";"40004";"VINICIUS KLEIN BONDAN";"VINICIUS BONDAN";"PSB";"PARTIDO SOCIALISTA BRASILEIRO";"40";"-1";"#NULO";"#NULO";"#NE";"";"";"";"";"ADVOGADO";"";"";"RS"
"21/09/2026";"12:31:37";"2026";"6259";"Eleições Gerais Estaduais 2026";"RS";"7";"DEPUTADO ESTADUAL";"210002539792";"12555";"MARILUCE DOS SANTOS KURZ VIEIRA";"MARI KURZ";"PDT";"PARTIDO DEMOCRÁTICO TRABALHISTA";"12";"-1";"#NULO";"#NULO";"#NE";"";"";"";"";"PROFESSOR DE ENSINO SUPERIOR";"";"";"RS"
"21/09/2026";"12:31:37";"2026";"6259";"Eleições Gerais Estaduais 2026";"RS";"7";"DEPUTADO ESTADUAL";"210002539818";"12580";"REGINA MARIA BECKER";"REGINA BECKER FORTUNATI";"PDT";"PARTIDO DEMOCRÁTICO TRABALHISTA";"12";"-1";"#NULO";"#NULO";"#NE";"";"";"";"";"RELAÇÕES-PÚBLICAS";"";"";"RS"
"21/09/2026";"12:31:37";"2026";"6259";"Eleições Gerais Estaduais 2026";"RS";"7";"DEPUTADO ESTADUAL";"210002539800";"12220";"LUIS ROGERIO MARENCO FERRAN";"LUIZ MARENCO";"PDT";"PARTIDO DEMOCRÁTICO TRABALHISTA";"12";"-1";"#NULO";"#NULO";"#NE";"";"";"";"";"MÚSICO";"";"";"RS"
"21/09/2026";"12:31:37";"2026";"6259";"Eleições Gerais Estaduais 2026";"RS";"7";"DEPUTADO ESTADUAL";"210002539790";"12008";"RAQUEL FRANTZ MÖLLER ESTIVALETE";"RÀQUEL MÖLLER";"PDT";"PARTIDO DEMOCRÁTICO TRABALHISTA";"12";"-1";"#NULO";"#NULO";"#NE";"";"";"";"";"RELAÇÕES-PÚBLICAS";"";"";"RS"
"21/09/2026";"12:31:37";"2026";"6259";"Eleições Gerais Estaduais 2026";"RS";"7";"DEPUTADO ESTADUAL";"210002539815";"12999";"RONI DA SILVA";"GARÇOM RONI";"PDT";"PARTIDO DEMOCRÁTICO TRABALHISTA";"12";"-1";"#NULO";"#NULO";"#NE";"";"";"";"";"GARÇOM";"";"";"RS"
"21/09/2026";"12:31:37";"2026";"6259";"Eleições Gerais Estaduais 2026";"RS";"7";"DEPUTADO ESTADUAL";"210002534016";"65653";"NILVO RIBOLDI FILHO";"NILVO RIBOLDI";"PCDOB";"PARTIDO COMUNISTA DO BRASIL";"65";"101";"FEDERAÇÃO BRASIL DA ESPERANÇA - FE BRASIL";"13-PT/65-PC do B/43-PV";"#NE";"";"";"";"";"VENDEDOR DE COMÉRCIO VAREJISTA E ATACADISTA";"";"";"RS"
"21/09/2026";"12:31:37";"2026";"6259";"Eleições Gerais Estaduais 2026";"RS";"7";"DEPUTADO ESTADUAL";"210002534019";"13001";"GILBERTO JOSÉ SPIER VARGAS";"PEPE VARGAS";"PT";"PARTIDO DOS TRABALHADORES";"13";"101";"FEDERAÇÃO BRASIL DA ESPERANÇA - FE BRASIL";"13-PT/65-PC do B/43-PV";"#NE";"";"";"";"";"DEPUTADO";"";"";"RS"
"21/09/2026";"12:31:37";"2026";"6259";"Eleições Gerais Estaduais 2026";"RS";"7";"DEPUTADO ESTADUAL";"210002534043";"13007";"LEONEL GUTERRES RADDE";"LEONEL RADDE";"PT";"PARTIDO DOS TRABALHADORES";"13";"101";"FEDERAÇÃO BRASIL DA ESPERANÇA - FE BRASIL";"13-PT/65-PC do B/43-PV";"#NE";"";"";"";"";"DEPUTADO";"";"";"RS"
"21/09/2026";"12:31:37";"2026";"6259";"Eleições Gerais Estaduais 2026";"RS";"7";"DEPUTADO ESTADUAL";"210002534045";"13303";"HELENIR AGUIAR SCHÜRER";"PROFESSORA HELENIR";"PT";"PARTIDO DOS TRABALHADORES";"13";"101";"FEDERAÇÃO BRASIL DA ESPERANÇA - FE BRASIL";"13-PT/65-PC do B/43-PV";"#NE";"";"";"";"";"SERVIDOR PÚBLICO CIVIL APOSENTADO";"";"";"RS"
"21/09/2026";"12:31:37";"2026";"6259";"Eleições Gerais Estaduais 2026";"RS";"7";"DEPUTADO ESTADUAL";"210002534033";"13513";"MARIA EUNICE DIAS WOLF";"MARIA EUNICE";"PT";"PARTIDO DOS TRABALHADORES";"13";"101";"FEDERAÇÃO BRASIL DA ESPERANÇA - FE BRASIL";"13-PT/65-PC do B/43-PV";"#NE";"";"";"";"";"APOSENTADO (EXCETO SERVIDOR PÚBLICO)";"";"";"RS"
"21/09/2026";"12:31:37";"2026";"6259";"Eleições Gerais Estaduais 2026";"RS";"7";"DEPUTADO ESTADUAL";"210002533937";"50005";"DANIELLE DOS SANTOS KROEFF";"PROFESSORA DANI KROEFF";"PSOL";"PARTIDO SOCIALISMO E LIBERDADE";"50";"102";"FEDERAÇÃO PSOL REDE";"50-PSOL/18-REDE";"#NE";"";"";"";"";"PROFESSOR DE ENSINO MÉDIO";"";"";"RS"
"21/09/2026";"12:31:37";"2026";"6259";"Eleições Gerais Estaduais 2026";"RS";"7";"DEPUTADO ESTADUAL";"210002537537";"40180";"BRUNA LIEGE DA SILVA RODRIGUES";"BRUNA RODRIGUES";"PSB";"PARTIDO SOCIALISTA BRASILEIRO";"40";"-1";"#NULO";"#NULO";"#NE";"";"";"";"";"ESTUDANTE, BOLSISTA, ESTAGIÁRIO E ASSEMELHADOS";"";"";"RS"
"21/09/2026";"12:31:37";"2026";"6259";"Eleições Gerais Estaduais 2026";"RS";"7";"DEPUTADO ESTADUAL";"210002537527";"40401";"JAQUELINE PEREIRA SILVEIRA CIBELLI DE CASTRO";"JAQUE SILVEIRA";"PSB";"PARTIDO SOCIALISTA BRASILEIRO";"40";"-1";"#NULO";"#NULO";"#NE";"";"";"";"";"EMPRESÁRIO";"";"";"RS"
"21/09/2026";"12:31:37";"2026";"6259";"Eleições Gerais Estaduais 2026";"RS";"7";"DEPUTADO ESTADUAL";"210002544838";"16000";"PATRICIA DE CASTRO PEIXE";"PATRÍCIA PEIXE";"PSTU";"PARTIDO SOCIALISTA  DOS TRABALHADORES UNIFICADO";"16";"-1";"#NULO";"#NULO";"#NE";"";"";"";"";"PROFESSOR DE ENSINO FUNDAMENTAL";"";"";"RS"
"21/09/2026";"12:31:37";"2026";"6259";"Eleições Gerais Estaduais 2026";"RS";"7";"DEPUTADO ESTADUAL";"210002544839";"16161";"ANDERSON DA SILVA RODRIGUES";"ANDERSON SILVA";"PSTU";"PARTIDO SOCIALISTA  DOS TRABALHADORES UNIFICADO";"16";"-1";"#NULO";"#NULO";"#NE";"";"";"";"";"ENGENHEIRO";"";"";"RS"
"21/09/2026";"12:31:37";"2026";"6259";"Eleições Gerais Estaduais 2026";"RS";"7";"DEPUTADO ESTADUAL";"210002539787";"12613";"LEIDINARA FERREIRA MARQUES";"LEIDINARA MARQUES";"PDT";"PARTIDO DEMOCRÁTICO TRABALHISTA";"12";"-1";"#NULO";"#NULO";"#NE";"";"";"";"";"ASSISTENTE SOCIAL";"";"";"RS"
"21/09/2026";"12:31:37";"2026";"6259";"Eleições Gerais Estaduais 2026";"RS";"7";"DEPUTADO ESTADUAL";"210002539807";"12192";"LUIS FERNANDO PERES DOS SANTOS";"LUIS FERNANDO BRAITE";"PDT";"PARTIDO DEMOCRÁTICO TRABALHISTA";"12";"-1";"#NULO";"#NULO";"#NE";"";"";"";"";"VEREADOR";"";"";"RS"
"21/09/2026";"12:31:37";"2026";"6259";"Eleições Gerais Estaduais 2026";"RS";"7";"DEPUTADO ESTADUAL";"210002539808";"12120";"MATHEUS PORCIUNCULA MACHADO POMPEO DE MATTOS";"POMPEO FILHO";"PDT";"PARTIDO DEMOCRÁTICO TRABALHISTA";"12";"-1";"#NULO";"#NULO";"#NE";"";"";"";"";"ADVOGADO";"";"";"RS"
"21/09/2026";"12:31:37";"2026";"6259";"Eleições Gerais Estaduais 2026";"RS";"7";"DEPUTADO ESTADUAL";"210002539789";"12003";"POLIANA MARTINAZZO";"POLI MARTINAZZO";"PDT";"PARTIDO DEMOCRÁTICO TRABALHISTA";"12";"-1";"#NULO";"#NULO";"#NE";"";"";"";"";"PROFESSOR DE ENSINO FUNDAMENTAL";"";"";"RS"
"21/09/2026";"12:31:37";"2026";"6259";"Eleições Gerais Estaduais 2026";"RS";"7";"DEPUTADO ESTADUAL";"210002534034";"13800";"LÉLIO NUNES LOPES FILHO";"LELINHO LOPES";"PT";"PARTIDO DOS TRABALHADORES";"13";"101";"FEDERAÇÃO BRASIL DA ESPERANÇA - FE BRASIL";"13-PT/65-PC do B/43-PV";"#NE";"";"";"";"";"VEREADOR";"";"";"RS"
"21/09/2026";"12:31:37";"2026";"6259";"Eleições Gerais Estaduais 2026";"RS";"7";"DEPUTADO ESTADUAL";"210002534004";"65444";"ERICK DÊNIL MACHADO PIMENTEL";"ERICK DENIL";"PCDOB";"PARTIDO COMUNISTA DO BRASIL";"65";"101";"FEDERAÇÃO BRASIL DA ESPERANÇA - FE BRASIL";"13-PT/65-PC do B/43-PV";"#NE";"";"";"";"";"VEREADOR";"";"";"RS"
"21/09/2026";"12:31:37";"2026";"6259";"Eleições Gerais Estaduais 2026";"RS";"7";"DEPUTADO ESTADUAL";"210002534053";"13003";"MARCELO CORDEIRO";"MARCELO CORDEIRO";"PT";"PARTIDO DOS TRABALHADORES";"13";"101";"FEDERAÇÃO BRASIL DA ESPERANÇA - FE BRASIL";"13-PT/65-PC do B/43-PV";"#NE";"";"";"";"";"SERVIDOR PÚBLICO MUNICIPAL";"";"";"SC"
"21/09/2026";"12:31:37";"2026";"6259";"Eleições Gerais Estaduais 2026";"RS";"7";"DEPUTADO ESTADUAL";"210002534026";"13778";"DOUGLAS JUNIOR BUTZKE";"DOUGLAS BUTZKE";"PT";"PARTIDO DOS TRABALHADORES";"13";"101";"FEDERAÇÃO BRASIL DA ESPERANÇA - FE BRASIL";"13-PT/65-PC do B/43-PV";"#NE";"";"";"";"";"SERVIDOR PÚBLICO MUNICIPAL";"";"";"RS"
"21/09/2026";"12:31:37";"2026";"6259";"Eleições Gerais Estaduais 2026";"RS";"7";"DEPUTADO ESTADUAL";"210002534044";"13112";"DARIU FRANCISCO ALVES GARCIA";"DARIU GARCIA";"PT";"PARTIDO DOS TRABALHADORES";"13";"101";"FEDERAÇÃO BRASIL DA ESPERANÇA - FE BRASIL";"13-PT/65-PC do B/43-PV";"#NE";"";"";"";"";"OUTROS";"";"";"RS"
"21/09/2026";"12:31:37";"2026";"6259";"Eleições Gerais Estaduais 2026";"RS";"7";"DEPUTADO ESTADUAL";"210002534027";"43043";"CLAUDIA AZEVEDO DE OLIVEIRA";"CLÁUDIA AZEVEDO";"PV";"PARTIDO VERDE";"43";"101";"FEDERAÇÃO BRASIL DA ESPERANÇA - FE BRASIL";"13-PT/65-PC do B/43-PV";"#NE";"";"";"";"";"SERVIDOR PÚBLICO ESTADUAL";"";"";"RS"
"21/09/2026";"12:31:37";"2026";"6259";"Eleições Gerais Estaduais 2026";"RS";"7";"DEPUTADO ESTADUAL";"210002533946";"50550";"ADRIANO TADEU HARTMANN RICOLDI";"ADRIANO RICOLDI";"PSOL";"PARTIDO SOCIALISMO E LIBERDADE";"50";"102";"FEDERAÇÃO PSOL REDE";"50-PSOL/18-REDE";"#NE";"";"";"";"";"PADEIRO, CONFEITEIRO E ASSEMELHADOS";"";"";"SP"
"21/09/2026";"12:31:37";"2026";"6259";"Eleições Gerais Estaduais 2026";"RS";"7";"DEPUTADO ESTADUAL";"210002533934";"50123";"MATHEUS PEREIRA GOMES";"MATHEUS GOMES";"PSOL";"PARTIDO SOCIALISMO E LIBERDADE";"50";"102";"FEDERAÇÃO PSOL REDE";"50-PSOL/18-REDE";"#NE";"";"";"";"";"DEPUTADO";"";"";"RS"
"21/09/2026";"12:31:37";"2026";"6259";"Eleições Gerais Estaduais 2026";"RS";"7";"DEPUTADO ESTADUAL";"210002533938";"50950";"GUILHERME GIL DA SILVA";"GUILHERME GIL";"PSOL";"PARTIDO SOCIALISMO E LIBERDADE";"50";"102";"FEDERAÇÃO PSOL REDE";"50-PSOL/18-REDE";"#NE";"";"";"";"";"PROFESSOR DE ENSINO MÉDIO";"";"";"RS"
"21/09/2026";"12:31:37";"2026";"6259";"Eleições Gerais Estaduais 2026";"RS";"7";"DEPUTADO ESTADUAL";"210002533929";"50500";"PEDRO HOMERO STEIN";"PEDRO STEIN";"PSOL";"PARTIDO SOCIALISMO E LIBERDADE";"50";"102";"FEDERAÇÃO PSOL REDE";"50-PSOL/18-REDE";"#NE";"";"";"";"";"AGRICULTOR";"";"";"RS"
"21/09/2026";"12:31:37";"2026";"6259";"Eleições Gerais Estaduais 2026";"RS";"7";"DEPUTADO ESTADUAL";"210002537543";"40222";"JESLEI SALINES DE SOUZA";"JÉSLEI SALLINES";"PSB";"PARTIDO SOCIALISTA BRASILEIRO";"40";"-1";"#NULO";"#NULO";"#NE";"";"";"";"";"VEREADOR";"";"";"RS"
"21/09/2026";"12:31:37";"2026";"6259";"Eleições Gerais Estaduais 2026";"RS";"7";"DEPUTADO ESTADUAL";"210002537529";"40369";"GERALDO BATISTA DA SILVEIRA";"GERALDO SILVEIRA";"PSB";"PARTIDO SOCIALISTA BRASILEIRO";"40";"-1";"#NULO";"#NULO";"#NE";"";"";"";"";"APOSENTADO (EXCETO SERVIDOR PÚBLICO)";"";"";"RS"
"21/09/2026";"12:31:37";"2026";"6259";"Eleições Gerais Estaduais 2026";"RS";"7";"DEPUTADO ESTADUAL";"210002539781";"12888";"ALVARO LUIZ PIMENTA MEIRA";"DR. ALVARO MEIRA";"PDT";"PARTIDO DEMOCRÁTICO TRABALHISTA";"12";"-1";"#NULO";"#NULO";"#NE";"";"";"";"";"ADVOGADO";"";"";"RS"
"21/09/2026";"12:31:37";"2026";"6259";"Eleições Gerais Estaduais 2026";"RS";"7";"DEPUTADO ESTADUAL";"210002539803";"12333";"GILMAR SOSSELLA";"GILMAR SOSSELLA";"PDT";"PARTIDO DEMOCRÁTICO TRABALHISTA";"12";"-1";"#NULO";"#NULO";"#NE";"";"";"";"";"DEPUTADO";"";"";"RS"
"21/09/2026";"12:31:37";"2026";"6259";"Eleições Gerais Estaduais 2026";"RS";"7";"DEPUTADO ESTADUAL";"210002539812";"12233";"JOÃO MARCOS BASSANI DOS SANTOS";"JOÃO MARCOS";"PDT";"PARTIDO DEMOCRÁTICO TRABALHISTA";"12";"-1";"#NULO";"#NULO";"#NE";"";"";"";"";"SERVIDOR PÚBLICO FEDERAL";"";"";"RS"
"21/09/2026";"12:31:37";"2026";"6259";"Eleições Gerais Estaduais 2026";"RS";"7";"DEPUTADO ESTADUAL";"210002534014";"13013";"BRUNNO MATTOS DA SILVA";"BRUNNO MATTOS";"PT";"PARTIDO DOS TRABALHADORES";"13";"101";"FEDERAÇÃO BRASIL DA ESPERANÇA - FE BRASIL";"13-PT/65-PC do B/43-PV";"#NE";"";"";"";"";"OUTROS";"";"";"RS"
"21/09/2026";"12:31:37";"2026";"6259";"Eleições Gerais Estaduais 2026";"RS";"7";"DEPUTADO ESTADUAL";"210002534031";"65123";"SANDRA REGINA PICOLI OSTROVSKI";"SANDRA PICOLI";"PCDOB";"PARTIDO COMUNISTA DO BRASIL";"65";"101";"FEDERAÇÃO BRASIL DA ESPERANÇA - FE BRASIL";"13-PT/65-PC do B/43-PV";"#NE";"";"";"";"";"VEREADOR";"";"";"RS"
"21/09/2026";"12:31:37";"2026";"6259";"Eleições Gerais Estaduais 2026";"RS";"7";"DEPUTADO ESTADUAL";"210002534051";"13300";"ERICKA EYSHYLLA LEON RODRIGUES DE OLIVEIRA";"ERICKA OLIVEIRA";"PT";"PARTIDO DOS TRABALHADORES";"13";"101";"FEDERAÇÃO BRASIL DA ESPERANÇA - FE BRASIL";"13-PT/65-PC do B/43-PV";"#NE";"";"";"";"";"ESTUDANTE, BOLSISTA, ESTAGIÁRIO E ASSEMELHADOS";"";"";"RS"
"21/09/2026";"12:31:37";"2026";"6259";"Eleições Gerais Estaduais 2026";"RS";"7";"DEPUTADO ESTADUAL";"210002534008";"13677";"IVONETE CARVALHO";"IVONETE CARVALHO";"PT";"PARTIDO DOS TRABALHADORES";"13";"101";"FEDERAÇÃO BRASIL DA ESPERANÇA - FE BRASIL";"13-PT/65-PC do B/43-PV";"#NE";"";"";"";"";"SERVIDOR PÚBLICO CIVIL APOSENTADO";"";"";"RS"
"21/09/2026";"12:31:37";"2026";"6259";"Eleições Gerais Estaduais 2026";"RS";"7";"DEPUTADO ESTADUAL";"210002534003";"13100";"NATASHA NARCISO FERREIRA";"NATASHA";"PT";"PARTIDO DOS TRABALHADORES";"13";"101";"FEDERAÇÃO BRASIL DA ESPERANÇA - FE BRASIL";"13-PT/65-PC do B/43-PV";"#NE";"";"";"";"";"VEREADOR";"";"";"RS"
"21/09/2026";"12:31:37";"2026";"6259";"Eleições Gerais Estaduais 2026";"RS";"7";"DEPUTADO ESTADUAL";"210002533391";"80123";"SAMARA GARCIA DE ALMEIDA";"SAMARA GARCIA";"UP";"UNIDADE POPULAR";"80";"-1";"#NULO";"#NULO";"#NE";"";"";"";"";"ESTUDANTE, BOLSISTA, ESTAGIÁRIO E ASSEMELHADOS";"";"";"RS"
"21/09/2026";"12:31:37";"2026";"6259";"Eleições Gerais Estaduais 2026";"RS";"7";"DEPUTADO ESTADUAL";"210002533933";"50010";"VILMAR FRANCISCO DA SILVA";"VILMAR O GARI";"PSOL";"PARTIDO SOCIALISMO E LIBERDADE";"50";"102";"FEDERAÇÃO PSOL REDE";"50-PSOL/18-REDE";"#NE";"";"";"";"";"GARI OU LIXEIRO";"";"";"RS"
"21/09/2026";"12:31:37";"2026";"6259";"Eleições Gerais Estaduais 2026";"RS";"7";"DEPUTADO ESTADUAL";"210002533927";"18123";"CLAUDIA ORESTES BRUM";"PROFESSORA CLAUDIA BRUM";"REDE";"REDE SUSTENTABILIDADE";"18";"102";"FEDERAÇÃO PSOL REDE";"50-PSOL/18-REDE";"#NE";"";"";"";"";"PROFESSOR DE ENSINO MÉDIO";"";"";"RS"
"21/09/2026";"12:31:37";"2026";"6259";"Eleições Gerais Estaduais 2026";"RS";"7";"DEPUTADO ESTADUAL";"210002533925";"50100";"MARJORIE MONIQUE SASSET";"MARJORIE SASSET";"PSOL";"PARTIDO SOCIALISMO E LIBERDADE";"50";"102";"FEDERAÇÃO PSOL REDE";"50-PSOL/18-REDE";"#NE";"";"";"";"";"PROFESSOR DE ENSINO MÉDIO";"";"";"RS"
"21/09/2026";"12:31:37";"2026";"6259";"Eleições Gerais Estaduais 2026";"RS";"7";"DEPUTADO ESTADUAL";"210002533936";"50000";"LUCIANA KREBS GENRO";"LUCIANA GENRO";"PSOL";"PARTIDO SOCIALISMO E LIBERDADE";"50";"102";"FEDERAÇÃO PSOL REDE";"50-PSOL/18-REDE";"#NE";"";"";"";"";"DEPUTADO";"";"";"RS"
"21/09/2026";"12:31:37";"2026";"6259";"Eleições Gerais Estaduais 2026";"RS";"7";"DEPUTADO ESTADUAL";"210002533944";"50222";"INACIO MATOS RODRIGUES";"INÁCIO RODRIGUES";"PSOL";"PARTIDO SOCIALISMO E LIBERDADE";"50";"102";"FEDERAÇÃO PSOL REDE";"50-PSOL/18-REDE";"#NE";"";"";"";"";"EMPRESÁRIO";"";"";"RS"
"21/09/2026";"12:31:37";"2026";"6259";"Eleições Gerais Estaduais 2026";"RS";"7";"DEPUTADO ESTADUAL";"210002537528";"40240";"WAGNER PETRINI";"WAGNER PETRINI";"PSB";"PARTIDO SOCIALISTA BRASILEIRO";"40";"-1";"#NULO";"#NULO";"#NE";"";"";"";"";"OUTROS";"";"";"RS"
"21/09/2026";"12:31:37";"2026";"6259";"Eleições Gerais Estaduais 2026";"RS";"7";"DEPUTADO ESTADUAL";"210002537539";"40400";"ALEQUIS LOPES PINTO";"ALEQUIS COLETIVO";"PSB";"PARTIDO SOCIALISTA BRASILEIRO";"40";"-1";"#NULO";"#NULO";"#NE";"";"";"";"";"VEREADOR";"";"";"RS"
"21/09/2026";"12:31:37";"2026";"6259";"Eleições Gerais Estaduais 2026";"RS";"7";"DEPUTADO ESTADUAL";"210002539810";"12412";"EDUARDO DEBACCO LOUREIRO";"EDUARDO LOUREIRO";"PDT";"PARTIDO DEMOCRÁTICO TRABALHISTA";"12";"-1";"#NULO";"#NULO";"#NE";"";"";"";"";"ADMINISTRADOR";"";"";"RS"
"21/09/2026";"12:31:37";"2026";"6259";"Eleições Gerais Estaduais 2026";"RS";"7";"DEPUTADO ESTADUAL";"210002539794";"12112";"JOSÉ ANTONIO FLORES MINETTI";"POLICIAL MINETTI";"PDT";"PARTIDO DEMOCRÁTICO TRABALHISTA";"12";"-1";"#NULO";"#NULO";"#NE";"";"";"";"";"SERVIDOR PÚBLICO ESTADUAL";"";"";"RS"
"21/09/2026";"12:31:37";"2026";"6259";"Eleições Gerais Estaduais 2026";"RS";"7";"DEPUTADO ESTADUAL";"210002539798";"12900";"DIEGO DAL PIVA DA LUZ";"DIEGO PICUCHA";"PDT";"PARTIDO DEMOCRÁTICO TRABALHISTA";"12";"-1";"#NULO";"#NULO";"#NE";"";"";"";"";"COMERCIANTE";"";"";"RS"
"21/09/2026";"12:31:37";"2026";"6259";"Eleições Gerais Estaduais 2026";"RS";"7";"DEPUTADO ESTADUAL";"210002539795";"12444";"DANRLEI DOS SANTOS MASSENA";"DANRLEI MASSENA";"PDT";"PARTIDO DEMOCRÁTICO TRABALHISTA";"12";"-1";"#NULO";"#NULO";"#NE";"";"";"";"";"VEREADOR";"";"";"RS"
"21/09/2026";"12:31:37";"2026";"6259";"Eleições Gerais Estaduais 2026";"RS";"7";"DEPUTADO ESTADUAL";"210002539814";"12132";"GABRIELA ORTIZ ABENEL";"GABRIELA ORTIZ";"PDT";"PARTIDO DEMOCRÁTICO TRABALHISTA";"12";"-1";"#NULO";"#NULO";"#NE";"";"";"";"";"OUTROS";"";"";"RS"
"21/09/2026";"12:31:37";"2026";"6259";"Eleições Gerais Estaduais 2026";"RS";"7";"DEPUTADO ESTADUAL";"210002539802";"12035";"MARCIA CRISTINA BORGES DA SILVA";"MÁRCIA BORGES";"PDT";"PARTIDO DEMOCRÁTICO TRABALHISTA";"12";"-1";"#NULO";"#NULO";"#NE";"";"";"";"";"POLICIAL MILITAR";"";"";"RS"
"21/09/2026";"12:31:37";"2026";"6259";"Eleições Gerais Estaduais 2026";"RS";"7";"DEPUTADO ESTADUAL";"210002539822";"12812";"PAULO ROBERTO SILVA";"PAULINHO DA BONJA";"PDT";"PARTIDO DEMOCRÁTICO TRABALHISTA";"12";"-1";"#NULO";"#NULO";"#NE";"";"";"";"";"OUTROS";"";"";"RS"
"21/09/2026";"12:31:37";"2026";"6259";"Eleições Gerais Estaduais 2026";"RS";"7";"DEPUTADO ESTADUAL";"210002534041";"13999";"NELSON SPOLAOR";"NELSON SPOLAOR";"PT";"PARTIDO DOS TRABALHADORES";"13";"101";"FEDERAÇÃO BRASIL DA ESPERANÇA - FE BRASIL";"13-PT/65-PC do B/43-PV";"#NE";"";"";"";"";"ADVOGADO";"";"";"RS"
"21/09/2026";"12:31:37";"2026";"6259";"Eleições Gerais Estaduais 2026";"RS";"7";"DEPUTADO ESTADUAL";"210002534029";"65656";"GIOVANI CULAU OLIVEIRA";"GIOVANI CULAU";"PCDOB";"PARTIDO COMUNISTA DO BRASIL";"65";"101";"FEDERAÇÃO BRASIL DA ESPERANÇA - FE BRASIL";"13-PT/65-PC do B/43-PV";"#NE";"";"";"";"";"VEREADOR";"";"";"RS"
"21/09/2026";"12:31:37";"2026";"6259";"Eleições Gerais Estaduais 2026";"RS";"7";"DEPUTADO ESTADUAL";"210002534048";"43192";"WALMOCIR SILVA REIS";"SOCORRISTA";"PV";"PARTIDO VERDE";"43";"101";"FEDERAÇÃO BRASIL DA ESPERANÇA - FE BRASIL";"13-PT/65-PC do B/43-PV";"#NE";"";"";"";"";"ENFERMEIRO";"";"";"RS"
"21/09/2026";"12:31:37";"2026";"6259";"Eleições Gerais Estaduais 2026";"RS";"7";"DEPUTADO ESTADUAL";"210002534030";"65065";"HUMBERTO MATOS DE OLIVEIRA";"HUMBERTO MATOS";"PCDOB";"PARTIDO COMUNISTA DO BRASIL";"65";"101";"FEDERAÇÃO BRASIL DA ESPERANÇA - FE BRASIL";"13-PT/65-PC do B/43-PV";"#NE";"";"";"";"";"PROFESSOR DE ENSINO FUNDAMENTAL";"";"";"RS"
"21/09/2026";"12:31:37";"2026";"6259";"Eleições Gerais Estaduais 2026";"RS";"7";"DEPUTADO ESTADUAL";"210002534012";"13000";"MIGUEL SOLDATELLI ROSSETTO";"MIGUEL ROSSETTO";"PT";"PARTIDO DOS TRABALHADORES";"13";"101";"FEDERAÇÃO BRASIL DA ESPERANÇA - FE BRASIL";"13-PT/65-PC do B/43-PV";"#NE";"";"";"";"";"DEPUTADO";"";"";"RS"
"21/09/2026";"12:31:37";"2026";"6259";"Eleições Gerais Estaduais 2026";"RS";"7";"DEPUTADO ESTADUAL";"210002534039";"13113";"STELA BEATRIZ FARIAS LOPES";"STELA FARIAS";"PT";"PARTIDO DOS TRABALHADORES";"13";"101";"FEDERAÇÃO BRASIL DA ESPERANÇA - FE BRASIL";"13-PT/65-PC do B/43-PV";"#NE";"";"";"";"";"DEPUTADO";"";"";"RS"
"21/09/2026";"12:31:37";"2026";"6259";"Eleições Gerais Estaduais 2026";"RS";"7";"DEPUTADO ESTADUAL";"210002534018";"13131";"CLEONICE FABIANE BACK";"CLEONICE BACK";"PT";"PARTIDO DOS TRABALHADORES";"13";"101";"FEDERAÇÃO BRASIL DA ESPERANÇA - FE BRASIL";"13-PT/65-PC do B/43-PV";"#NE";"";"";"";"";"AGRICULTOR";"";"";"RS"
"21/09/2026";"12:31:37";"2026";"6259";"Eleições Gerais Estaduais 2026";"RS";"7";"DEPUTADO ESTADUAL";"210002534015";"13690";"NELSON JOSE GRASSELLI";"GRASSELLI";"PT";"PARTIDO DOS TRABALHADORES";"13";"101";"FEDERAÇÃO BRASIL DA ESPERANÇA - FE BRASIL";"13-PT/65-PC do B/43-PV";"#NE";"";"";"";"";"APOSENTADO (EXCETO SERVIDOR PÚBLICO)";"";"";"RS"
"21/09/2026";"12:31:37";"2026";"6259";"Eleições Gerais Estaduais 2026";"RS";"7";"DEPUTADO ESTADUAL";"210002534047";"13456";"MARINA BERNARDES";"MARINA BERNARDES";"PT";"PARTIDO DOS TRABALHADORES";"13";"101";"FEDERAÇÃO BRASIL DA ESPERANÇA - FE BRASIL";"13-PT/65-PC do B/43-PV";"#NE";"";"";"";"";"VEREADOR";"";"";"RS"
"21/09/2026";"12:31:37";"2026";"6259";"Eleições Gerais Estaduais 2026";"RS";"7";"DEPUTADO ESTADUAL";"210002533390";"80000";"EVERALDO SANTOS DE OLIVEIRA JUNIOR";"EVERALDO OLIVEIRA";"UP";"UNIDADE POPULAR";"80";"-1";"#NULO";"#NULO";"#NE";"";"";"";"";"COMUNICÓLOGO";"";"";"RS"
"21/09/2026";"12:31:37";"2026";"6259";"Eleições Gerais Estaduais 2026";"RS";"7";"DEPUTADO ESTADUAL";"210002533924";"50150";"GUILHERME STURMER LOVATTO";"PROFESSOR GUILHERME";"PSOL";"PARTIDO SOCIALISMO E LIBERDADE";"50";"102";"FEDERAÇÃO PSOL REDE";"50-PSOL/18-REDE";"#NE";"";"";"";"";"PROFESSOR DE ENSINO SUPERIOR";"";"";"RS"
"21/09/2026";"12:31:37";"2026";"6259";"Eleições Gerais Estaduais 2026";"RS";"7";"DEPUTADO ESTADUAL";"210002533939";"50007";"DJALMA DUTRA NETO";"DJALMA DUTRA";"PSOL";"PARTIDO SOCIALISMO E LIBERDADE";"50";"102";"FEDERAÇÃO PSOL REDE";"50-PSOL/18-REDE";"#NE";"";"";"";"";"MECÂNICO DE MANUTENÇÃO";"";"";"RS"
"21/09/2026";"12:31:37";"2026";"6259";"Eleições Gerais Estaduais 2026";"RS";"7";"DEPUTADO ESTADUAL";"210002533928";"50333";"JULIANA SELLE VINSKOSKI";"SORA JU";"PSOL";"PARTIDO SOCIALISMO E LIBERDADE";"50";"102";"FEDERAÇÃO PSOL REDE";"50-PSOL/18-REDE";"#NE";"";"";"";"";"PROFESSOR DE ENSINO MÉDIO";"";"";"RS"
"21/09/2026";"12:31:37";"2026";"6259";"Eleições Gerais Estaduais 2026";"RS";"7";"DEPUTADO ESTADUAL";"210002537542";"40707";"LEANDRO DOS SANTOS";"LEANDRO LIBAN";"PSB";"PARTIDO SOCIALISTA BRASILEIRO";"40";"-1";"#NULO";"#NULO";"#NE";"";"";"";"";"OUTROS";"";"";"RS"
"21/09/2026";"12:31:37";"2026";"6259";"Eleições Gerais Estaduais 2026";"RS";"7";"DEPUTADO ESTADUAL";"210002537536";"40042";"RENAN DA SILVA";"RENAN DA SILVA";"PSB";"PARTIDO SOCIALISTA BRASILEIRO";"40";"-1";"#NULO";"#NULO";"#NE";"";"";"";"";"COMERCIANTE";"";"";"RS"
"21/09/2026";"12:31:37";"2026";"6259";"Eleições Gerais Estaduais 2026";"RS";"7";"DEPUTADO ESTADUAL";"210002537530";"40140";"ANDRE CASSIO DA SILVA OLIVEIRA";"ANDRÉ OLIVEIRA";"PSB";"PARTIDO SOCIALISTA BRASILEIRO";"40";"-1";"#NULO";"#NULO";"#NE";"";"";"";"";"EMPRESÁRIO";"";"";"RS"
"21/09/2026";"12:31:37";"2026";"6259";"Eleições Gerais Estaduais 2026";"RS";"7";"DEPUTADO ESTADUAL";"210002537526";"40800";"ANDRESSA CRISTIANE PEREIRA JOCHEM";"ANDRESSA MAIS PARTICIPAÇÃO";"PSB";"PARTIDO SOCIALISTA BRASILEIRO";"40";"-1";"#NULO";"#NULO";"#NE";"";"";"";"";"ESTUDANTE, BOLSISTA, ESTAGIÁRIO E ASSEMELHADOS";"";"";"RJ"
"21/09/2026";"12:31:37";"2026";"6259";"Eleições Gerais Estaduais 2026";"RS";"7";"DEPUTADO ESTADUAL";"210002537540";"40050";"MARISA DA SILVA SANTOS";"MARISA SILVA";"PSB";"PARTIDO SOCIALISTA BRASILEIRO";"40";"-1";"#NULO";"#NULO";"#NE";"";"";"";"";"EMPRESÁRIO";"";"";"RS"
"21/09/2026";"12:31:37";"2026";"6259";"Eleições Gerais Estaduais 2026";"RS";"7";"DEPUTADO ESTADUAL";"210002539785";"12666";"EVANIA MARIA SILVEIRA NUNES DE LIMA";"EVÂNIA NUNES";"PDT";"PARTIDO DEMOCRÁTICO TRABALHISTA";"12";"-1";"#NULO";"#NULO";"#NE";"";"";"";"";"VEREADOR";"";"";"RS"
"21/09/2026";"12:31:37";"2026";"6259";"Eleições Gerais Estaduais 2026";"RS";"7";"DEPUTADO ESTADUAL";"210002539819";"12400";"LUIZ FERNANDO CUOZZO LEMOS";"PROF. LUIZ FERNANDO";"PDT";"PARTIDO DEMOCRÁTICO TRABALHISTA";"12";"-1";"#NULO";"#NULO";"#NE";"";"";"";"";"PROFESSOR DE ENSINO SUPERIOR";"";"";"RS"
"21/09/2026";"12:31:37";"2026";"6259";"Eleições Gerais Estaduais 2026";"RS";"7";"DEPUTADO ESTADUAL";"210002539806";"12222";"LUCIANO LIBORIO BAPTISTA ORSI";"LUCIANO ORSI";"PDT";"PARTIDO DEMOCRÁTICO TRABALHISTA";"12";"-1";"#NULO";"#NULO";"#NE";"";"";"";"";"ADVOGADO";"";"";"RS"
"21/09/2026";"12:31:37";"2026";"6259";"Eleições Gerais Estaduais 2026";"RS";"7";"DEPUTADO ESTADUAL";"210002539816";"12001";"CARLOS ALEXANDRE GONCALVES";"ALEXANDRE GONÇALVES";"PDT";"PARTIDO DEMOCRÁTICO TRABALHISTA";"12";"-1";"#NULO";"#NULO";"#NE";"";"";"";"";"VEREADOR";"";"";"RS"
"21/09/2026";"12:31:37";"2026";"6259";"Eleições Gerais Estaduais 2026";"RS";"7";"DEPUTADO ESTADUAL";"210002539817";"12123";"REGINA COSTA DOS SANTOS";"PROFESSORA REGINA";"PDT";"PARTIDO DEMOCRÁTICO TRABALHISTA";"12";"-1";"#NULO";"#NULO";"#NE";"";"";"";"";"PROFESSOR DE ENSINO FUNDAMENTAL";"";"";"RS"
"21/09/2026";"12:31:37";"2026";"6259";"Eleições Gerais Estaduais 2026";"RS";"7";"DEPUTADO ESTADUAL";"210002539823";"12712";"SARA MARROCOS BEZERRA GALL";"SARA GALL";"PDT";"PARTIDO DEMOCRÁTICO TRABALHISTA";"12";"-1";"#NULO";"#NULO";"#NE";"";"";"";"";"OUTROS";"";"";"CE"
"21/09/2026";"12:31:37";"2026";"6259";"Eleições Gerais Estaduais 2026";"RS";"7";"DEPUTADO ESTADUAL";"210002539811";"12190";"GIULIANO TAMAGNO";"GIULIANO TAMAGNO";"PDT";"PARTIDO DEMOCRÁTICO TRABALHISTA";"12";"-1";"#NULO";"#NULO";"#NE";"";"";"";"";"ADVOGADO";"";"";"RS"
"21/09/2026";"12:31:37";"2026";"6259";"Eleições Gerais Estaduais 2026";"RS";"7";"DEPUTADO ESTADUAL";"210002539782";"12470";"ANDRÉ LUÍS FREITAS DUARTE";"ANDRÉ DUARTE";"PDT";"PARTIDO DEMOCRÁTICO TRABALHISTA";"12";"-1";"#NULO";"#NULO";"#NE";"";"";"";"";"SERVIDOR PÚBLICO MUNICIPAL";"";"";"RS"
"21/09/2026";"12:31:37";"2026";"6259";"Eleições Gerais Estaduais 2026";"RS";"7";"DEPUTADO ESTADUAL";"210002539783";"12500";"LUIZ JACOMINI RIGHI FILHO";"LUIZ JACOMINI";"PDT";"PARTIDO DEMOCRÁTICO TRABALHISTA";"12";"-1";"#NULO";"#NULO";"#NE";"";"";"";"";"SERVIDOR PÚBLICO ESTADUAL";"";"";"RS"
"21/09/2026";"12:31:37";"2026";"6259";"Eleições Gerais Estaduais 2026";"RS";"7";"DEPUTADO ESTADUAL";"210002539820";"12777";"ANDREIA LETICIA MARGAREZI";"ANDREIA MARGAREZI";"PDT";"PARTIDO DEMOCRÁTICO TRABALHISTA";"12";"-1";"#NULO";"#NULO";"#NE";"";"";"";"";"ASSISTENTE SOCIAL";"";"";"RS"
"21/09/2026";"12:31:37";"2026";"6259";"Eleições Gerais Estaduais 2026";"RS";"7";"DEPUTADO ESTADUAL";"210002534023";"13015";"MARINA MARIA DE AVILA CALLEGARO";"MARINA CALLEGARO";"PT";"PARTIDO DOS TRABALHADORES";"13";"101";"FEDERAÇÃO BRASIL DA ESPERANÇA - FE BRASIL";"13-PT/65-PC do B/43-PV";"#NE";"";"";"";"";"ADVOGADO";"";"";"RS"
"21/09/2026";"12:31:37";"2026";"6259";"Eleições Gerais Estaduais 2026";"RS";"7";"DEPUTADO ESTADUAL";"210002534049";"13012";"CLAUDIO MARCOS PERES TORALLES";"CLAUDIO TORALLES";"PT";"PARTIDO DOS TRABALHADORES";"13";"101";"FEDERAÇÃO BRASIL DA ESPERANÇA - FE BRASIL";"13-PT/65-PC do B/43-PV";"#NE";"";"";"";"";"OUTROS";"";"";"RS"
"21/09/2026";"12:31:37";"2026";"6259";"Eleições Gerais Estaduais 2026";"RS";"7";"DEPUTADO ESTADUAL";"210002534036";"13655";"ADÃO PRETTO FILHO";"ADÃO PRETTO";"PT";"PARTIDO DOS TRABALHADORES";"13";"101";"FEDERAÇÃO BRASIL DA ESPERANÇA - FE BRASIL";"13-PT/65-PC do B/43-PV";"#NE";"";"";"";"";"DEPUTADO";"";"";"RS"
"21/09/2026";"12:31:37";"2026";"6259";"Eleições Gerais Estaduais 2026";"RS";"7";"DEPUTADO ESTADUAL";"210002534037";"13613";"SIDINEI CARDOSO PEREIRA";"SIDI CARDOSO";"PT";"PARTIDO DOS TRABALHADORES";"13";"101";"FEDERAÇÃO BRASIL DA ESPERANÇA - FE BRASIL";"13-PT/65-PC do B/43-PV";"#NE";"";"";"";"";"VEREADOR";"";"";"RS"
"21/09/2026";"12:31:37";"2026";"6259";"Eleições Gerais Estaduais 2026";"RS";"7";"DEPUTADO ESTADUAL";"210002534024";"43999";"LUCIANE SOUZA D  AVILA";"LUCIANE D AVILA";"PV";"PARTIDO VERDE";"43";"101";"FEDERAÇÃO BRASIL DA ESPERANÇA - FE BRASIL";"13-PT/65-PC do B/43-PV";"#NE";"";"";"";"";"DONA DE CASA";"";"";"RS"
"21/09/2026";"12:31:37";"2026";"6259";"Eleições Gerais Estaduais 2026";"RS";"7";"DEPUTADO ESTADUAL";"210002534005";"13678";"JOACIR PICOLOTTO";"PICOLOTTO";"PT";"PARTIDO DOS TRABALHADORES";"13";"101";"FEDERAÇÃO BRASIL DA ESPERANÇA - FE BRASIL";"13-PT/65-PC do B/43-PV";"#NE";"";"";"";"";"APOSENTADO (EXCETO SERVIDOR PÚBLICO)";"";"";"RS"
"21/09/2026";"12:31:37";"2026";"6259";"Eleições Gerais Estaduais 2026";"RS";"7";"DEPUTADO ESTADUAL";"210002534013";"13010";"ALEXANDRE BUBLITZ";"ALEXANDRE BUBLITZ";"PT";"PARTIDO DOS TRABALHADORES";"13";"101";"FEDERAÇÃO BRASIL DA ESPERANÇA - FE BRASIL";"13-PT/65-PC do B/43-PV";"#NE";"";"";"";"";"MÉDICO";"";"";"RS"
"21/09/2026";"12:31:37";"2026";"6259";"Eleições Gerais Estaduais 2026";"RS";"7";"DEPUTADO ESTADUAL";"210002534040";"13813";"ANA INES AFFONSO";"ANA AFFONSO";"PT";"PARTIDO DOS TRABALHADORES";"13";"101";"FEDERAÇÃO BRASIL DA ESPERANÇA - FE BRASIL";"13-PT/65-PC do B/43-PV";"#NE";"";"";"";"";"PROFESSOR DE ENSINO FUNDAMENTAL";"";"";"RS"
"21/09/2026";"12:31:37";"2026";"6259";"Eleições Gerais Estaduais 2026";"RS";"7";"DEPUTADO ESTADUAL";"210002533942";"50023";"ABRÃO FERNANDES GODOIS";"ABRÃO GODOIS";"PSOL";"PARTIDO SOCIALISMO E LIBERDADE";"50";"102";"FEDERAÇÃO PSOL REDE";"50-PSOL/18-REDE";"#NE";"";"";"";"";"APOSENTADO (EXCETO SERVIDOR PÚBLICO)";"";"";"RS"
"21/09/2026";"12:31:37";"2026";"6259";"Eleições Gerais Estaduais 2026";"RS";"7";"DEPUTADO ESTADUAL";"210002533932";"18000";"ROGERIO CHIMANSKI DA FONTOURA";"ROGÉRIO CHIMANSKI";"REDE";"REDE SUSTENTABILIDADE";"18";"102";"FEDERAÇÃO PSOL REDE";"50-PSOL/18-REDE";"#NE";"";"";"";"";"SERVIDOR PÚBLICO ESTADUAL";"";"";"RS"
"21/09/2026";"12:31:37";"2026";"6259";"Eleições Gerais Estaduais 2026";"RS";"7";"DEPUTADO ESTADUAL";"210002533940";"50777";"ALICE CARVALHO DA SILVA DOS SANTOS";"ALICE CARVALHO";"PSOL";"PARTIDO SOCIALISMO E LIBERDADE";"50";"102";"FEDERAÇÃO PSOL REDE";"50-PSOL/18-REDE";"#NE";"";"";"";"";"VEREADOR";"";"";"RS"
"21/09/2026";"12:31:37";"2026";"6259";"Eleições Gerais Estaduais 2026";"RS";"7";"DEPUTADO ESTADUAL";"210002537547";"40777";"JANINE BORGES SOARES";"JANINE SOARES";"PSB";"PARTIDO SOCIALISTA BRASILEIRO";"40";"-1";"#NULO";"#NULO";"#NE";"";"";"";"";"MEMBRO DO MINISTÉRIO PÚBLICO";"";"";"RS"
"21/09/2026";"12:31:37";"2026";"6259";"Eleições Gerais Estaduais 2026";"RS";"7";"DEPUTADO ESTADUAL";"210002539821";"12912";"CÁTINA MONTEIRO FRESCURA";"CÁTINA MONTEIRO";"PDT";"PARTIDO DEMOCRÁTICO TRABALHISTA";"12";"-1";"#NULO";"#NULO";"#NE";"";"";"";"";"VEREADOR";"";"";"RS"
"21/09/2026";"12:31:37";"2026";"6259";"Eleições Gerais Estaduais 2026";"RS";"7";"DEPUTADO ESTADUAL";"210002539801";"12121";"BRUNO BERTÉ";"BRUNO BERTÉ";"PDT";"PARTIDO DEMOCRÁTICO TRABALHISTA";"12";"-1";"#NULO";"#NULO";"#NE";"";"";"";"";"ADVOGADO";"";"";"RS"
"21/09/2026";"12:31:37";"2026";"6259";"Eleições Gerais Estaduais 2026";"RS";"7";"DEPUTADO ESTADUAL";"210002539809";"12312";"GERSON BURMANN";"GERSON BURMANN";"PDT";"PARTIDO DEMOCRÁTICO TRABALHISTA";"12";"-1";"#NULO";"#NULO";"#NE";"";"";"";"";"DEPUTADO";"";"";"RS"
"21/09/2026";"12:31:37";"2026";"6259";"Eleições Gerais Estaduais 2026";"RS";"7";"DEPUTADO ESTADUAL";"210002539779";"12345";"TIAGO DE MENEZES VIEIRA";"TIAGO MENEZES";"PDT";"PARTIDO DEMOCRÁTICO TRABALHISTA";"12";"-1";"#NULO";"#NULO";"#NE";"";"";"";"";"VEREADOR";"";"";"RS"
"21/09/2026";"12:31:37";"2026";"6259";"Eleições Gerais Estaduais 2026";"RS";"7";"DEPUTADO ESTADUAL";"210002539797";"12789";"CARLOS ALBERTO MUCHALE";"CARLOS MUCHALE";"PDT";"PARTIDO DEMOCRÁTICO TRABALHISTA";"12";"-1";"#NULO";"#NULO";"#NE";"";"";"";"";"APOSENTADO (EXCETO SERVIDOR PÚBLICO)";"";"";"PR"
"21/09/2026";"12:31:37";"2026";"6259";"Eleições Gerais Estaduais 2026";"RS";"7";"DEPUTADO ESTADUAL";"210002539799";"12512";"CARLOS AUGUSTO DA SILVA LOPES";"GUTO LOPES";"PDT";"PARTIDO DEMOCRÁTICO TRABALHISTA";"12";"-1";"#NULO";"#NULO";"#NE";"";"";"";"";"JORNALISTA E REDATOR";"";"";"RS"
"21/09/2026";"12:31:37";"2026";"6259";"Eleições Gerais Estaduais 2026";"RS";"7";"DEPUTADO ESTADUAL";"210002539804";"12050";"THIAGO ENGELMAN DE LEON MADEIRA";"THIAGO DE LEON";"PDT";"PARTIDO DEMOCRÁTICO TRABALHISTA";"12";"-1";"#NULO";"#NULO";"#NE";"";"";"";"";"PROFESSOR DE ENSINO SUPERIOR";"";"";"RS"
"21/09/2026";"12:31:37";"2026";"6259";"Eleições Gerais Estaduais 2026";"RS";"7";"DEPUTADO ESTADUAL";"210002539777";"12122";"THIAGO PEREIRA DUARTE";"DR. THIAGO";"PDT";"PARTIDO DEMOCRÁTICO TRABALHISTA";"12";"-1";"#NULO";"#NULO";"#NE";"";"";"";"";"DEPUTADO";"";"";"RS"
"21/09/2026";"12:31:37";"2026";"6259";"Eleições Gerais Estaduais 2026";"RS";"7";"DEPUTADO ESTADUAL";"210002539796";"12420";"VITOR LUIZ DA COSTA";"REPÓRTER PASSARINHO";"PDT";"PARTIDO DEMOCRÁTICO TRABALHISTA";"12";"-1";"#NULO";"#NULO";"#NE";"";"";"";"";"JORNALISTA E REDATOR";"";"";"PR"
"21/09/2026";"12:31:37";"2026";"6259";"Eleições Gerais Estaduais 2026";"RS";"7";"DEPUTADO ESTADUAL";"210002539784";"12056";"RUI ANTONIO GARCIA JORDÃO";"RUI JORDÃO";"PDT";"PARTIDO DEMOCRÁTICO TRABALHISTA";"12";"-1";"#NULO";"#NULO";"#NE";"";"";"";"";"APOSENTADO (EXCETO SERVIDOR PÚBLICO)";"";"";"RS"
"21/09/2026";"12:31:37";"2026";"6259";"Eleições Gerais Estaduais 2026";"RS";"7";"DEPUTADO ESTADUAL";"210002534010";"13313";"DANIEL FERREIRA LIMA";"DANIEL FERREIRA";"PT";"PARTIDO DOS TRABALHADORES";"13";"101";"FEDERAÇÃO BRASIL DA ESPERANÇA - FE BRASIL";"13-PT/65-PC do B/43-PV";"#NE";"";"";"";"";"ADVOGADO";"";"";"RS"
"21/09/2026";"12:31:37";"2026";"6259";"Eleições Gerais Estaduais 2026";"RS";"7";"DEPUTADO ESTADUAL";"210002534052";"43420";"PEDRO CAMPOS DELGADO";"PEDRO CAMPOS";"PV";"PARTIDO VERDE";"43";"101";"FEDERAÇÃO BRASIL DA ESPERANÇA - FE BRASIL";"13-PT/65-PC do B/43-PV";"#NE";"";"";"";"";"OUTROS";"";"";"SP"
"21/09/2026";"12:31:37";"2026";"6259";"Eleições Gerais Estaduais 2026";"RS";"7";"DEPUTADO ESTADUAL";"210002534009";"13730";"HELEN MARTINS CABRAL";"HELEN CABRAL";"PT";"PARTIDO DOS TRABALHADORES";"13";"101";"FEDERAÇÃO BRASIL DA ESPERANÇA - FE BRASIL";"13-PT/65-PC do B/43-PV";"#NE";"";"";"";"";"PROFESSOR DE ENSINO MÉDIO";"";"";"RS"
"21/09/2026";"12:31:37";"2026";"6259";"Eleições Gerais Estaduais 2026";"RS";"7";"DEPUTADO ESTADUAL";"210002534011";"13789";"MÔNICA JULIANA FACIO";"MÔNICA";"PT";"PARTIDO DOS TRABALHADORES";"13";"101";"FEDERAÇÃO BRASIL DA ESPERANÇA - FE BRASIL";"13-PT/65-PC do B/43-PV";"#NE";"";"";"";"";"PROFESSOR DE ENSINO FUNDAMENTAL";"";"";"RS"
"21/09/2026";"12:31:37";"2026";"6259";"Eleições Gerais Estaduais 2026";"RS";"7";"DEPUTADO ESTADUAL";"210002533926";"50200";"GABRIELLA CARVALHO DA ROSA";"GABI ROSA";"PSOL";"PARTIDO SOCIALISMO E LIBERDADE";"50";"102";"FEDERAÇÃO PSOL REDE";"50-PSOL/18-REDE";"#NE";"";"";"";"";"OUTROS";"";"";"RS"
"21/09/2026";"12:31:37";"2026";"6259";"Eleições Gerais Estaduais 2026";"RS";"7";"DEPUTADO ESTADUAL";"210002533943";"50050";"MATHEUS EDEMAR PEREIRA VICENTE";"MATHEUS VICENTE";"PSOL";"PARTIDO SOCIALISMO E LIBERDADE";"50";"102";"FEDERAÇÃO PSOL REDE";"50-PSOL/18-REDE";"#NE";"";"";"";"";"SERVIDOR PÚBLICO MUNICIPAL";"";"";"RS"
"21/09/2026";"12:31:37";"2026";"6259";"Eleições Gerais Estaduais 2026";"RS";"7";"DEPUTADO ESTADUAL";"210002533941";"50111";"FABIANO BENITES";"FABIANO BENITES";"PSOL";"PARTIDO SOCIALISMO E LIBERDADE";"50";"102";"FEDERAÇÃO PSOL REDE";"50-PSOL/18-REDE";"#NE";"";"";"";"";"ADVOGADO";"";"";"RS"
"21/09/2026";"12:31:37";"2026";"6259";"Eleições Gerais Estaduais 2026";"RS";"7";"DEPUTADO ESTADUAL";"210002537545";"40000";"JOÃO PEDRO ROVERÉ GRILL";"JOÃO PEDRO GRILL";"PSB";"PARTIDO SOCIALISTA BRASILEIRO";"40";"-1";"#NULO";"#NULO";"#NE";"";"";"";"";"COMERCIANTE";"";"";"RS"
"21/09/2026";"12:31:37";"2026";"6259";"Eleições Gerais Estaduais 2026";"RS";"7";"DEPUTADO ESTADUAL";"210002537544";"40466";"JONATAS RIBEIRO FAGUNDES";"AMARAL NEGRITO";"PSB";"PARTIDO SOCIALISTA BRASILEIRO";"40";"-1";"#NULO";"#NULO";"#NE";"";"";"";"";"COMERCIANTE";"";"";"RS"
"21/09/2026";"12:31:37";"2026";"6259";"Eleições Gerais Estaduais 2026";"RS";"7";"DEPUTADO ESTADUAL";"210002537541";"40199";"JANE LONGARAY BITENCOURT";"JANE LONGARAY BITENCOURT";"PSB";"PARTIDO SOCIALISTA BRASILEIRO";"40";"-1";"#NULO";"#NULO";"#NE";"";"";"";"";"APOSENTADO (EXCETO SERVIDOR PÚBLICO)";"";"";"RS"
"21/09/2026";"12:31:37";"2026";"6259";"Eleições Gerais Estaduais 2026";"RS";"7";"DEPUTADO ESTADUAL";"210002537548";"40111";"VALDECIR JOSÉ ZONIN";"CHIQUINHO ZONIN";"PSB";"PARTIDO SOCIALISTA BRASILEIRO";"40";"-1";"#NULO";"#NULO";"#NE";"";"";"";"";"PROFESSOR DE ENSINO SUPERIOR";"";"";"RS"
"21/09/2026";"12:31:37";"2026";"6259";"Eleições Gerais Estaduais 2026";"RS";"7";"DEPUTADO ESTADUAL";"210002537535";"40540";"VANDA LENARA SOUZA MACHADO";"LENARA MACHADO";"PSB";"PARTIDO SOCIALISTA BRASILEIRO";"40";"-1";"#NULO";"#NULO";"#NE";"";"";"";"";"OUTROS";"";"";"RS"
"21/09/2026";"12:31:37";"2026";"6259";"Eleições Gerais Estaduais 2026";"RS";"7";"DEPUTADO ESTADUAL";"210002537532";"40555";"ADILSON KUHN";"PROFESSOR ADILSON KUHN";"PSB";"PARTIDO SOCIALISTA BRASILEIRO";"40";"-1";"#NULO";"#NULO";"#NE";"";"";"";"";"PROFESSOR DE ENSINO MÉDIO";"";"";"RS"
"21/09/2026";"12:31:37";"2026";"6259";"Eleições Gerais Estaduais 2026";"RS";"7";"DEPUTADO ESTADUAL";"210002539805";"12000";"TIAGO CADO FERNANDES";"TIAGO CADÓ";"PDT";"PARTIDO DEMOCRÁTICO TRABALHISTA";"12";"-1";"#NULO";"#NULO";"#NE";"";"";"";"";"PROFESSOR DE ENSINO MÉDIO";"";"";"RS"
"21/09/2026";"12:31:37";"2026";"6259";"Eleições Gerais Estaduais 2026";"RS";"7";"DEPUTADO ESTADUAL";"210002539791";"12015";"CLEOMAR SANTOS OLIVEIRA";"MARA SANTOS";"PDT";"PARTIDO DEMOCRÁTICO TRABALHISTA";"12";"-1";"#NULO";"#NULO";"#NE";"";"";"";"";"AUXILIAR DE ESCRITÓRIO E ASSEMELHADOS";"";"";"RS"
"21/09/2026";"12:31:37";"2026";"6259";"Eleições Gerais Estaduais 2026";"RS";"7";"DEPUTADO ESTADUAL";"210002534028";"13888";"PAULO VANDERLEI FAGUAGA SIQUEIRA";"PAULO ORELHA";"PT";"PARTIDO DOS TRABALHADORES";"13";"101";"FEDERAÇÃO BRASIL DA ESPERANÇA - FE BRASIL";"13-PT/65-PC do B/43-PV";"#NE";"";"";"";"";"VEREADOR";"";"";"RS"
"21/09/2026";"12:31:37";"2026";"6259";"Eleições Gerais Estaduais 2026";"RS";"7";"DEPUTADO ESTADUAL";"210002534020";"13111";"HALLEY LINO DE SOUZA";"HALLEY";"PT";"PARTIDO DOS TRABALHADORES";"13";"101";"FEDERAÇÃO BRASIL DA ESPERANÇA - FE BRASIL";"13-PT/65-PC do B/43-PV";"#NE";"";"";"";"";"DEPUTADO";"";"";"RS"
"21/09/2026";"12:31:37";"2026";"6259";"Eleições Gerais Estaduais 2026";"RS";"7";"DEPUTADO ESTADUAL";"210002534032";"13130";"GILBERTO CORAZZA";"PROFESSOR CORAZZA";"PT";"PARTIDO DOS TRABALHADORES";"13";"101";"FEDERAÇÃO BRASIL DA ESPERANÇA - FE BRASIL";"13-PT/65-PC do B/43-PV";"#NE";"";"";"";"";"PROFESSOR DE ENSINO MÉDIO";"";"";"RS"
"21/09/2026";"12:31:37";"2026";"6259";"Eleições Gerais Estaduais 2026";"RS";"7";"DEPUTADO ESTADUAL";"210002534007";"13700";"EMANUEL HASSEN DE JESUS";"MANECO HASSEN";"PT";"PARTIDO DOS TRABALHADORES";"13";"101";"FEDERAÇÃO BRASIL DA ESPERANÇA - FE BRASIL";"13-PT/65-PC do B/43-PV";"#NE";"";"";"";"";"ADVOGADO";"";"";"RS"
"21/09/2026";"12:31:37";"2026";"6259";"Eleições Gerais Estaduais 2026";"RS";"7";"DEPUTADO ESTADUAL";"210002534046";"13333";"LEONARDO DA COSTA SILVA";"LÉO DA COSTA";"PT";"PARTIDO DOS TRABALHADORES";"13";"101";"FEDERAÇÃO BRASIL DA ESPERANÇA - FE BRASIL";"13-PT/65-PC do B/43-PV";"#NE";"";"";"";"";"VEREADOR";"";"";"RS"
"21/09/2026";"12:31:37";"2026";"6259";"Eleições Gerais Estaduais 2026";"RS";"7";"DEPUTADO ESTADUAL";"210002534050";"13120";"JEFERSON OLIVEIRA FERNANDES";"JEFERSON FERNANDES";"PT";"PARTIDO DOS TRABALHADORES";"13";"101";"FEDERAÇÃO BRASIL DA ESPERANÇA - FE BRASIL";"13-PT/65-PC do B/43-PV";"#NE";"";"";"";"";"DEPUTADO";"";"";"RS"
"21/09/2026";"12:31:37";"2026";"6259";"Eleições Gerais Estaduais 2026";"RS";"7";"DEPUTADO ESTADUAL";"210002533935";"50570";"FABIANE GOMES";"FABY GOMES";"PSOL";"PARTIDO SOCIALISMO E LIBERDADE";"50";"102";"FEDERAÇÃO PSOL REDE";"50-PSOL/18-REDE";"#NE";"";"";"";"";"COMERCIANTE";"";"";"RS"
"21/09/2026";"12:31:37";"2026";"6259";"Eleições Gerais Estaduais 2026";"RS";"7";"DEPUTADO ESTADUAL";"210002533931";"50555";"KAREN MORAIS DOS SANTOS";"KAREN SANTOS";"PSOL";"PARTIDO SOCIALISMO E LIBERDADE";"50";"102";"FEDERAÇÃO PSOL REDE";"50-PSOL/18-REDE";"#NE";"";"";"";"";"VEREADOR";"";"";"RS"
"21/09/2026";"12:31:37";"2026";"6259";"Eleições Gerais Estaduais 2026";"RS";"7";"DEPUTADO ESTADUAL";"210002537546";"40770";"RAQUEL ALVES DOS SANTOS";"RAQUEL ALVES";"PSB";"PARTIDO SOCIALISTA BRASILEIRO";"40";"-1";"#NULO";"#NULO";"#NE";"";"";"";"";"PROFESSOR DE ENSINO FUNDAMENTAL";"";"";"RS"
"21/09/2026";"12:31:37";"2026";"6259";"Eleições Gerais Estaduais 2026";"RS";"7";"DEPUTADO ESTADUAL";"210002537534";"40123";"CESAR BRIZOLARA";"CÉSINHA";"PSB";"PARTIDO SOCIALISTA BRASILEIRO";"40";"-1";"#NULO";"#NULO";"#NE";"";"";"";"";"EMPRESÁRIO";"";"";"RS"
"21/09/2026";"12:31:37";"2026";"6259";"Eleições Gerais Estaduais 2026";"RS";"7";"DEPUTADO ESTADUAL";"210002537525";"40999";"LEONILDA KRAUSE";"LÉO KRAUSE";"PSB";"PARTIDO SOCIALISTA BRASILEIRO";"40";"-1";"#NULO";"#NULO";"#NE";"";"";"";"";"ADVOGADO";"";"";"PR"
"21/09/2026";"12:31:37";"2026";"6259";"Eleições Gerais Estaduais 2026";"RS";"7";"DEPUTADO ESTADUAL";"210002539793";"12612";"CARLOS AUGUSTO GONCALVES LEITE";"CARLOS BREIK";"PDT";"PARTIDO DEMOCRÁTICO TRABALHISTA";"12";"-1";"#NULO";"#NULO";"#NE";"";"";"";"";"APOSENTADO (EXCETO SERVIDOR PÚBLICO)";"";"";"RS"
"21/09/2026";"12:31:37";"2026";"6259";"Eleições Gerais Estaduais 2026";"RS";"7";"DEPUTADO ESTADUAL";"210002539780";"12700";"AMANDA RODRIGUES DA SILVA";"AMANDA RODRIGUES";"PDT";"PARTIDO DEMOCRÁTICO TRABALHISTA";"12";"-1";"#NULO";"#NULO";"#NE";"";"";"";"";"PROFESSOR DE ENSINO FUNDAMENTAL";"";"";"RS"
"21/09/2026";"12:31:37";"2026";"6259";"Eleições Gerais Estaduais 2026";"RS";"7";"DEPUTADO ESTADUAL";"210002539788";"12800";"CRISTIANO DOS SANTOS CARDOSO";"CRISTIANO CARDOSO";"PDT";"PARTIDO DEMOCRÁTICO TRABALHISTA";"12";"-1";"#NULO";"#NULO";"#NE";"";"";"";"";"EMPRESÁRIO";"";"";"RS"
"21/09/2026";"12:31:37";"2026";"6259";"Eleições Gerais Estaduais 2026";"RS";"7";"DEPUTADO ESTADUAL";"210002539786";"12007";"MARCO ANTONIO FUMAGALLI";"PROFESSOR FUMAGALLI";"PDT";"PARTIDO DEMOCRÁTICO TRABALHISTA";"12";"-1";"#NULO";"#NULO";"#NE";"";"";"";"";"ECONOMISTA";"";"";"RS"
"21/09/2026";"12:31:37";"2026";"6259";"Eleições Gerais Estaduais 2026";"RS";"7";"DEPUTADO ESTADUAL";"210002539778";"12012";"AIRTON LUIZ ARTUS";"AIRTON ARTUS";"PDT";"PARTIDO DEMOCRÁTICO TRABALHISTA";"12";"-1";"#NULO";"#NULO";"#NE";"";"";"";"";"MÉDICO";"";"";"RS"
"21/09/2026";"12:31:37";"2026";"6259";"Eleições Gerais Estaduais 2026";"RS";"7";"DEPUTADO ESTADUAL";"210002539813";"12005";"VLADIA FREITAS DE OLIVEIRA";"VLADIA";"PDT";"PARTIDO DEMOCRÁTICO TRABALHISTA";"12";"-1";"#NULO";"#NULO";"#NE";"";"";"";"";"VEREADOR";"";"";"RS"
"21/09/2026";"12:31:37";"2026";"6259";"Eleições Gerais Estaduais 2026";"RS";"7";"DEPUTADO ESTADUAL";"210002534021";"13777";"TADEU MARQUES RODRIGUES";"PAI TADEU";"PT";"PARTIDO DOS TRABALHADORES";"13";"101";"FEDERAÇÃO BRASIL DA ESPERANÇA - FE BRASIL";"13-PT/65-PC do B/43-PV";"#NE";"";"";"";"";"VEREADOR";"";"";"RS"
"21/09/2026";"12:31:37";"2026";"6259";"Eleições Gerais Estaduais 2026";"RS";"7";"DEPUTADO ESTADUAL";"210002534035";"13123";"EVA VALERIA LORENZATO";"EVA VALERIA LORENZATO";"PT";"PARTIDO DOS TRABALHADORES";"13";"101";"FEDERAÇÃO BRASIL DA ESPERANÇA - FE BRASIL";"13-PT/65-PC do B/43-PV";"#NE";"";"";"";"";"ADVOGADO";"";"";"RS"
"21/09/2026";"12:31:37";"2026";"6259";"Eleições Gerais Estaduais 2026";"RS";"7";"DEPUTADO ESTADUAL";"210002534038";"13400";"SOFIA CAVEDON NUNES";"SOFIA CAVEDON";"PT";"PARTIDO DOS TRABALHADORES";"13";"101";"FEDERAÇÃO BRASIL DA ESPERANÇA - FE BRASIL";"13-PT/65-PC do B/43-PV";"#NE";"";"";"";"";"DEPUTADO";"";"";"RS"
"21/09/2026";"12:31:37";"2026";"6259";"Eleições Gerais Estaduais 2026";"RS";"7";"DEPUTADO ESTADUAL";"210002534042";"13213";"RITA DE CASSIA DELLA GIUSTINA DE OLIVEIRA";"PROFESSORA RITA";"PT";"PARTIDO DOS TRABALHADORES";"13";"101";"FEDERAÇÃO BRASIL DA ESPERANÇA - FE BRASIL";"13-PT/65-PC do B/43-PV";"#NE";"";"";"";"";"PROFESSOR DE ENSINO FUNDAMENTAL";"";"";"RS"
"21/09/2026";"12:31:37";"2026";"6259";"Eleições Gerais Estaduais 2026";"RS";"7";"DEPUTADO ESTADUAL";"210002534022";"43430";"EVERALDO DE OLIVEIRA";"EVERALDO DE OLIVEIRA";"PV";"PARTIDO VERDE";"43";"101";"FEDERAÇÃO BRASIL DA ESPERANÇA - FE BRASIL";"13-PT/65-PC do B/43-PV";"#NE";"";"";"";"";"COMERCIANTE";"";"";"RS"
"21/09/2026";"12:31:37";"2026";"6259";"Eleições Gerais Estaduais 2026";"RS";"7";"DEPUTADO ESTADUAL";"210002534025";"65651";"BILINA AMARAL PERES";"PROFESSORA BILINA";"PCDOB";"PARTIDO COMUNISTA DO BRASIL";"65";"101";"FEDERAÇÃO BRASIL DA ESPERANÇA - FE BRASIL";"13-PT/65-PC do B/43-PV";"#NE";"";"";"";"";"PROFESSOR DE ENSINO FUNDAMENTAL";"";"";"RS"
"21/09/2026";"12:31:37";"2026";"6259";"Eleições Gerais Estaduais 2026";"RS";"7";"DEPUTADO ESTADUAL";"210002534006";"13713";"VALDIR OLIVEIRA DE OLIVEIRA";"VALDIR OLIVEIRA";"PT";"PARTIDO DOS TRABALHADORES";"13";"101";"FEDERAÇÃO BRASIL DA ESPERANÇA - FE BRASIL";"13-PT/65-PC do B/43-PV";"#NE";"";"";"";"";"VEREADOR";"";"";"RS"
"21/09/2026";"12:31:37";"2026";"6259";"Eleições Gerais Estaduais 2026";"RS";"7";"DEPUTADO ESTADUAL";"210002534017";"13500";"JOSE SIDNEY NUNES DE ALMEIDA";"ZÉ NUNES";"PT";"PARTIDO DOS TRABALHADORES";"13";"101";"FEDERAÇÃO BRASIL DA ESPERANÇA - FE BRASIL";"13-PT/65-PC do B/43-PV";"#NE";"";"";"";"";"DEPUTADO";"";"";"RS"
"21/09/2026";"12:31:37";"2026";"6259";"Eleições Gerais Estaduais 2026";"RS";"7";"DEPUTADO ESTADUAL";"210002533945";"50888";"IVERA REGINA SOARES DA SILVA";"IVERÁ";"PSOL";"PARTIDO SOCIALISMO E LIBERDADE";"50";"102";"FEDERAÇÃO PSOL REDE";"50-PSOL/18-REDE";"#NE";"";"";"";"";"APOSENTADO (EXCETO SERVIDOR PÚBLICO)";"";"";"RS"
"21/09/2026";"12:31:37";"2026";"6259";"Eleições Gerais Estaduais 2026";"RS";"7";"DEPUTADO ESTADUAL";"210002533930";"50999";"FERNANDA PINTO MIRANDA";"FERNANDA MIRANDA";"PSOL";"PARTIDO SOCIALISMO E LIBERDADE";"50";"102";"FEDERAÇÃO PSOL REDE";"50-PSOL/18-REDE";"#NE";"";"";"";"";"VEREADOR";"";"";"RS"
