"SQ_CANDIDATO";"DS_URL";"NR_ORDEM";"DT_GERACAO";"HH_GERACAO"
"210002533936";"HTTPS://WWW.FACEBOOK.COM/LUCIANAGENROPSOL";"";"21/09/2026";"12:30:47"
"210002534040";"HTTPS://WWW.FACEBOOK.COM/SHARE/1P2ML29IT2/?MIBEXTID=WWXIFR";"";"21/09/2026";"12:30:47"
"210002534004";"HTTPS://WWW.FACEBOOK.COM/ERICKDENIL65/";"";"21/09/2026";"12:30:47"
"210002534006";"HTTPS://WWW.INSTAGRAM.COM/VALDIROLIVEIRA13RS?UTM_SOURCE=IG_WEB_BUTTON_SHARE_SHEE";"";"21/09/2026";"12:30:47"
"210002534021";"HTTPS://WWW.FACEBOOK.COM/SHARE/1B2LEFG6XY/?MIBEXTID=WWXIFR";"";"21/09/2026";"12:30:47"
"210002534031";"HTTPS://WWW.INSTAGRAM.COM/SANDRA_PICOLI65?IGSH=ZTL4YXVLZGEXZG1Y";"";"21/09/2026";"12:30:47"
"210002534034";"HTTPS://K.KWAI.COM/U/@LELINHO.LOPES/CZ2QKCI0";"";"21/09/2026";"12:30:47"
"210002534034";"https://www.lelinholopes.com.br";"";"21/09/2026";"12:30:47"
"210002534015";"HTTPS://WWW.FACEBOOK.COM/NELSONGRASSELLIRS/";"";"21/09/2026";"12:30:47"
"210002539815";"HTTPS://WWW.GARÇOMRONI.COM.BR";"";"21/09/2026";"12:30:47"
"210002539818";"HTTPS://WWW.FACEBOOK.COM/SHARE/1CSIJBECWZ/?MIBEXTID=WWXIFR";"";"21/09/2026";"12:30:47"
"210002539821";"HTTPS://WWW.TIKTOK.COM/@CATINAMONTEIROFRESCURA?_R=1&_T=ZS-98R7HTWYEJG";"";"21/09/2026";"12:30:47"
"210002534012";"TIKTOK.COM/@MIGUELSROSSETTO";"";"21/09/2026";"12:30:47"
"210002534017";"HTTPS://WWW.INSTAGRAM.COM/DEPZENUNES/";"";"21/09/2026";"12:30:47"
"210002534019";"X.COM/SIGAPEPEVARGAS";"";"21/09/2026";"12:30:47"
"210002534020";"HTTPS://WA.ME/555197428522";"";"21/09/2026";"12:30:47"
"210002534038";"HTTPS://WWW.YOUTUBE.COM/USER/SOFIACAVEDONPT";"";"21/09/2026";"12:30:47"
"210002539778";"HTTPS://WWW.FACEBOOK.COM/AIRTON12";"";"21/09/2026";"12:30:47"
"210002539809";"HTTPS://WWW.TIKTOK.COM/@GERSONBURMANNIV";"";"21/09/2026";"12:30:47"
"210002539809";"HTTPS://WWW.FACEBOOK.COM/GERSONBURMANNPDT";"";"21/09/2026";"12:30:47"
"210002539809";"HTTPS://WWW.GERSONBURMANN.COM.BR/";"";"21/09/2026";"12:30:47"
"210002533935";"HTTPS://WWW.INSTAGRAM.COM/LOKA.FABY?IGSH=MTB3N2N3YNU1DGZNDA==";"";"21/09/2026";"12:30:47"
"210002533945";"HTTPS://WWW.TIKTOK.COM/@IVERAZINHA?_R=1&_T=ZS-98ODBNPUSIK";"";"21/09/2026";"12:30:47"
"210002544838";"https://www.instagram.com/pstupf/";"";"21/09/2026";"12:30:47"
"210002539783";"HTTPS://WWW.TIKTOK.COM/@LUIZJACOMINI";"";"21/09/2026";"12:30:47"
"210002539787";"HTTPS://WWW.INSTAGRAM.COM/LEIDINARA.OFICIAL?IGSH=CDGZMHQ2YNU4NHZO";"";"21/09/2026";"12:30:47"
"210002537527";"JAQUELINE CIBELLI DE CASTRO";"";"21/09/2026";"12:30:47"
"210002537538";"HTTPS://WWW.FACEBOOK.COM/SHARE/161JZJNFQAB/";"";"21/09/2026";"12:30:47"
"210002539789";"HTTPS://WWW.FACEBOOK.COM/POLLY.MARTINAZZO?LOCALE=PT_BR";"";"21/09/2026";"12:30:47"
"210002539792";"HTTPS://WWW.INSTAGRAM.COM/PROF_MARI_KURZ.VIEIRA/";"";"21/09/2026";"12:30:47"
"210002539795";"HTTPS://WWW.FACEBOOK.COM/SHARE/1C6RVWR6SS/?MIBEXTID=WWXIFR";"";"21/09/2026";"12:30:47"
"210002539799";"HTTPS://WWW.INSTAGRAM.COM/GUTOLOPESRS/";"";"21/09/2026";"12:30:47"
"210002539804";"HTTPS://WWW.FACEBOOK.COM/THIAGOEDELEON";"";"21/09/2026";"12:30:47"
"210002539804";"HTTPS://WWW.KWAI.COM/@THIAGODELEON2026";"";"21/09/2026";"12:30:47"
"210002534051";"HTTPS://WWW.INSTAGRAM.COM/ERICKANAASSEMBLEIA";"";"21/09/2026";"12:30:47"
"210002534009";"HTTPS://WWW.FACEBOOK.COM/HELENCABRAL/";"";"21/09/2026";"12:30:47"
"210002534028";"HTTPS://WWW.TIKTOK.COM/@ORELHA7121?_R=1&_T=ZS-98C2FF3GXYV";"";"21/09/2026";"12:30:47"
"210002534031";"HTTPS://WWW.TIKTOK.COM/@SANDRAPICOLI65?_R=1&_T=ZS-98C9BKFPA3W";"";"21/09/2026";"12:30:47"
"210002539819";"HTTPS://WWW.INSTAGRAM.COM/LUIZCANOAGEM/";"";"21/09/2026";"12:30:47"
"210002534018";"HTTPS://YOUTUBE.COM/@CLEONICE_BACK";"";"21/09/2026";"12:30:47"
"210002539814";"HTTPS://WWW.FACEBOOK.COM/VEREADORAGABRIELAORTIZ/";"";"21/09/2026";"12:30:47"
"210002534036";"HTTPS://FACEBOOK.COM/ADAOPRETTO";"";"21/09/2026";"12:30:47"
"210002534043";"HTTPS://VT.TIKTOK.COM/ZSXSKNQFK/";"";"21/09/2026";"12:30:47"
"210002539803";"HTTPS://WWW.FACEBOOK.COM/GILMARSOSSELLA?MIBEXTID=WWXIFR";"";"21/09/2026";"12:30:47"
"210002533939";"HTTPS://WWW.YOUTUBE.COM/";"";"21/09/2026";"12:30:47"
"210002537545";"HTTPS://LINKTR.EE/JOAOPEDROGRILL?UTM_SOURCE=LINKTREE_PROFILE_SHARE&LTSID=79BFAFF";"";"21/09/2026";"12:30:47"
"210002539781";"https://www.facebook.com/doutoralvaromeira";"";"21/09/2026";"12:30:47"
"210002539787";"HTTPS://WWW.FACEBOOK.COM/PROFILE.PHP?ID=61593054268670";"";"21/09/2026";"12:30:47"
"210002539788";"HTTPS://WWW.INSTAGRAM.COM/CRISJAGCARDOSO?IGSH=MWNPDG5IMTA5N3LU";"";"21/09/2026";"12:30:47"
"210002539804";"HTTPS://WWW.TIKTOK.COM/@THIAGOEDELEON";"";"21/09/2026";"12:30:47"
"210002539806";"HTTPS://WWW.FACEBOOK.COM/LIBORIOORSI";"";"21/09/2026";"12:30:47"
"210002534032";"HTTPS://WWW.INSTAGRAM.COM/PROFESSOR.CORAZZA/";"";"21/09/2026";"12:30:47"
"210002534006";"HTTPS://X.COM/VALDIROLIVEIRA_";"";"21/09/2026";"12:30:47"
"210002534009";"HTTPS://WWW.INSTAGRAM.COM/HELENCABRAL13/";"";"21/09/2026";"12:30:47"
"210002534009";"HTTPS://X.COM/HELENCABRAL13";"";"21/09/2026";"12:30:47"
"210002534037";"HTTPS://FACEBOOK.COM/SIDINEICARDOSOPEREIRA";"";"21/09/2026";"12:30:47"
"210002534047";"HTTPS://OPEN.SPOTIFY.COM/SHOW/5Q2AOXVO7JF9LSEJU66NA2?SI=GW9CYGMKTI-GBNQSDBLYYW&U";"";"21/09/2026";"12:30:47"
"210002539808";"HTTPS://WWW.FACEBOOK.COM/MATHEUS.POMPEODEMATTOS";"";"21/09/2026";"12:30:47"
"210002534018";"WWW.CLEONICEBACK.COM";"";"21/09/2026";"12:30:47"
"210002534012";"X.COM/MIGUELSROSSETTO";"";"21/09/2026";"12:30:47"
"210002534036";"ADAOPRETTO.COM.BR";"";"21/09/2026";"12:30:47"
"210002539800";"HTTPS://WWW.INSTAGRAM.COM/LUIZMARENCODEPUTADO";"";"21/09/2026";"12:30:47"
"210002539809";"HTTPS://WWW.FACEBOOK.COM/GERSON.BURMANN.2025";"";"21/09/2026";"12:30:47"
"210002533939";"HTTPS://WWW.FACEBOOK.COM/DJALMADUTRAPSOL";"";"21/09/2026";"12:30:47"
"210002537534";"http://www.cesarbrisolara.com.br/";"";"21/09/2026";"12:30:47"
"210002537525";"FACEBOOK.COM/LEO.KRUGER.967";"";"21/09/2026";"12:30:47"
"210002537529";"GERALDO SILVEIRA";"";"21/09/2026";"12:30:47"
"210002539798";"HTTPS://WWW.FACEBOOK.COM/DIEGOPICUCHARS";"";"21/09/2026";"12:30:47"
"210002539806";"HTTPS://LUCIANOORSI.COM.BR";"";"21/09/2026";"12:30:47"
"210002539806";"HTTPS://WWW.INSTAGRAM.COM/PDT.CAMPOBOM/";"";"21/09/2026";"12:30:47"
"210002533934";"HTTPS://WWW.TIKTOK.COM/@MATHEUSPGGOMES_";"";"21/09/2026";"12:30:47"
"210002533936";"HTTP://WWW.LUCIANAGENRO.COM.BR/";"";"21/09/2026";"12:30:47"
"210002534030";"https://youtube.com/@humbertomatos?si=jnQ3BTSrYoFEKJl9";"";"21/09/2026";"12:30:47"
"210002534006";"HTTPS://WWW.FACEBOOK.COM/RADIALISTAVALDIROLIVEIRA";"";"21/09/2026";"12:30:47"
"210002534046";"HTTPS://X.COM/LEODACOSTAS";"";"21/09/2026";"12:30:47"
"210002539817";"HTTPS://WWW.TIKTOK.COM/@PROFESSORAREGINA12";"";"21/09/2026";"12:30:47"
"210002539801";"HTTPS://WWW.FACEBOOK.COM/SOUBRUNOBERTE";"";"21/09/2026";"12:30:47"
"210002534018";"WWW.INSTAGRAM.COM/CLEONICE_BACK";"";"21/09/2026";"12:30:47"
"210002539815";"HTTPS://WWW.INSTAGRAM.COM/GARCOMRONI/";"";"21/09/2026";"12:30:47"
"210002534019";"WWW.PEPEVARGAS.COM.BR";"";"21/09/2026";"12:30:47"
"210002534020";"HTTPS://DEPUTADOHALLEY.COM.BR/";"";"21/09/2026";"12:30:47"
"210002534038";"HTTP://WWW.SOFIACAVEDON.COM.BR/";"";"21/09/2026";"12:30:47"
"210002539800";"HTTPS://WWW.FACEBOOK.COM/LUIZMARENCOOFICIAL";"";"21/09/2026";"12:30:47"
"210002533930";"HTTPS://WWW.INSTAGRAM.COM/FEMIRANDAPSOL/";"";"21/09/2026";"12:30:47"
"210002544838";"https://www.instagram.com/portopstu/";"";"21/09/2026";"12:30:47"
"210002539781";"HTTPS://WWW.FACEBOOK.COM/SHARE/19MX9QE2ZM/";"";"21/09/2026";"12:30:47"
"210002537538";"HTTPS://WWW.TIKTOK.COM/@PAULODETARSOPM?_R=1&_T=ZS-97R5BZ54QQ4";"";"21/09/2026";"12:30:47"
"210002539804";"HTTP://WWW.THIAGODELEON.COM/";"";"21/09/2026";"12:30:47"
"210002539805";"HTTPS://WWW.TIKTOK.COM/@TIAGOCADOF";"";"21/09/2026";"12:30:47"
"210002534033";"HTTPS://QUEROAPOIAR.COM.BR/MARIAEUNICE";"";"21/09/2026";"12:30:47"
"210002534011";"HTTPS://WWW.INSTAGRAM.COM/AMONICAFACIO?IGSH=MTBJC2ZHYTDONMNRZW==";"";"21/09/2026";"12:30:47"
"210002534011";"HTTPS://WWW.FACEBOOK.COM/SHARE/1CBATJTQOL/";"";"21/09/2026";"12:30:47"
"210002534013";"HTTPS://WWW.INSTAGRAM.COM/BUBLITZ.ALEXANDRE?UTM_SOURCE=IG_WEB_BUTTON_SHARE_SHEE";"";"21/09/2026";"12:30:47"
"210002539819";"HTTPS://WWW.FACEBOOK.COM/LUIZCANOAGEM1";"";"21/09/2026";"12:30:47"
"210002539813";"HTTPS://WWW.FACEBOOK.COM/VLADIA.FREITAS.50?RDID=REPA5EBVHIJ2AXX9&SHARE_URL=HTTPS";"";"21/09/2026";"12:30:47"
"210002534007";"HTTPS://X.COM/MANECO_HASSEN";"";"21/09/2026";"12:30:47"
"210002534014";"HTTPS://WWW.INSTAGRAM.COM/BRUNNOMATTOS13?IGSH=DDNRMWDXMWZTCDNR";"";"21/09/2026";"12:30:47"
"210002539820";"HTTPS://WWW.TIKTOK.COM/@MARGAREZISOCIAL?_R=1&_T=ZS-98VMCQWUA0U";"";"21/09/2026";"12:30:47"
"210002534020";"HTTPS://WWW.TIKTOK.COM/@DEPUTADOHALLEY";"";"21/09/2026";"12:30:47"
"210002534036";"HTTPS://WWW.INSTAGRAM.COM/DEPUTADOADAOPRETTO";"";"21/09/2026";"12:30:47"
"210002534038";"HTTPS://WWW.INSTAGRAM.COM/SOFIACAVEDONOFICIAL/";"";"21/09/2026";"12:30:47"
"210002537537";"HTTPS://WWW.FACEBOOK.COM/BRUNA.RODRIGUES40/";"";"21/09/2026";"12:30:47"
"210002533933";"HTTPS://WWW.INSTAGRAM.COM/VILMARFRANCISCODA?IGSH=MTLWNMXLBTM4D3F2DW==";"";"21/09/2026";"12:30:47"
"210002537545";"https://x.com/joaopedrogrill";"";"21/09/2026";"12:30:47"
"210002533931";"HTTPS://WWW.TIKTOK.COM/@KARENSANTOS.POA?_R=1&_T=ZS-98Q5O0PTQD1";"";"21/09/2026";"12:30:47"
"210002539781";"https://www.instagram.com/DOUTORALVAROMEIRA?IGSH=MTYYNZD4ZZM4EMP2CG%3D%3D";"";"21/09/2026";"12:30:47"
"210002537538";"HTTPS://WWW.YOUTUBE.COM/@PAULODETARSOPM";"";"21/09/2026";"12:30:47"
"210002539806";"HTTPS://WWW.FACEBOOK.COM/PREFEITOLUCIANOORSI";"";"21/09/2026";"12:30:47"
"210002533936";"HTTPS://WWW.YOUTUBE.COM/@LUCIANAGENROPSOL";"";"21/09/2026";"12:30:47"
"210002534030";"https://www.tiktok.com/@humberto.matos";"";"21/09/2026";"12:30:47"
"210002534042";"HTTPS://WA.ME/555195702257";"";"21/09/2026";"12:30:47"
"210002539807";"HTTPS://WWW.INSTAGRAM.COM/LUISFERNANDOBRAITE";"";"21/09/2026";"12:30:47"
"210002539818";"HTTPS://X.COM/REGINAFORTUNATI";"";"21/09/2026";"12:30:47"
"210002539822";"HTTPS://WWW.FACEBOOK.COM/SHARE/1C1UZDDD5D/";"";"21/09/2026";"12:30:47"
"210002539803";"HTTPS://WWW.INSTAGRAM.COM/GILMARSOSSELLA/";"";"21/09/2026";"12:30:47"
"210002533929";"HTTPS://WWW.INSTAGRAM.COM/PEDRO.STEIN.3?IGSH=MWLPNZIYNXPJENJICA==";"";"21/09/2026";"12:30:47"
"210002533932";"HTTPS://WWW.INSTAGRAM.COM/SALVEOPAMPA/";"";"21/09/2026";"12:30:47"
"210002533939";"HTTPS://WWW.YOUTUBE.COM/CHANNEL/UCCIJGTEDC9SYTVHU1SHZT6W";"";"21/09/2026";"12:30:47"
"210002533943";"HTTPS://WWW.INSTAGRAM.COM/MATHEUSVICENTEPSOL?IGSH=MXYZBG9MZMZ0AHAZMW==";"";"21/09/2026";"12:30:47"
"210002533946";"HTTP://WWW.INSTAGRAM.COM/ADRIANORICOLDI";"";"21/09/2026";"12:30:47"
"210002537528";"WAGNER_MULEKE";"";"21/09/2026";"12:30:47"
"210002533931";"https://karensantos.com.br/";"";"21/09/2026";"12:30:47"
"210002537533";"VINICIUS-BONDAN";"";"21/09/2026";"12:30:47"
"210002539794";"HTTPS://WWW.INSTAGRAM.COM/JAMINETTIMINETTI?IGSH=MTNNA3AYMNL6BWRLCA==";"";"21/09/2026";"12:30:47"
"210002539794";"HTTPS://WWW.FACEBOOK.COM/SHARE/19EBXAGNJM/";"";"21/09/2026";"12:30:47"
"210002539796";"HTTPS://WWW.THREADS.COM/@VITORCOSTATV";"";"21/09/2026";"12:30:47"
"210002534030";"HTTPS://TR.EE/SXX97JXIOQ";"";"21/09/2026";"12:30:47"
"210002534041";"HTTPS://WWW.INSTAGRAM.COM/NELSON_SPOLAOR/";"";"21/09/2026";"12:30:47"
"210002534052";"HTTPS://WWW.INSTAGRAM.COM/PEDROCAMPOS.ARTE/";"";"21/09/2026";"12:30:47"
"210002534029";"HTTPS://WWW.GIOVANICULAU.COM/";"";"21/09/2026";"12:30:47"
"210002534031";"HTTPS://WWW.FACEBOOK.COM/SHARE/19F8NSJHYG/";"";"21/09/2026";"12:30:47"
"210002534047";"https://www.facebook.com/bernardesmarina/";"";"21/09/2026";"12:30:47"
"210002539807";"HTTPS://WWW.TIKTOK.COM/@VEREADORBRAITE";"";"21/09/2026";"12:30:47"
"210002534007";"https://manecohassen.com.br/";"";"21/09/2026";"12:30:47"
"210002534016";"HTTPS://X.COM/@NILVO17";"";"21/09/2026";"12:30:47"
"210002534022";"HTTPS://WWW.INSTAGRAM.COM/EVERALDODEOLIVEIRAOFICIAL";"";"21/09/2026";"12:30:47"
"210002539818";"HTTPS://WWW.TIKTOK.COM/@REGINABECKERFORTUNATI";"";"21/09/2026";"12:30:47"
"210002539823";"HTTPS://WWW.INSTAGRAM.COM/SARAGALL12/";"";"21/09/2026";"12:30:47"
"210002534012";"HTTPS://WA.ME/5198999913";"";"21/09/2026";"12:30:47"
"210002539809";"HTTPS://WWW.FACEBOOK.COM/GERSONBURMANNIV";"";"21/09/2026";"12:30:47"
"210002539787";"HTTPS://WWW.YOUTUBE.COM/@LEIDINARAMARQUES";"";"21/09/2026";"12:30:47"
"210002537546";"TIKTOK  RAQUEL DE IANSÃ";"";"21/09/2026";"12:30:47"
"210002539806";"HTTPS://WWW.INSTAGRAM.COM/LUCIANOORSI";"";"21/09/2026";"12:30:47"
"210002534027";"https://www.facebook.com/claudiazevedors";"";"21/09/2026";"12:30:47"
"210002534033";"HTTPS://WWW.INSTAGRAM.COM/SIGAMARIAEUNICE/";"";"21/09/2026";"12:30:47"
"210002534004";"HTTPS://WWW.TIKTOK.COM/@ERICKDENIL65";"";"21/09/2026";"12:30:47"
"210002534034";"https://www.threads.com/@lelinholopes?igshid=NTc4MTIwNjQ2YQ==";"";"21/09/2026";"12:30:47"
"210002534046";"HTTPS://WWW.FACEBOOK.COM/P/LEONARDO-DA-COSTA-61563166867162/";"";"21/09/2026";"12:30:47"
"210002534016";"HTTPS://WWW.INSTAGRAM.COM/RIBOLDINILVO?IGSH=MMDRYMHYNDE0DXE5";"";"21/09/2026";"12:30:47"
"210002534018";"HTTPS://WWW.THREADS.COM/@CLEONICE_BACK?";"";"21/09/2026";"12:30:47"
"210002534039";"HTTPS://WWW.FACEBOOK.COM/STELAFARIAS";"";"21/09/2026";"12:30:47"
"210002539800";"HTTPS://WWW.INSTAGRAM.COM/LUIZ_MARENCO";"";"21/09/2026";"12:30:47"
"210002539809";"HTTPS://WWW.FACEBOOK.COM/GERSONBURMANNIII";"";"21/09/2026";"12:30:47"
"210002539810";"HTTPS://WWW.INSTAGRAM.COM/EDUARDOLOUREIRO12/";"";"21/09/2026";"12:30:47"
"210002533932";"https://www.facebook.com/profile.php?id=61589208707894";"";"21/09/2026";"12:30:47"
"210002533391";"HTTPS://WWW.INSTAGRAM.COM/SAMARAGARCIA.UP";"";"21/09/2026";"12:30:47"
"210002539784";"HTTPS://WWW.INSTAGRAM.COM/JORD.AO66?IGSH=MWNZOWR5Z3BLCDNHNW==";"";"21/09/2026";"12:30:47"
"210002539786";"HTTPS://WWW.INSTAGRAM.COM/PROFESSORFUMAGALLI?IGSH=NWW3ANE5A2MZNG5O";"";"21/09/2026";"12:30:47"
"210002537533";"https://www.facebook.com/vbondan40004";"";"21/09/2026";"12:30:47"
"210002537547";"HTTPS://WWW.LINKEDIN.COM/IN/JANINE-SOARES-906120242";"";"21/09/2026";"12:30:47"
"210002537548";"HTTPS://YOUTUBE.COM/@CHIQUINHOZONIN?SI=6YO4RYQMW1JREAQA";"";"21/09/2026";"12:30:47"
"210002539790";"HTTPS://YOUTUBE.COM/@RAQUELMOLLER-O1N?SI=D0_GQPUQ7EBCT9VZ";"";"21/09/2026";"12:30:47"
"210002539795";"HTTPS://WWW.TIKTOK.COM/@DANRLEIMASSENA?_R=1&_T=ZS-98D81RXEGVJ";"";"21/09/2026";"12:30:47"
"210002539799";"HTTPS://WWW.FACEBOOK.COM/GUTOLOPESVIAMAO/?LOCALE=PT_BR";"";"21/09/2026";"12:30:47"
"210002534026";"HTTPS://WWW.FACEBOOK.COM/SHARE/1RZTIUMJSN/";"";"21/09/2026";"12:30:47"
"210002534053";"HTTPS://WWW.FACEBOOK.COM/SHARE/161FJ85KFXE/?MIBEXTID=WWXIFR";"";"21/09/2026";"12:30:47"
"210002534003";"HTTPS://WWW.FACEBOOK.COM/NATASHA13100/";"";"21/09/2026";"12:30:47"
"210002534004";"HTTPS://WWW.INSTAGRAM.COM/ERICKDENILM/";"";"21/09/2026";"12:30:47"
"210002539816";"HTTPS://WWW.FACEBOOK.COM/ALEXANDREGONRS?LOCALE=PT_BR";"";"21/09/2026";"12:30:47"
"210002539817";"HTTPS://WWW.FACEBOOK.COM/REGINA.COSTADOSSANTOS";"";"21/09/2026";"12:30:47"
"210002534016";"HTTPS://WWW.FACEBOOK.COM/SHARE/17KOSLS1XK/?MIBEXTID=WWXIFR";"";"21/09/2026";"12:30:47"
"210002539814";"HTTPS://X.COM/GABRIELAORTTIZ";"";"21/09/2026";"12:30:47"
"210002539818";"HTTPS://WWW.INSTAGRAM.COM/REGINABECKERFORTUNATI?IGSH=MXVWBGS1ZZK3BDJVCQ%3D%3D&UT";"";"21/09/2026";"12:30:47"
"210002534020";"HTTPS://WWW.FACEBOOK.COM/HALLEY.LINO2";"";"21/09/2026";"12:30:47"
"210002539777";"HTTPS://CLIPPINGDRTHIAGODUARTE.WORDPRESS.COM/";"";"21/09/2026";"12:30:47"
"210002539803";"HTTPS://WWW.YOUTUBE.COM/@GILMARSOSSELLA2198";"";"21/09/2026";"12:30:47"
"210002539809";"HTTPS://X.COM/GERSONBURMANNIV";"";"21/09/2026";"12:30:47"
"210002533941";"HTTPS://WWW.FACEBOOK.COM/SHARE/P/193T7P3TGU/";"";"21/09/2026";"12:30:47"
"210002533930";"HTTPS://X.COM/FEMIRANDAPSOL";"";"21/09/2026";"12:30:47"
"210002537526";"https://www.facebook.com/andressa.participacao40800";"";"21/09/2026";"12:30:47"
"210002537546";"RAQUEL DE IANSÃ";"";"21/09/2026";"12:30:47"
"210002539796";"HTTPS://WWW.FACEBOOK.COM/PROFILE.PHP?ID=61587675402358";"";"21/09/2026";"12:30:47"
"210002539805";"HTTPS://WWW.FACEBOOK.COM/FACEDOCADO/";"";"21/09/2026";"12:30:47"
"210002539811";"HTTPS://WWW.YOUTUBE.COM/@GIULIANODEPUTADO";"";"21/09/2026";"12:30:47"
"210002539811";"HTTPS://WWW.INSTAGRAM.COM/GIULIANOTAMAGNO/";"";"21/09/2026";"12:30:47"
"210002534024";"HTTPS://WWW.FACEBOOK.COM/LUCIANE.DAVILA.2025";"";"21/09/2026";"12:30:47"
"210002534025";"HTTPS://WWW.TIKTOK.COM/@BILINAAMARALPERES";"";"21/09/2026";"12:30:47"
"210002534045";"HTTPS://WWW.FACEBOOK.COM/SHARE/1LFZVR5V1K/?MIBEXTID=WWXIFR";"";"21/09/2026";"12:30:47"
"210002534053";"HTTPS://X.COM/CELAOCORDEIRO?S=11";"";"21/09/2026";"12:30:47"
"210002534011";"HTTPS://X.COM/AMONICAFACIO";"";"21/09/2026";"12:30:47"
"210002534035";"HTTPS://FACEBOOK.COM/EVAVALERIA.LORENZATO";"";"21/09/2026";"12:30:47"
"210002539816";"HTTPS://X.COM/ALEXANDREGONRS";"";"21/09/2026";"12:30:47"
"210002539807";"HTTPS://WWW.FACEBOOK.COM/LUISFERNANDOBRAITE/";"";"21/09/2026";"12:30:47"
"210002534016";"HTTPS://WWW.TIKTOK.COM/@NILVORIBOLDI?_R=1&_T=ZS-98DV4FCTGNO";"";"21/09/2026";"12:30:47"
"210002534012";"HTTPS://WWW.FACEBOOK.COM/MIGUELSROSSETTO/";"";"21/09/2026";"12:30:47"
"210002534038";"HTTPS://BSKY.APP/PROFILE/SOFIACAVEDON.BSKY.SOCIAL";"";"21/09/2026";"12:30:47"
"210002534043";"WWW.LEONELRADDE.COM.BR";"";"21/09/2026";"12:30:47"
"210002539777";"HTTPS://WWW.INSTAGRAM.COM/DR_THIAGO_DUARTE/";"";"21/09/2026";"12:30:47"
"210002539800";"HTTPS://WWW.LUIZMARENCODEPUTADO.COM/";"";"21/09/2026";"12:30:47"
"210002539803";"HTTPS://GILMARSOSSELLA.COM.BR/";"";"21/09/2026";"12:30:47"
"210002533927";"INSTAGRAM @CLAUDIAORESTESBRUM2";"";"21/09/2026";"12:30:47"
"210002533928";"HTTPS://WWW.INSTAGRAM.COM/SORAJUVINSKOSKI?IGSH=MJFTNHUXBHBKD2I2";"";"21/09/2026";"12:30:47"
"210002533929";"HTTPS://WWW.FACEBOOK.COM/SHARE/18TJHS6LIH/";"";"21/09/2026";"12:30:47"
"210002533945";"HTTPS://WWW.FACEBOOK.COM/SHARE/1CJXA29V2K/";"";"21/09/2026";"12:30:47"
"210002533946";"HTTP://WWW.FACEBOOK.COM/ADRIANO.RICOLDI";"";"21/09/2026";"12:30:47"
"210002537534";"https://www.instagram.com/cesarbrisolara/";"";"21/09/2026";"12:30:47"
"210002537544";"AMARAL NEGRITO";"";"21/09/2026";"12:30:47"
"210002537545";"https://www.instagram.com/joaopedrogrill/";"";"21/09/2026";"12:30:47"
"210002544838";"https://www.facebook.com/pstuportoalegre/";"";"21/09/2026";"12:30:47"
"210002537533";"https://youtube.com/@vbondan";"";"21/09/2026";"12:30:47"
"210002537536";"SILLVA.RENANN@GMAIL.COM";"";"21/09/2026";"12:30:47"
"210002537542";"HTTPS://WWW.INSTAGRAM.COM/LEANDRO.LIBAN?IGSH=AJHLCXGXOTE4ODL1";"";"21/09/2026";"12:30:47"
"210002539789";"WWW.TIKTOK.COM/@POLI.MARTINAZZO?_R=1&_T=ZS-98RMIT79TA1";"";"21/09/2026";"12:30:47"
"210002534030";"HTTPS://WWW.FACEBOOK.COM/SHARER.PHP?U=";"";"21/09/2026";"12:30:47"
"210002534042";"HTTPS://WWW.FACEBOOK.COM/RITA.DELLAGIUSTINA?MIBEXTID=LQQJ4D";"";"21/09/2026";"12:30:47"
"210002534051";"HTTPS://WWW.FACEBOOK.COM/ERICKAOLIVEIRA13";"";"21/09/2026";"12:30:47"
"210002534031";"HTTPS://WWW.FACEBOOK.COM/SHARE/1BWFWEXS2B/";"";"21/09/2026";"12:30:47"
"210002539816";"HTTPS://WWW.YOUTUBE.COM/@ALEXANDREGON%C3%A7ALVES-D2K";"";"21/09/2026";"12:30:47"
"210002539817";"HTTPS://WWW.FACEBOOK.COM/PROFESSORAREGINAPDT";"";"21/09/2026";"12:30:47"
"210002534019";"YOUTUBE.COM/C/PEPEVARGAS13";"";"21/09/2026";"12:30:47"
"210002534039";"HTTPS://WA.ME/5551999131336";"";"21/09/2026";"12:30:47"
"210002534039";"HTTPS://WWW.TIKTOK.COM/@STELAFARIAS.RS";"";"21/09/2026";"12:30:47"
"210002537537";"HTTPS://WWW.INSTAGRAM.COM/BRUNARODRIGUES/";"";"21/09/2026";"12:30:47"
"210002533926";"HTTPS://WWW.INSTAGRAM.COM/GABIPSOL?IGSH=D2P5BXB6ADDSANG3";"";"21/09/2026";"12:30:47"
"210002533926";"HTTPS://WWW.FACEBOOK.COM/PROFILE.PHP?ID=61562141976806";"";"21/09/2026";"12:30:47"
"210002533943";"HTTPS://MATHEUSVICENTE.COM.BR/";"";"21/09/2026";"12:30:47"
"210002533930";"HTTPS://WWW.TIKTOK.COM/@FEMIRANDAPSOL";"";"21/09/2026";"12:30:47"
"210002544838";"https://www.instagram.com/patipeixe02/";"";"21/09/2026";"12:30:47"
"210002544838";"https://www.facebook.com/patipeixe";"";"21/09/2026";"12:30:47"
"210002539787";"HTTPS://WWW.FACEBOOK.COM/LEIDINARAMARQUES";"";"21/09/2026";"12:30:47"
"210002537539";"https://www.alequiscoletivo.com.br";"";"21/09/2026";"12:30:47"
"210002539788";"HTTPS://WWW.INSTAGRAM.COM/CRISCARDOSO632?IGSH=MTRNNTUYBHJVA2FMNQ==";"";"21/09/2026";"12:30:47"
"210002539789";"HTTPS://WWW.FACEBOOK.COM/PROFILE.PHP?ID=61566034430580&LOCALE=PT_BR";"";"21/09/2026";"12:30:47"
"210002534030";"HTTPS://TR.EE/SXX97JXIOQ";"";"21/09/2026";"12:30:47"
"210002534040";"HTTPS://WWW.INSTAGRAM.COM/MULHERAR_RS?IGSH=MXBKNG";"";"21/09/2026";"12:30:47"
"210002534009";"HTTPS://WWW.TIKTOK.COM/@HELEN.CABRAL13";"";"21/09/2026";"12:30:47"
"210002534023";"HTTPS://WWW.FACEBOOK.COM/SHARE/1FF8CDQUQG/";"";"21/09/2026";"12:30:47"
"210002534029";"HTTPS://WWW.TIKTOK.COM/@GIOVANICULAU";"";"21/09/2026";"12:30:47"
"210002534018";"WWW.TIKTOK.COM/@CLEONICEBACK";"";"21/09/2026";"12:30:47"
"210002539818";"HTTPS://WWW.FACEBOOK.COM/SHARE/1GFRW5RDMZ/?MIBEXTID=WWXIFR";"";"21/09/2026";"12:30:47"
"210002539777";"HTTPS://WWW.DRTHIAGODUARTE.COM.BR/";"";"21/09/2026";"12:30:47"
"210002539777";"HTTPS://WWW.FACEBOOK.COM/DRTHIAGODUARTE/";"";"21/09/2026";"12:30:47"
"210002539777";"HTTPS://WWW.YOUTUBE.COM/CHANNEL/UCQO-ECEXBIKDGVFMRHXXAWW/FEATURED?VIEW_AS=SUBSCR";"";"21/09/2026";"12:30:47"
"210002539809";"HTTPS://WWW.THREADS.COM/@GERSONBURMANN";"";"21/09/2026";"12:30:47"
"210002533928";"HTTPS://WWW.INSTAGRAM.COM/JULIANAVINSKOSKI?IGSH=MWX4EXR0EMPSBJZ5EG==";"";"21/09/2026";"12:30:47"
"210002533929";"https://www.facebook.com/PedroSteinPSOL";"";"21/09/2026";"12:30:47"
"210002533935";"HTTPS://WWW.FACEBOOK.COM/FABY.GOMES.71";"";"21/09/2026";"12:30:47"
"210002533940";"HTTPS://WWW.FACEBOOK.COM/ALICEPSOL";"";"21/09/2026";"12:30:47"
"210002539781";"HTTPS://WWW.INSTAGRAM.COM/DOUTORALVAROMEIRA?IGSH=MTYYNZD4ZZM4EMP2CG==";"";"21/09/2026";"12:30:47"
"210002537548";"HTTPS://WWW.INSTAGRAM.COM/VALDECIRZONIN/";"";"21/09/2026";"12:30:47"
"210002539811";"HTTPS://WWW.INSTAGRAM.COM/GGCONCURSOS";"";"21/09/2026";"12:30:47"
"210002534003";"HTTPS://X.COM/EUNATASHAPOA";"";"21/09/2026";"12:30:47"
"210002534023";"HTTPS://X.COM/MARINACALLEGA13";"";"21/09/2026";"12:30:47"
"210002534014";"HTTPS://X.COM/BRUNNOMATTOSPT";"";"21/09/2026";"12:30:47"
"210002534015";"HTTPS://WWW.INSTAGRAM.COM/NELSONGRASSELLI/";"";"21/09/2026";"12:30:47"
"210002534015";"HTTPS://WWW.FACEBOOK.COM/NELSON.GRASSELLI.2025";"";"21/09/2026";"12:30:47"
"210002534018";"HTTPS://WWW.FACEBOOK.COM/CLEONICE.BACK.3";"";"21/09/2026";"12:30:47"
"210002539822";"HTTPS://WWW.INSTAGRAM.COM/PDTAXEPOARS/";"";"21/09/2026";"12:30:47"
"210002534039";"HTTPS://X.COM/STELAFARIAS";"";"21/09/2026";"12:30:47"
"210002539777";"HTTPS://WWW.FACEBOOK.COM/THIAGO.DUARTE.3194524";"";"21/09/2026";"12:30:47"
"210002537537";"HTTPS://WWW.TIKTOK.COM/@BRUNARODRIGUES.40?_R=1&_T=ZS-98CEPEEVY8O";"";"21/09/2026";"12:30:47"
"210002544838";"https://www.instagram.com/pstugravatai/";"";"21/09/2026";"12:30:47"
"210002539782";"HTTPS://WWW.INSTAGRAM.COM/ANDREDUARTE002?IGSH=YTJQAMVNAM9LA3L0&UTM_SOURCE=QR";"";"21/09/2026";"12:30:47"
"210002537533";"https://www.facebook.com/vinicius.bondan";"";"21/09/2026";"12:30:47"
"210002539789";"HTTPS://WWW.INSTAGRAM.COM/POLI_MARTINAZZO?IGSH=B2ZWY3FMZWRREJM4";"";"21/09/2026";"12:30:47"
"210002539792";"HTTPS://WWW.INSTAGRAM.COM/KURZVIEIRA/";"";"21/09/2026";"12:30:47"
"210002539796";"WWW.REPORTERPASSARINHO.COM.BR";"";"21/09/2026";"12:30:47"
"210002534026";"HTTPS://WWW.TIKTOK.COM/@DOUGLAS.BUTZKE0?_R=1&_T=ZS-97UXGBCYHF7";"";"21/09/2026";"12:30:47"
"210002534027";"https://www.instagram.com/claudiaazevedo.rs";"";"21/09/2026";"12:30:47"
"210002534030";"https://www.facebook.com/humbertosaiadamatrix";"";"21/09/2026";"12:30:47"
"210002534049";"HTTPS://WWW.FACEBOOK.COM/SHARE/1DJA7RTFVP/";"";"21/09/2026";"12:30:47"
"210002534013";"HTTPS://WWW.TIKTOK.COM/@ALEXANDREBUBLITZ13?_R=1&_T=ZS-981JKI4WOL3";"";"21/09/2026";"12:30:47"
"210002534047";"HTTPS://WWW.INSTAGRAM.COM/MARINAABERNARDES?IGSH=M29IBHB3MGUYCMM0";"";"21/09/2026";"12:30:47"
"210002534047";"HTTPS://VER.MARINABERNARDES.COM/";"";"21/09/2026";"12:30:47"
"210002539785";"HTTPS://WWW.FACEBOOK.COM/VEREADORA.EVANIA";"";"21/09/2026";"12:30:47"
"210002539807";"HTTPS://WWW.FACEBOOK.COM/URUGUAIANAVIVEURUGUAIANAVIVA.VIVA/";"";"21/09/2026";"12:30:47"
"210002539813";"HTTPS://WWW.FACEBOOK.COM/VLADIA.FREITAS.DE.OLIVEIRA.II?RDID=5O4Q3PM66F4W9U1A&SHA";"";"21/09/2026";"12:30:47"
"210002539814";"HTTPS://WWW.TIKTOK.COM/@GABRIELAORTTIZ_?_R=1&_T=ZS-98RMZBOWBJ3";"";"21/09/2026";"12:30:47"
"210002539809";"HTTPS://WWW.FACEBOOK.COM/BURMANN.GERSON";"";"21/09/2026";"12:30:47"
"210002537534";"https://www.youtube.com/@CesarBrisolara";"";"21/09/2026";"12:30:47"
"210002537545";"https://www.facebook.com/joaopedrogrill/";"";"21/09/2026";"12:30:47"
"210002537529";"@GERALDOBSILVEIRA";"";"21/09/2026";"12:30:47"
"210002537533";"https://www.tiktok.com/@vbondan";"";"21/09/2026";"12:30:47"
"210002539795";"HTTPS://WWW.INSTAGRAM.COM/DANRLEI_MASSENA?IGSH=MTCZOHJ3MZU0MMZKMQ%3D%3D&UTM_SOUR";"";"21/09/2026";"12:30:47"
"210002539797";"HTTPS://WWW.INSTAGRAM.COM/MUCHALECARLOS?IGSH=MWTWNWHHDMEYYJA3ZQ%3D%3D";"";"21/09/2026";"12:30:47"
"210002539805";"HTTPS://WWW.YOUTUBE.COM/@TIAGOCADO";"";"21/09/2026";"12:30:47"
"210002534033";"HTTPS://BIT.LY/SOMOSMARIAEUNICE";"";"21/09/2026";"12:30:47"
"210002534052";"HTTPS://WWW.TIKTOK.COM/@PEDROCAMPOSRS";"";"21/09/2026";"12:30:47"
"210002534028";"HTTPS://WWW.INSTAGRAM.COM/VEREADOR_PAULOORELHA?IGSH=MTZHM3DQDNOZDXR4ZA==";"";"21/09/2026";"12:30:47"
"210002539808";"HTTPS://WWW.INSTAGRAM.COM/POMPEODEMATTOS_/";"";"21/09/2026";"12:30:47"
"210002534014";"HTTPS://WWW.FACEBOOK.COM/SHARE/1CD8N1VEDZ/";"";"21/09/2026";"12:30:47"
"210002534018";"WWW.X.COM/CLEONICEBACK1";"";"21/09/2026";"12:30:47"
"210002534012";"HTTPS://WWW.FLICKR.COM/PHOTOS/MIGUELROSSETTO/";"";"21/09/2026";"12:30:47"
"210002534019";"WWW.THREADS.COM/@SIGAPEPEVARGAS?HL=PT-BR";"";"21/09/2026";"12:30:47"
"210002539800";"HTTPS://WWW.FACEBOOK.COM/SHARE/1ER3HSNBPV/";"";"21/09/2026";"12:30:47"
"210002539809";"HTTPS://WWW.FACEBOOK.COM/GERSON.BURMANN.1";"";"21/09/2026";"12:30:47"
"210002533945";"HTTPS://WWW.FACEBOOK.COM/SHARE/1CJXA29V2K/";"";"21/09/2026";"12:30:47"
"210002537545";"https://www.facebook.com/joaopedro.sls";"";"21/09/2026";"12:30:47"
"210002537545";"https://wa.me/5551989316707";"";"21/09/2026";"12:30:47"
"210002537545";"https://youtube.com/@joaopedrogrill8229";"";"21/09/2026";"12:30:47"
"210002533940";"TIKTOK.COM/@ALICE_PSOL";"";"21/09/2026";"12:30:47"
"210002537538";"HTTPS://WWW.INSTAGRAM/@PAULODTPINHEIROMACHADO";"";"21/09/2026";"12:30:47"
"210002537548";"HTTPS://WWW.FACEBOOK.COM/VALDECIR.ZONIN";"";"21/09/2026";"12:30:47"
"210002539798";"HTTPS://WWW.INSTAGRAM.COM/DIEGOPICUCHA/";"";"21/09/2026";"12:30:47"
"210002534024";"HTTPS://WWW.INSTAGRAM.COM/LUCIANEDAVILA2/";"";"21/09/2026";"12:30:47"
"210002534033";"WA.ME/555182115193";"";"21/09/2026";"12:30:47"
"210002534042";"HTTPS://X.COM/PROFESSORARITA_?S=11";"";"21/09/2026";"12:30:47"
"210002534042";"HTTPS://WWW.THREADS.COM/@PROFESSORARITAPT?IGSHID=NTC4MTIWNJQ2YQ==";"";"21/09/2026";"12:30:47"
"210002534003";"HTTPS://WWW.FACEBOOK.COM/NATASHADEFERREIRA/?LOCALE=PT_BR";"";"21/09/2026";"12:30:47"
"210002534003";"HTTPS://WWW.YOUTUBE.COM/@EUNATASHAPOA";"";"21/09/2026";"12:30:47"
"210002534029";"HTTPS://X.COM/GIOVANICULAU";"";"21/09/2026";"12:30:47"
"210002539813";"HTTPS://WWW.INSTAGRAM.COM/VLADIAFREITASDEOLIVEIRA?IGSH=EXL6DGFKNHQ5OTFT";"";"21/09/2026";"12:30:47"
"210002534007";"HTTPS://WWW.INSTAGRAM.COM/MANECOHASSEN?IGSH=OTI2BZZXEGJ6AZJZ";"";"21/09/2026";"12:30:47"
"210002534019";"HTTPS://WA.ME/+5554999653313";"";"21/09/2026";"12:30:47"
"210002534019";"FACEBOOK.COM/SIGAPEPEVARGAS";"";"21/09/2026";"12:30:47"
"210002539777";"HTTPS://WWW.DRTHIAGODUARTE.COM.BR/";"";"21/09/2026";"12:30:47"
"210002533927";"FACEBOOK CLAUDIA ORESTES BRUM";"";"21/09/2026";"12:30:47"
"210002533941";"HTTPS://WWW.INSTAGRAM.COM/ADV.FABIANOBENITES?UTM_SOURCE=QR&IGSH=AWC1EHRSNGNLZW83";"";"21/09/2026";"12:30:47"
"210002533931";"HTTPS://X.COM/KARENSANTOSPOA";"";"21/09/2026";"12:30:47"
"210002533940";"X.COM/ALICE_PSOL";"";"21/09/2026";"12:30:47"
"210002533390";"HTTPS://WWW.INSTAGRAM.COM/EVERALDO.UP";"";"21/09/2026";"12:30:47"
"210002544838";"https://www.facebook.com/profile.php?id=61590297986496";"";"21/09/2026";"12:30:47"
"210002537530";"ANDRÉ OLIVEIRA";"";"21/09/2026";"12:30:47"
"210002537547";"@JANINEBORGESSOARES";"";"21/09/2026";"12:30:47"
"210002534026";"HTTPS://X.COM/DOUGJBUTZKE";"";"21/09/2026";"12:30:47"
"210002534026";"HTTPS://WWW.INSTAGRAM.COM/DOUGBUTZKE?IGSH=BDA2ZMHZYJF0D3P5";"";"21/09/2026";"12:30:47"
"210002534033";"WWW.TIKTOK.COM/@SOUMARIAEUNICE";"";"21/09/2026";"12:30:47"
"210002534034";"HTTPS://WWW.INSTAGRAM.COM/LELINHOLOPES?IGSH=MJZVEM9LY2LTZHK5";"";"21/09/2026";"12:30:47"
"210002534046";"HTTPS://WWW.INSTAGRAM.COM/LEODACOSTAS/";"";"21/09/2026";"12:30:47"
"210002539819";"HTTPS://WWW.FACEBOOK.COM/LUIZCUOZZOLEMOS/";"";"21/09/2026";"12:30:47"
"210002534007";"HTTPS://WWW.FACEBOOK.COM/SHARE/19BCIVY7VY/";"";"21/09/2026";"12:30:47"
"210002534007";"HTTPS://WWW.TIKTOK.COM/@MANECOHASSEN?_R=1&_T=ZS-986VRK61A0K";"";"21/09/2026";"12:30:47"
"210002539814";"HTTPS://WWW.AMAREMUDARASCOISASRS.COM.BR/VENHA-SOMAR-COM-A-GENTE/";"";"21/09/2026";"12:30:47"
"210002539818";"HTTPS://WWW.FACEBOOK.COM/SHARE/1JMPWQSFTL/?MIBEXTID=WWXIFR";"";"21/09/2026";"12:30:47"
"210002539820";"HTTPS://WWW.FACEBOOK.COM/PROFILE.PHP?ID=61561341407324&RDID=LOGO8EVKXQFQJ3IH&SHA";"";"21/09/2026";"12:30:47"
"210002534012";"MIGUELROSSETTO.COM.BR";"";"21/09/2026";"12:30:47"
"210002534020";"HTTPS://WWW.FACEBOOK.COM/HALLEY.LINODESOUZA";"";"21/09/2026";"12:30:47"
"210002534020";"HTTPS://WWW.FACEBOOK.COM/DEPUTADOHALLEY/";"";"21/09/2026";"12:30:47"
"210002534020";"HTTPS://WWW.YOUTUBE.COM/@DEPUTADOHALLEY";"";"21/09/2026";"12:30:47"
"210002534036";"HTTPS://X.COM/ADAOPRETTOFILHO";"";"21/09/2026";"12:30:47"
"210002533928";"HTTPS://WWW.FACEBOOK.COM/SHARE/17WLXZNVLM/";"";"21/09/2026";"12:30:47"
"210002533932";"HTTPS://WWW.INSTAGRAM.COM/ROGERIO.CHIMANSKI/";"";"21/09/2026";"12:30:47"
"210002537534";"https://www.facebook.com/cesinhaOfficial";"";"21/09/2026";"12:30:47"
"210002533931";"HTTPS://WWW.INSTAGRAM.COM/KARENSANTOSPOA/";"";"21/09/2026";"12:30:47"
"210002537526";"https://www.instagram.com/andressa.cristiane0800";"";"21/09/2026";"12:30:47"
"210002537533";"@VBONDAN";"";"21/09/2026";"12:30:47"
"210002537539";"https://www.facebook.com/alequis.lopespinto/";"";"21/09/2026";"12:30:47"
"210002537543";"HTTPS://WWW.FACEBOOK.COM/SHARE/1KS1TVHAVU/";"";"21/09/2026";"12:30:47"
"210002537547";"HTTPS://WWW.FACEBOOK.COM/JANINE.BORGESSOARES";"";"21/09/2026";"12:30:47"
"210002539795";"HTTPS://WWW.FACEBOOK.COM/DAA.MASSENA/";"";"21/09/2026";"12:30:47"
"210002539798";"HTTPS://DIEGOPICUCHA.COM.BR/";"";"21/09/2026";"12:30:47"
"210002539802";"HTTPS://WWW.FACEBOOK.COM/PATROA.BORGES?MIBEXTID=WWXIFR&RDID=ZDSXF0LKZB95DKRS&SHA";"";"21/09/2026";"12:30:47"
"210002539811";"HTTPS://WWW.FACEBOOK.COM/GIULIANO.TAMAGNO?LOCALE=PT_BR";"";"21/09/2026";"12:30:47"
"210002534045";"HTTPS://WWW.INSTAGRAM.COM/PROFESSORAHELENIR?IGSH=CXIXADRWDXP0ETV6&UTM_SOURCE=QR";"";"21/09/2026";"12:30:47"
"210002534048";"HTTPS://WWW.INSTAGRAM.COM/007AMORTE/";"";"21/09/2026";"12:30:47"
"210002534003";"HTTPS://WWW.NATASHAFERREIRA.COM.BR";"";"21/09/2026";"12:30:47"
"210002534013";"http://www.alexandrebublitz.com.br/";"";"21/09/2026";"12:30:47"
"210002534034";"HTTPS://WWW.FACEBOOK.COM/LELINHOLOPESOFICIAL?MIBEXTID=WWXIFR&MIBEXTID=WWXIFR";"";"21/09/2026";"12:30:47"
"210002534038";"HTTPS://WWW.TIKTOK.COM/@SOFIACAVEDONOFICIAL?LANG=PT-BR";"";"21/09/2026";"12:30:47"
"210002534043";"HTTPS://X.COM/LEONELRADDE?S=11";"";"21/09/2026";"12:30:47"
"210002534050";"HTTPS://WWW.FACEBOOK.COM/DEPJEFERSON";"";"21/09/2026";"12:30:47"
"210002539777";"HTTPS://WWW.FACEBOOK.COM/THIAGO.DUARTE.3150807";"";"21/09/2026";"12:30:47"
"210002533932";"HTTPS://WWW.YOUTUBE.COM/@CHIMANSKIRS";"";"21/09/2026";"12:30:47"
"210002533943";"HTTPS://WWW.FACEBOOK.COM/SHARE/1GD6PKNOD3/";"";"21/09/2026";"12:30:47"
"210002537544";"@AMARAL_ELNEGRITO";"";"21/09/2026";"12:30:47"
"210002537545";"https://www.instagram.com/tamojuntojoao?igsh=MXd5NDhtNWRnMjN1ZA==";"";"21/09/2026";"12:30:47"
"210002533930";"HTTPS://WWW.FACEBOOK.COM/FEMIRANDAPSOL";"";"21/09/2026";"12:30:47"
"210002544838";"@PATRICIAPEIXE02";"";"21/09/2026";"12:30:47"
"210002537542";"HTTPS://WWW.FACEBOOK.COM/SHARE/1E2XQJHMBH/";"";"21/09/2026";"12:30:47"
"210002539802";"HTTPS://WWW.INSTAGRAM.COM/MARCIACRISTINABORGESDASILVA?IGSH=NHNWANLHDTVLMJRX";"";"21/09/2026";"12:30:47"
"210002539806";"HTTPS://WWW.FACEBOOK.COM/LUCIANO.ORSI.";"";"21/09/2026";"12:30:47"
"210002534026";"HTTPS://WWW.THREADS.COM/@DOUGBUTZKE";"";"21/09/2026";"12:30:47"
"210002534042";"HTTPS://WWW.TIKTOK.COM/@PROFESSORARITAPT?_R=1&_T=ZS-986LT3MGXFL";"";"21/09/2026";"12:30:47"
"210002534046";"HTTPS://WWW.TIKTOK.COM/@LEODACOSTAS";"";"21/09/2026";"12:30:47"
"210002539785";"HTTPS://WWW.INSTAGRAM.COM/EVANIA_NUNESDELIMA/";"";"21/09/2026";"12:30:47"
"210002539808";"HTTPS://WWW.TIKTOK.COM/@POMPEO.FILHO?_R=1&_T=ZS-98PSHM7TG94";"";"21/09/2026";"12:30:47"
"210002539814";"HTTPS://WWW.THREADS.COM/@GABRIELAORTTIZ";"";"21/09/2026";"12:30:47"
"210002539820";"HTTPS://WWW.FACEBOOK.COM/ANDREIALETICIA.MARGAREZI?RDID=ZCZFMP7SXAFWDJIT&SHARE_UR";"";"21/09/2026";"12:30:47"
"210002539821";"HTTPS://WWW.FACEBOOK.COM/VEREADORACATINAMONTEIRO?MIBEXTID=WWXIFR&RDID=DC1F4YFU8D";"";"21/09/2026";"12:30:47"
"210002534043";"HTTPS://YOUTUBE.COM/@LEONELRADDE?SI=62U2FP_KRCCLDG3L";"";"21/09/2026";"12:30:47"
"210002539809";"HTTPS://WWW.INSTAGRAM.COM/GERSONBURMANN/";"";"21/09/2026";"12:30:47"
"210002533924";"HTTPS://WWW.INSTAGRAM.COM/GUI.SLOVATTO?IGSH=B29TZWTYNDDKZWN1";"";"21/09/2026";"12:30:47"
"210002533925";"HTTPS://WWW.INSTAGRAM.COM/MARJOSASSET?IGSH=CWV4Z3QWANJWZZDT";"";"21/09/2026";"12:30:47"
"210002533926";"HTTP://WWW.TIKTOK.COM/@GABIPSOL";"";"21/09/2026";"12:30:47"
"210002533937";"HTTPS://WWW.INSTAGRAM.COM/PROFESSORADANIKROEFF/";"";"21/09/2026";"12:30:47"
"210002533939";"HTTPS://WWW.FACEBOOK.COM/DJALMADUTRAPSOLRS/";"";"21/09/2026";"12:30:47"
"210002533944";"HTTPS://WWW.TIKTOK.COM/@INACIO.RODRIGUES10?_R=1&_T=ZS-98H68EQNMRW";"";"21/09/2026";"12:30:47"
"210002537525";"FACEBOOK.COM/LEONILDA.KRAUSE.2025";"";"21/09/2026";"12:30:47"
"210002533934";"HTTPS://X.COM/MATHEUSPGGOMES";"";"21/09/2026";"12:30:47"
"210002534040";"HTTPS://X.COM/ANAFFONSO13?S=21";"";"21/09/2026";"12:30:47"
"210002534041";"HTTPS://WWW.FACEBOOK.COM/NELSON.SPOLAOR";"";"21/09/2026";"12:30:47"
"210002534006";"HTTPS://WWW.THREADS.COM/@VALDIROLIVEIRA13RS?XMT=AQG0YZKZ2PRNL1EFM2SUVOY7Y8NKBYEG";"";"21/09/2026";"12:30:47"
"210002534013";"https://www.facebook.com/share/1G31jbCiPB/?mibextid=wwXIfr";"";"21/09/2026";"12:30:47"
"210002534021";"HTTPS://WWW.INSTAGRAM.COM/PAITADEUDEOXALA?IGSH=ZMZHEJR4CGD5OG54";"";"21/09/2026";"12:30:47"
"210002534028";"HTTPS://WWW.FACEBOOK.COM/PAULO.VANDERLEI.FAGUAGA.SIQUEIRA";"";"21/09/2026";"12:30:47"
"210002539816";"HTTPS://WWW.INSTAGRAM.COM/ALEXANDREGONRS/";"";"21/09/2026";"12:30:47"
"210002539779";"HTTPS://WWW.TIKTOK.COM/@VEREADORTIAGOMENEZES?_R=1&_T=ZS-98RDTBHAGXS";"";"21/09/2026";"12:30:47"
"210002539801";"HTTPS://WWW.INSTAGRAM.COM/SOUBRUNOBERTE";"";"21/09/2026";"12:30:47"
"210002534019";"WWW.TIKTOK.COM/@PEPEVARGASPT?_R=1&_T=ZS-98CPTBHQGBM";"";"21/09/2026";"12:30:47"
"210002534043";"HTTPS://WWW.FACEBOOK.COM/SHARE/191AZSPVFH/?MIBEXTID=WWXIFR";"";"21/09/2026";"12:30:47"
"210002533935";"HTTPS://WWW.TIKTOK.COM/@FABI.GOMES33?_R=1&_T=ZS-98FKZSXR0H2";"";"21/09/2026";"12:30:47"
"210002533939";"HTTPS://YOUTUBE.COM/@DJALMA_DUTRA?SI=KT8F31CVEVYJEYSP";"";"21/09/2026";"12:30:47"
"210002537531";"LADISLÊ TEIXEIRA II";"";"21/09/2026";"12:30:47"
"210002539787";"HTTPS://WWW.INSTAGRAM.COM/LEIDINARAMARQUES/";"";"21/09/2026";"12:30:47"
"210002537533";"@VBONDAN";"";"21/09/2026";"12:30:47"
"210002539788";"HTTPS://WWW.FACEBOOK.COM/SHARE/1C9RJUHY4X/";"";"21/09/2026";"12:30:47"
"210002539790";"HTTPS://WWW.INSTAGRAM.COM/RAQUEL.MOLLER";"";"21/09/2026";"12:30:47"
"210002539790";"WWW.RAQUELMOLLER.COM.BR";"";"21/09/2026";"12:30:47"
"210002539791";"HTTPS://WWW.INSTAGRAM.COM/OLIVEIRADEMARQUESSANTOSVITORIA?IGSH=ZNRMNZI6NMXQZWEW";"";"21/09/2026";"12:30:47"
"210002539793";"HTTPS://WWW.INSTAGRAM.COM/BREIK_LEITE";"";"21/09/2026";"12:30:47"
"210002539812";"HTTPS://JOAOMARCOSBASSANI.COM.BR/";"";"21/09/2026";"12:30:47"
"210002534025";"HTTPS://WWW.INSTAGRAM.COM/PROFESSORABILINA";"";"21/09/2026";"12:30:47"
"210002534030";"HTTPS://WWW.INSTAGRAM.COM/PROF_HUMBERTO_MATOS/";"";"21/09/2026";"12:30:47"
"210002534033";"HTTPS://WWW.FACEBOOK.COM/VEREADORAMARIAEUNICE";"";"21/09/2026";"12:30:47"
"210002534040";"HTTPS://WWW.INSTAGRAM.COM/ANAAFFONSO13?IGSH=AHGYOHC0BZJKZMPS";"";"21/09/2026";"12:30:47"
"210002534042";"HTTPS://WWW.INSTAGRAM.COM/PROFESSORARITAPT?IGSH=NDE0A2L0NWZ2ODJR&UTM_SOURCE=QR";"";"21/09/2026";"12:30:47"
"210002534051";"HTTPS://WWW.INSTAGRAM.COM/ERICKAEYSHYLLALEON";"";"21/09/2026";"12:30:47"
"210002534037";"HTTPS://WWW.INSTAGRAM.COM/SIDINEICARDOSO";"";"21/09/2026";"12:30:47"
"210002534037";"HTTPS://WWW.YOUTUBE.COM/@SIDICARDOSO";"";"21/09/2026";"12:30:47"
"210002534047";"HTTPS://WWW.FACEBOOK.COM/MARINA.BERNARDES.90";"";"21/09/2026";"12:30:47"
"210002534005";"HTTPS://WWW.INSTAGRAM.COM/JOACIRPICOLOTTO/";"";"21/09/2026";"12:30:47"
"210002534022";"HTTPS://WWW.FACEBOOK.COM/EVERAS10";"";"21/09/2026";"12:30:47"
"210002534017";"HTTPS://WWW.FACEBOOK.COM/DEPUTADOZENUNES";"";"21/09/2026";"12:30:47"
"210002534038";"HTTPS://WWW.FACEBOOK.COM/SOFIACAVEDONPT/";"";"21/09/2026";"12:30:47"
"210002534039";"HTTPS://STELAFARIAS.COM.BR";"";"21/09/2026";"12:30:47"
"210002533939";"HTTPS://WWW.INSTAGRAM.COM/DJALMADUTRAPSOLRS/";"";"21/09/2026";"12:30:47"
"210002533944";"HTTPS://WWW.INSTAGRAM.COM/INACIO.RODRIGUES100?IGSH=MTZ1AGXMZ3LIENDKBG==";"";"21/09/2026";"12:30:47"
"210002537534";"https://www.tiktok.com/@cesarbrisolara";"";"21/09/2026";"12:30:47"
"210002533930";"HTTPS://WWW.THREADS.COM/@FEMIRANDAPSOL";"";"21/09/2026";"12:30:47"
"210002544838";"https://www.facebook.com/PSTURS/?locale=pt_BR";"";"21/09/2026";"12:30:47"
"210002537539";"https://www.facebook.com/profile.php?id=61558016412721";"";"21/09/2026";"12:30:47"
"210002539791";"HTTPS://WWW.FACEBOOK.COM/CLEOMAR.SANTOS.OLIVEIRA.2025";"";"21/09/2026";"12:30:47"
"210002533934";"HTTPS://BSKY.APP/PROFILE/MATHEUSPGGOMES.BSKY.SOCIAL";"";"21/09/2026";"12:30:47"
"210002534042";"HTTPS://WWW.FACEBOOK.COM/SHARE/1DENWT3DVJ/?MIBEXTID=WWXIFR";"";"21/09/2026";"12:30:47"
"210002534042";"HTTPS://WWW.FACEBOOK.COM/SHARE/19VU3WJHSR/?MIBEXTID=WWXIFR";"";"21/09/2026";"12:30:47"
"210002534049";"HTTPS://WWW.INSTAGRAM.COM/TORALLESCLAUDIO?IGSH=OGXOAWNVZMS1ENRS";"";"21/09/2026";"12:30:47"
"210002534053";"HTTPS://WWW.INSTAGRAM.COM/MARCELOO_CORDEIRO?IGSH=BW1UN3HUMXNJETJ3&UTM_SOURCE=QR";"";"21/09/2026";"12:30:47"
"210002534029";"HTTPS://WWW.FACEBOOK.COM/GIOVANICULAU/";"";"21/09/2026";"12:30:47"
"210002539807";"HTTPS://WWW.TIKTOK.COM/@VEREADORBRAITE";"";"21/09/2026";"12:30:47"
"210002539814";"HTTPS://WWW.INSTAGRAM.COM/GABRIELAORTTIZ/";"";"21/09/2026";"12:30:47"
"210002539778";"HTTPS://APP.AIRTONARTUS.COM.BR/LP";"";"21/09/2026";"12:30:47"
"210002539809";"HTTPS://WWW.YOUTUBE.COM/@GERSONBURMANN55";"";"21/09/2026";"12:30:47"
"210002533926";"HTTPS://GABIPSOL.COM.BR/GABI/";"";"21/09/2026";"12:30:47"
"210002533946";"HTTP://WWW.TIKTOK.COM/ADRIANORICOLDI";"";"21/09/2026";"12:30:47"
"210002537528";"WAGNER PETRINI";"";"21/09/2026";"12:30:47"
"210002544838";"https://www.instagram.com/pstu_litoralnortegaucho/";"";"21/09/2026";"12:30:47"
"210002539780";"HTTPS://WWW.INSTAGRAM.COM/AMANDARSRODRIGUESS?IGSH=B3VNBWHTM2L1ZGK3";"";"21/09/2026";"12:30:47"
"210002539781";"https://www.facebook.com/alvaropimentameira.9";"";"21/09/2026";"12:30:47"
"210002537525";"HTTPS://WWW.INSTAGRAM.COM/LEONILDAKRAUSEADV?IGSH=NWL4MZAZNZJZMJQ=";"";"21/09/2026";"12:30:47"
"210002537533";"http://viniciusbondan.com.br";"";"21/09/2026";"12:30:47"
"210002539790";"HTTPS://WWW.FACEBOOK.COM/RAQUEL.MOLLER.1";"";"21/09/2026";"12:30:47"
"210002539804";"HTTPS://WWW.INSTAGRAM.COM/THIAGOEDELEON";"";"21/09/2026";"12:30:47"
"210002539805";"HTTPS://X.COM/TIAGOCADO";"";"21/09/2026";"12:30:47"
"210002533934";"https://www.instagram.com/matheuspggomes";"";"21/09/2026";"12:30:47"
"210002533934";"http://www.matheusgomespsol.com.br/";"";"21/09/2026";"12:30:47"
"210002534042";"HTTPS://WWW.FACEBOOK.COM/SHARE/18WHKJYFCS/?MIBEXTID=WWXIFR";"";"21/09/2026";"12:30:47"
"210002534021";"HTTPS://WWW.FACEBOOK.COM/SHARE/18CQOVYJQI/?MIBEXTID=WWXIFR";"";"21/09/2026";"12:30:47"
"210002534023";"HTTPS://WWW.INSTAGRAM.COM/MARINAMCALLEGARO?IGSH=MXZPCGVVCMRVDZBKDW==";"";"21/09/2026";"12:30:47"
"210002534031";"HTTPS://YOUTUBE.COM/@VEREADORASANDRAPICOLI7242?SI=E-1AYJACW3SFLQKY";"";"21/09/2026";"12:30:47"
"210002539821";"HTTPS://WWW.FACEBOOK.COM/CATINAMONTEIRO.MONTEIRO";"";"21/09/2026";"12:30:47"
"210002534036";"HTTPS://WWW.TIKTOK.COM/@ADAOPRETTO";"";"21/09/2026";"12:30:47"
"210002534039";"HTTPS://WWW.THREADS.NET/@STELAFARIASRS";"";"21/09/2026";"12:30:47"
"210002534043";"HTTPS://WWW.INSTAGRAM.COM/LEONELRADDE?IGSH=CJQ0EM94CJQWM2LW&UTM_SOURCE=QR";"";"21/09/2026";"12:30:47"
"210002534050";"HTTPS://X.COM/DEPJEFERSON";"";"21/09/2026";"12:30:47"
"210002539778";"HTTPS://WWW.INSTAGRAM.COM/AIRTON.ARTUS";"";"21/09/2026";"12:30:47"
"210002539810";"HTTPS://WWW.THREADS.COM/@EDUARDOLOUREIRO12";"";"21/09/2026";"12:30:47"
"210002533942";"HTTPS://WWW.INSTAGRAM.COM/ABRAOGODOIS?IGSH=ZHEWY3BQZJR6CGDX";"";"21/09/2026";"12:30:47"
"210002533945";"HTTPS://WWW.INSTAGRAM.COM/IVERA_SILVA?IGSH=MWFQY3PZCNFMCWLMAQ==";"";"21/09/2026";"12:30:47"
"210002539780";"HTTPS://WWW.FACEBOOK.COM/SHARE/1D9TGFAC4F/";"";"21/09/2026";"12:30:47"
"210002539782";"HTTPS://WWW.FACEBOOK.COM/SHARE/18K12ORZTH/?MIBEXTID=WWXIFR";"";"21/09/2026";"12:30:47"
"210002539783";"HTTPS://WWW.YOUTUBE.COM/LUIZJACOMINI";"";"21/09/2026";"12:30:47"
"210002537536";"SILLVA.RENANN@GMAIL.COM";"";"21/09/2026";"12:30:47"
"210002537539";"ALEQUISLOPESPINTO";"";"21/09/2026";"12:30:47"
"210002537539";"https://www.instagram.com/alequislopes/";"";"21/09/2026";"12:30:47"
"210002537543";"HTTPS://WWW.INSTAGRAM.COM/JESLEISALLINES25?IGSH=CZRNDHRIAM90DWNR";"";"21/09/2026";"12:30:47"
"210002539788";"HTTPS://WWW.FACEBOOK.COM/SHARE/17KK7XFXC5/?MIBEXTID=WWXIFR";"";"21/09/2026";"12:30:47"
"210002534045";"https://www.professorahelenir.com.br/";"";"21/09/2026";"12:30:47"
"210002534048";"HTTPS://WWW.INSTAGRAM.COM/WALMOCIR/";"";"21/09/2026";"12:30:47"
"210002534003";"HTTPS://WWW.TIKTOK.COM/@EUNATASHAPOA";"";"21/09/2026";"12:30:47"
"210002534013";"HTTPS://X.COM/BUBLITZ_A";"";"21/09/2026";"12:30:47"
"210002534031";"HTTPS://WWW.THREADS.COM/@SANDRA_PICOLI65";"";"21/09/2026";"12:30:47"
"210002534034";"HTTPS://WWW.TIKTOK.COM/@LELINHOLOPES?_R=1&_T=ZS-981QHEQBL4R";"";"21/09/2026";"12:30:47"
"210002534034";"HTTPS://YOUTUBE.COM/@LELINHOLOPES?SI=LXMEEEVBFWRNXZFH";"";"21/09/2026";"12:30:47"
"210002534005";"HTTPS://WWW.FACEBOOK.COM/JOACIR.PICOLOTTO";"";"21/09/2026";"12:30:47"
"210002534008";"HTTPS://WWW.FACEBOOK.COM/SHARE/1M7UXR4JG5/";"";"21/09/2026";"12:30:47"
"210002534008";"HTTPS://WWW.INSTAGRAM.COM/EUIVONETECARVALHO?IGSH=DJEWAGRIZHO5CWL2&UTM_SOURCE=QR";"";"21/09/2026";"12:30:47"
"210002534014";"HTTPS://WWW.FACEBOOK.COM/SHARE/1GSDDB14TQ/";"";"21/09/2026";"12:30:47"
"210002534019";"WWW.INSTAGRAM.COM/SIGAPEPEVARGAS";"";"21/09/2026";"12:30:47"
"210002533925";"HTTPS://WWW.FACEBOOK.COM/SHARE/1QES6AHQMZ/";"";"21/09/2026";"12:30:47"
"210002533937";"HTTPS://WEB.FACEBOOK.COM/DANIELLE.KROEFF.1";"";"21/09/2026";"12:30:47"
"210002539789";"HTTPS://WWW.INSTAGRAM.COM/POLLYMARTINAZZO?IGSH=C2PNCZCZDNDOZMF2";"";"21/09/2026";"12:30:47"
"210002539792";"HTTPS://WWW.TIKTOK.COM/@MARILUCEKURZVIEIRA?_R=1&_T=ZS-98CJPJ55WDD";"";"21/09/2026";"12:30:47"
"210002539797";"HTTPS://WWW.FACEBOOK.COM/CARLOS.HARTMANN.MUCHALE?RDID=VW0FI9NFSEW0WXJ3&SHARE_URL";"";"21/09/2026";"12:30:47"
"210002539804";"HTTPS://WWW.FACEBOOK.COM/TDL.GRAVATAI";"";"21/09/2026";"12:30:47"
"210002533936";"HTTPS://WWW.INSTAGRAM.COM/LUCIANAGENRO/";"";"21/09/2026";"12:30:47"
"210002534030";"https://humbertomatos.com.br/";"";"21/09/2026";"12:30:47"
"210002534040";"HTTPS://VT.TIKTOK.COM/ZSXXXUT5R/";"";"21/09/2026";"12:30:47"
"210002534052";"HTTPS://WWW.FACEBOOK.COM/PEDRO.CAMPOS.758";"";"21/09/2026";"12:30:47"
"210002534034";"HTTPS://WWW.FACEBOOK.COM/LELINHONUNESLOPES?MIBEXTID=WWXIFR&MIBEXTID=WWXIFR";"";"21/09/2026";"12:30:47"
"210002539819";"HTTPS://WWW.TIKTOK.COM/@LUIZCANOAGEM?_R=1&_";"";"21/09/2026";"12:30:47"
"210002534010";"HTTPS://WWW.FACEBOOK.COM/PROFILE.PHP?ID=61592028863090";"";"21/09/2026";"12:30:47"
"210002534015";"https://nelsongrasselli.com.br/";"";"21/09/2026";"12:30:47"
"210002539815";"HTTPS://WWW.FACEBOOK.COM/DJRONIPOA?LOCALE=PT_BR";"";"21/09/2026";"12:30:47"
"210002533925";"HTTPS://WWW.FACEBOOK.COM/SHARE/1EAVRQ3J5T/";"";"21/09/2026";"12:30:47"
"210002533928";"HTTPS://WWW.TIKTOK.COM/@JULIANAVINSKOSKI?_R=1&_T=ZS-98FUXHAST2D";"";"21/09/2026";"12:30:47"
"210002533932";"HTTPS://WWW.FACEBOOK.COM/ROGERIO.FONTOURA.7";"";"21/09/2026";"12:30:47"
"210002533933";"HTTPS://WWW.FACEBOOK.COM/SHARE/1DHQSDXC1E/";"";"21/09/2026";"12:30:47"
"210002544838";"https://www.facebook.com/pstu.gravatai/";"";"21/09/2026";"12:30:47"
"210002537532";"ADILSON.KUHN.7";"";"21/09/2026";"12:30:47"
"210002537533";"https://www.instagram.com/vbondan";"";"21/09/2026";"12:30:47"
"210002534025";"HTTPS://WWW.FACEBOOK.COM/SHARE/1HAWKTVSAU/?MIBEXTID=WWXIFR";"";"21/09/2026";"12:30:47"
"210002534033";"WA.ME/555191992340";"";"21/09/2026";"12:30:47"
"210002534041";"HTTPS://WWW.FACEBOOK.COM/SPOLAOR";"";"21/09/2026";"12:30:47"
"210002534034";"HTTPS://X.COM/LELINHOLOPES?S=11";"";"21/09/2026";"12:30:47"
"210002534047";"HTTPS://WWW.TIKTOK.COM/@MARINABERNARDES.PF?_R=1&_T=ZS-983QLG9RSGP";"";"21/09/2026";"12:30:47"
"210002539779";"HTTPS://WWW.THREADS.COM/@VEREADORTIAGOMENEZES?IGSHID=NTC4MTIWNJQ2YQ==";"";"21/09/2026";"12:30:47"
"210002539779";"HTTPS://WWW.INSTAGRAM.COM/VEREADORTIAGOMENEZES?IGSH=MXHMDMS4AXKZCWZLEG==";"";"21/09/2026";"12:30:47"
"210002534018";"WWW.FACEBOOK.COM/CLEONICEBACKPT";"";"21/09/2026";"12:30:47"
"210002539814";"HTTPS://WWW.YOUTUBE.COM/@GABRIELAORTIZ-D9S";"";"21/09/2026";"12:30:47"
"210002534020";"HTTPS://X.COM/DEPUTADOHALLEY";"";"21/09/2026";"12:30:47"
"210002533925";"HTTPS://WWW.INSTAGRAM.COM/MARJOSASSET";"";"21/09/2026";"12:30:47"
"210002533929";"HTTPS://WWW.TIKTOK.COM/@PEDRO.STEIN1?_R=1&_T=ZS-98FFQJFOP7E";"";"21/09/2026";"12:30:47"
"210002533931";"HTTPS://WEB.FACEBOOK.COM/KARENSANTOSALICERCE";"";"21/09/2026";"12:30:47"
"210002544838";"https://www.instagram.com/pstucanoas/";"";"21/09/2026";"12:30:47"
"210002537527";"@JAQUEPSILVEIRA";"";"21/09/2026";"12:30:47"
"210002537536";"SILLVA.RENANN@GMAIL.COM";"";"21/09/2026";"12:30:47"
"210002537539";"@ALEQUISLOPES";"";"21/09/2026";"12:30:47"
"210002539792";"HTTPS://WWW.FACEBOOK.COM/SHARE/1P949GXFAF/?MIBEXTID=WWXIFR";"";"21/09/2026";"12:30:47"
"210002539796";"TIKTOK.COM/@REPORTER_PASSARINHO";"";"21/09/2026";"12:30:47"
"210002533934";"HTTPS://WWW.FACEBOOK.COM/APAGINADOMATHEUS";"";"21/09/2026";"12:30:47"
"210002534027";"https://www.claudiaazevedors.com.br/";"";"21/09/2026";"12:30:47"
"210002534011";"HTTPS://WWW.TIKTOK.COM/@AMONICAFACIO?_R=1&_T=ZS-9891AL3RQHZ";"";"21/09/2026";"12:30:47"
"210002534023";"HTTPS://WWW.MARINACALLEGARO.COM.BR/";"";"21/09/2026";"12:30:47"
"210002534035";"https://www.threads.com/@valerialorenzato";"";"21/09/2026";"12:30:47"
"210002539817";"HTTPS://WWW.FACEBOOK.COM/REGINA.COSTADOSSANTOS";"";"21/09/2026";"12:30:47"
"210002539817";"HTTPS://WWW.INSTAGRAM.COM/PROFESSORAREGINA12/";"";"21/09/2026";"12:30:47"
"210002539785";"HTTPS://WWW.FACEBOOK.COM/EVANIANUNESVEREADORA";"";"21/09/2026";"12:30:47"
"210002534020";"HTTPS://WWW.INSTAGRAM.COM/DEPUTADOHALLEY";"";"21/09/2026";"12:30:47"
"210002534039";"HTTPS://STELAFARIAS.COM.BR";"";"21/09/2026";"12:30:47"
"210002534050";"HTTPS://WWW.INSTAGRAM.COM/DEPJEFERSON/";"";"21/09/2026";"12:30:47"
"210002539777";"HTTPS://WWW.FACEBOOK.COM/DRTHIAGODUARTEE";"";"21/09/2026";"12:30:47"
"210002539781";"HTTPS://WWW.FACEBOOK.COM/SHARE/14MADUDDHWG/";"";"21/09/2026";"12:30:47"
"210002537548";"HTTPS://WWW.TIKTOK.COM/@VALDECIRZONIN?_R=1&_T=ZS-98ILERDSAJV";"";"21/09/2026";"12:30:47"
"210002539789";"HTTPS://WWW.INSTAGRAM.COM/PDT_NDB_RACHEL_GRAZZIOTIN_CXS?IGSH=EHVQNNIZODQYCDB6";"";"21/09/2026";"12:30:47"
"210002539804";"HTTPS://WWW.YOUTUBE.COM/@THIAGOEDELEON";"";"21/09/2026";"12:30:47"
"210002539812";"HTTPS://WWW.FACEBOOK.COM/JOAOMARCOS.SANTOS1?MIBEXTID=WWXIFR&RDID=KXHQKRMYYDN3JYU";"";"21/09/2026";"12:30:47"
"210002534026";"HTTPS://WWW.TIKTOK.COM/@DOUGLASBUTZKE1?_R=1&_T=ZS-97UXBC6VPSE";"";"21/09/2026";"12:30:47"
"210002539779";"HTTPS://WWW.FACEBOOK.COM/SHARE/1D6MHGD5SJ/?MIBEXTID=WWXIFR";"";"21/09/2026";"12:30:47"
"210002539808";"HTTPS://WWW.FACEBOOK.COM/POMPEOFILHOIJUI";"";"21/09/2026";"12:30:47"
"210002534015";"HTTPS://X.COM/NELSONGRASSELLI";"";"21/09/2026";"12:30:47"
"210002539821";"HTTPS://WWW.INSTAGRAM.COM/VEREADORA_CATINA_MONTEIRO?IGSH=MW1TB3N6CNZ2AZI4MG%3D%3";"";"21/09/2026";"12:30:47"
"210002534012";"THREADS.COM/@MIGUELSROSSETTO";"";"21/09/2026";"12:30:47"
"210002534038";"HTTPS://LINKTR.EE/SOFIACAVEDON";"";"21/09/2026";"12:30:47"
"210002534050";"HTTPS://WWW.TIKTOK.COM/@DEPUTADOJEFERSON?_R=1&_T=ZS-97TN4R7MBQ5";"";"21/09/2026";"12:30:47"
"210002539800";"HTTPS://WWW.INSTAGRAM.COM/TIMEMARENCO";"";"21/09/2026";"12:30:47"
"210002533924";"HTTPS://WWW.FACEBOOK.COM/SHARE/1JEDPVE1WU/";"";"21/09/2026";"12:30:47"
"210002533942";"HTTPS://WWW.TIKTOK.COM/@ABRAOGODOIS?_R=1&_T=ZS-98H0UYOPFGF";"";"21/09/2026";"12:30:47"
"210002533940";"HTTPS://WWW.INSTAGRAM.COM/ALICEPSOL";"";"21/09/2026";"12:30:47"
"210002544838";"https://www.instagram.com/pstuserragaucha/";"";"21/09/2026";"12:30:47"
"210002539798";"HTTPS://WWW.FACEBOOK.COM/PROFILE.PHP?ID=61584209461319";"";"21/09/2026";"12:30:47"
"210002539805";"HTTPS://WWW.INSTAGRAM.COM/TIAGOCADOF";"";"21/09/2026";"12:30:47"
"210002539812";"HTTPS://WWW.TIKTOK.COM/@JOAO.MARCOS.BASSANI";"";"21/09/2026";"12:30:47"
"210002534027";"https://www.tiktok.com/@claudiaazevedo.rs";"";"21/09/2026";"12:30:47"
"210002534030";"HTTPS://X.COM/INTENT/TWEET?TEXT=CHECK%20OUT%20THIS%20LINKTREE!%20-%20";"";"21/09/2026";"12:30:47"
"210002534032";"HTTPS://WWW.FACEBOOK.COM/PROFESSOR.CORAZZA/DIRECTORY_LINKS?LOCALE=PT_BR";"";"21/09/2026";"12:30:47"
"210002534003";"HTTPS://WWW.THREADS.COM/@EUNATASHAPOA";"";"21/09/2026";"12:30:47"
"210002534006";"HTTPS://YOUTUBE.COM/@VALDIROLIVEIRARS?SI=CXY2HNYOZH7MGCPO";"";"21/09/2026";"12:30:47"
"210002534031";"HTTPS://WWW.FACEBOOK.COM/SHARE/1HT1FUALCQ/";"";"21/09/2026";"12:30:47"
"210002534034";"https://www.facebook.com/lelinhonuneslopes/";"";"21/09/2026";"12:30:47"
"210002534035";"HTTPS://FACEBOOK.COM/VALERIALORENZATO";"";"21/09/2026";"12:30:47"
"210002539816";"HTTPS://WWW.THREADS.COM/@ALEXANDREGONRS";"";"21/09/2026";"12:30:47"
"210002539819";"HTTPS://WWW.FACEBOOK.COM/LUIZCANOAGEM";"";"21/09/2026";"12:30:47"
"210002534018";"WWW.CLEONICEBACK.COM.BR";"";"21/09/2026";"12:30:47"
"210002539820";"HTTPS://WWW.INSTAGRAM.COM/ANDREIAMARGAREZI_?IGSH=MTQ2Y3K3YZD6DMWYNQ==";"";"21/09/2026";"12:30:47"
"210002534012";"HTTPS://WWW.INSTAGRAM.COM/MIGUELSROSSETTO/";"";"21/09/2026";"12:30:47"
"210002534038";"HTTPS://WWW.THREADS.COM/@SOFIACAVEDONOFICIAL?IGSHID=NTC4MTIWNJQ2YQ==";"";"21/09/2026";"12:30:47"
"210002533930";"HTTPS://WWW.YOUTUBE.COM/@FEMIRANDAPSOL";"";"21/09/2026";"12:30:47"
"210002539783";"HTTPS://WWW.FACEBOOK.COM/LUIZJACOMINI";"";"21/09/2026";"12:30:47"
"210002539784";"HTTPS://WWW.FACEBOOK.COM/PEOPLE/RUI-JORD%C3%A3O/100094280396363/";"";"21/09/2026";"12:30:47"
"210002537525";"HTTPS://WWW.INSTAGRAM.COM/LEO_KRAUSE01?IGSH=NJJZA2FMBG54EGJM";"";"21/09/2026";"12:30:47"
"210002537530";"ANDREOLIVEIRA.40";"";"21/09/2026";"12:30:47"
"210002537533";"HTTPS://WWW.FACEBOOK.COM/SHARE/1E4XOH56MX/?MIBEXTID=WWXIFR";"";"21/09/2026";"12:30:47"
"210002537548";"HTTPS://WHATSAPP.COM/CHANNEL/0029VBDXTZYCHQ6E2VQOMD0Z";"";"21/09/2026";"12:30:47"
"210002539788";"HTTPS://WWW.THREADS.COM/@CRISJAGCARDOSO";"";"21/09/2026";"12:30:47"
"210002539793";"HTTPS://WWW.FACEBOOK.COM/SHARE/1HDYSWUWXQ/?MIBEXTID=WWXIFR";"";"21/09/2026";"12:30:47"
"210002534026";"HTTPS://WWW.FACEBOOK.COM/SHARE/1QAOH7XLJM/";"";"21/09/2026";"12:30:47"
"210002534004";"HTTPS://X.COM/ERICKDENIL65";"";"21/09/2026";"12:30:47"
"210002534034";"https://whatsapp.com/channel/0029Vb8Gx6b2phHUd0AX1i2g";"";"21/09/2026";"12:30:47"
"210002534035";"HTTPS://WWW.INSTAGRAM.COM/VALERIALORENZATO";"";"21/09/2026";"12:30:47"
"210002534037";"HTTPS://WWW.TIKTOK.COM/@SIDINEICARDOSOPEREIRA";"";"21/09/2026";"12:30:47"
"210002534038";"HTTPS://WWW.FACEBOOK.COM/SOFIACAVEDONOFICIAL";"";"21/09/2026";"12:30:47"
"210002534038";"HTTPS://X.COM/SOFIACAVEDONPT";"";"21/09/2026";"12:30:47"
"210002537544";"AMARAL.NEGRITO";"";"21/09/2026";"12:30:47"
"210002539780";"https://www.amandarodriges12700.com.br/";"";"21/09/2026";"12:30:47"
"210002537533";"https://www.threads.com/@vbondan";"";"21/09/2026";"12:30:47"
"210002537546";"RAQUEL ALVES DE IANSÃ";"";"21/09/2026";"12:30:47"
"210002539796";"HTTPS://WWW.INSTAGRAM.COM/VITORCOSTATV?IGSH=BWN0BDBNCXU5DXU4";"";"21/09/2026";"12:30:47"
"210002539812";"HTTPS://WWW.INSTAGRAM.COM/JOAOMARCOS.BASSANI/";"";"21/09/2026";"12:30:47"
"210002534051";"HTTPS://WWW.FACEBOOK.COM/ERICKAEYSHYLLALEON";"";"21/09/2026";"12:30:47"
"210002534006";"HTTPS://WWW.FACEBOOK.COM/VALDIROLIVEIRA.13";"";"21/09/2026";"12:30:47"
"210002534047";"HTTPS://WWW.THREADS.COM/@MARINAABERNARDES?IGSHID=NTC4MTIWNJQ2YQ==";"";"21/09/2026";"12:30:47"
"210002534008";"HTTPS://WWW.INSTAGRAM.COM/IVONETE.C_?IGSH=MWNXDJDMYM5OCDCZCQ==";"";"21/09/2026";"12:30:47"
"210002534010";"HTTPS://WWW.INSTAGRAM.COM/DANIELFERREIRADEPRS/";"";"21/09/2026";"12:30:47"
"210002534015";"HTTPS://WWW.TIKTOK.COM/@NELSONGRASSELLI_OFICIAL";"";"21/09/2026";"12:30:47"
"210002539818";"HTTPS://WWW.FACEBOOK.COM/SHARE/1CWKAFHCVE/?MIBEXTID=WWXIFR";"";"21/09/2026";"12:30:47"
"210002539818";"HTTPS://WWW.YOUTUBE.COM/@REGINABECKERFORTUNATI1674";"";"21/09/2026";"12:30:47"
"210002539818";"HTTPS://WWW.REGINABECKER.COM.BR/";"";"21/09/2026";"12:30:47"
"210002534012";"HTTPS://WWW.YOUTUBE.COM/@MIGUELROSSETTO8340";"";"21/09/2026";"12:30:47"
"210002534017";"HTTPS://WWW.TIKTOK.COM/@DEPZENUNES";"";"21/09/2026";"12:30:47"
"210002539777";"HTTPS://X.COM/DRTHIAGODUARTE";"";"21/09/2026";"12:30:47"
"210002539778";"HTTPS://WWW.AIRTONARTUS.COM.BR/";"";"21/09/2026";"12:30:47"
"210002533943";"HTTPS://WWW.FACEBOOK.COM/SHARE/1EHEOYETWJ/";"";"21/09/2026";"12:30:47"
"210002533944";"HTTPS://WWW.FACEBOOK.COM/SHARE/1G7TFEERD9/";"";"21/09/2026";"12:30:47"
"210002537531";"LADISLÊ TEIXEIRA LL";"";"21/09/2026";"12:30:47"
"210002539783";"HTTPS://WWW.INSTAGRAM.COM/LUIZJACOMINI_/";"";"21/09/2026";"12:30:47"
"210002539792";"HTTPS://WWW.FACEBOOK.COM/SHARE/1ERKJWBW5N/?MIBEXTID=WWXIFR";"";"21/09/2026";"12:30:47"
"210002533936";"HTTPS://WWW.TIKTOK.COM/@LUCIANAGENROPSOL";"";"21/09/2026";"12:30:47"
"210002534048";"HTTPS://WWW.FACEBOOK.COM/WALMOCIR.SILVAREIS";"";"21/09/2026";"12:30:47"
"210002534053";"HTTPS://VT.TIKTOK.COM/ZSXCQKCXJ/";"";"21/09/2026";"12:30:47"
"210002534003";"HTTPS://WWW.INSTAGRAM.COM/EUNATASHAPOA/";"";"21/09/2026";"12:30:47"
"210002534029";"HTTPS://WWW.INSTAGRAM.COM/GIOVANICULAU";"";"21/09/2026";"12:30:47"
"210002534046";"https://www.leodacosta.com.br/";"";"21/09/2026";"12:30:47"
"210002539816";"HTTPS://WWW.TIKTOK.COM/@ALEXANDREGONRS";"";"21/09/2026";"12:30:47"
"210002534014";"HTTPS://WWW.TIKTOK.COM/@BRUNNOMATTOS_13?_R=1&_T=ZS-98CBA6XTRJV";"";"21/09/2026";"12:30:47"
"210002539820";"https://www.andreiamargarezi.com.br";"";"21/09/2026";"12:30:47"
"210002534012";"HTTPS://BSKY.APP/PROFILE/MIGUELROSSETTO.BSKY.SOCIAL";"";"21/09/2026";"12:30:47"
"210002534012";"HTTPS://LINKTR.EE/MIGUELROSSETTO";"";"21/09/2026";"12:30:47"
"210002534017";"HTTPS://ZENUNES.COM.BR/";"";"21/09/2026";"12:30:47"
"210002534039";"HTTPS://WWW.INSTAGRAM.COM/STELAFARIASRS";"";"21/09/2026";"12:30:47"
"210002534043";"HTTPS://WWW.THREADS.COM/@LEONELRADDE?IGSHID=NTC4MTIWNJQ2YQ==";"";"21/09/2026";"12:30:47"
"210002539800";"HTTPS://WWW.FACEBOOK.COM/LUIZMARENCODEPUTADO";"";"21/09/2026";"12:30:47"
"210002539810";"HTTPS://WWW.FACEBOOK.COM/EDUARDOLOUREIROOFICIAL/";"";"21/09/2026";"12:30:47"
"210002533932";"HTTPS://WWW.INSTAGRAM.COM/CHIMANSKI.RS/";"";"21/09/2026";"12:30:47"
"210002533942";"HTTPS://X.COM/ABRAOGODOIS?S=11";"";"21/09/2026";"12:30:47"
"210002537545";"https://wa.me/5553981079805";"";"21/09/2026";"12:30:47"
"210002544838";"https://www.facebook.com/profile.php?id=61592639741432";"";"21/09/2026";"12:30:47"
"210002539784";"HTTPS://WWW.YOUTUBE.COM/@RJ56-SUL";"";"21/09/2026";"12:30:47"
"210002539786";"HTTPS://WWW.FACEBOOK.COM/SHARE/19XDZH83SD/";"";"21/09/2026";"12:30:47"
"210002537526";"http://participacao.org/";"";"21/09/2026";"12:30:47"
"210002537535";"@LENARAMACHADOOFICIAL";"";"21/09/2026";"12:30:47"
"210002537535";"LENARA.MACHADO14";"";"21/09/2026";"12:30:47"
"210002537538";"PAULODT.PINHEIROMACHADO@GMAIL.COM";"";"21/09/2026";"12:30:47"
"210002537543";"HTTPS://WWW.TIKTOK.COM/@JESLEISALLINES02?_R=1&_T=ZS-97IT8FSAHXO";"";"21/09/2026";"12:30:47"
"210002539789";"HTTPS://WWW.FACEBOOK.COM/SHARE/1VHYMT4X1V/";"";"21/09/2026";"12:30:47"
"210002539793";"HTTPS://WWW.TIKTOK.COM/@CARLOS.BREIK.LEIT?_R=1&_T=ZS-98RNNURRITA";"";"21/09/2026";"12:30:47"
"210002539804";"HTTPS://WWW.THIAGODELEON.COM.BR/";"";"21/09/2026";"12:30:47"
