"DT_GERACAO";"HH_GERACAO";"SQ_CANDIDATO";"CD_DETALHE_SITUACAO_CAND";"DS_DETALHE_SITUACAO_CAND";"ST_REELEICAO";"CD_SITUACAO_CANDIDATO_PLEITO";"DS_SITUACAO_CANDIDATO_PLEITO";"CD_SITUACAO_CANDIDATO_URNA";"DS_SITUACAO_CANDIDATO_URNA";"CD_SITUACAO_CANDIDATO_TOT";"DS_SITUACAO_CANDIDATO_TOT";"CD_SITUACAO_JULGAMENTO";"DS_SITUACAO_JULGAMENTO";"CD_SITUACAO_JULGAMENTO_PLEITO";"DS_SITUACAO_JULGAMENTO_PLEITO";"CD_SITUACAO_JULGAMENTO_URNA";"DS_SITUACAO_JULGAMENTO_URNA";"CD_SITUACAO_CASSACAO";"DS_SITUACAO_CASSACAO";"CD_SITUACAO_CASSACAO_MIDIA";"DS_SITUACAO_CASSACAO_MIDIA";"CD_SITUACAO_DIPLOMA";"DS_SITUACAO_DIPLOMA"
"21/09/2026";"12:31:37";"210002537537";"-3";"#NE";"#NE";"-3";"#NE";"-3";"#NE";"2";"DEFERIDO";"2";"DEFERIDO";"2";"DEFERIDO";"2";"DEFERIDO";"-1";"#NULO";"-1";"#NULO";"-1";"#NULO"
"21/09/2026";"12:31:37";"210002539780";"-3";"#NE";"#NE";"-3";"#NE";"-3";"#NE";"2";"DEFERIDO";"2";"DEFERIDO";"2";"DEFERIDO";"2";"DEFERIDO";"-1";"#NULO";"-1";"#NULO";"-1";"#NULO"
"21/09/2026";"12:31:37";"210002537527";"-3";"#NE";"#NE";"-3";"#NE";"-3";"#NE";"2";"DEFERIDO";"2";"DEFERIDO";"2";"DEFERIDO";"2";"DEFERIDO";"-1";"#NULO";"-1";"#NULO";"-1";"#NULO"
"21/09/2026";"12:31:37";"210002533942";"-3";"#NE";"#NE";"-3";"#NE";"-3";"#NE";"2";"DEFERIDO";"2";"DEFERIDO";"2";"DEFERIDO";"2";"DEFERIDO";"-1";"#NULO";"-1";"#NULO";"-1";"#NULO"
"21/09/2026";"12:31:37";"210002533938";"-3";"#NE";"#NE";"-3";"#NE";"-3";"#NE";"2";"DEFERIDO";"2";"DEFERIDO";"2";"DEFERIDO";"2";"DEFERIDO";"-1";"#NULO";"-1";"#NULO";"-1";"#NULO"
"21/09/2026";"12:31:37";"210002539788";"-3";"#NE";"#NE";"-3";"#NE";"-3";"#NE";"2";"DEFERIDO";"2";"DEFERIDO";"2";"DEFERIDO";"2";"DEFERIDO";"-1";"#NULO";"-1";"#NULO";"-1";"#NULO"
"21/09/2026";"12:31:37";"210002539800";"-3";"#NE";"#NE";"-3";"#NE";"-3";"#NE";"2";"DEFERIDO";"2";"DEFERIDO";"2";"DEFERIDO";"2";"DEFERIDO";"-1";"#NULO";"-1";"#NULO";"-1";"#NULO"
"21/09/2026";"12:31:37";"210002534026";"-3";"#NE";"#NE";"-3";"#NE";"-3";"#NE";"2";"DEFERIDO";"2";"DEFERIDO";"2";"DEFERIDO";"2";"DEFERIDO";"-1";"#NULO";"-1";"#NULO";"-1";"#NULO"
"21/09/2026";"12:31:37";"210002533924";"-3";"#NE";"#NE";"-3";"#NE";"-3";"#NE";"2";"DEFERIDO";"2";"DEFERIDO";"2";"DEFERIDO";"2";"DEFERIDO";"-1";"#NULO";"-1";"#NULO";"-1";"#NULO"
"21/09/2026";"12:31:37";"210002533930";"-3";"#NE";"#NE";"-3";"#NE";"-3";"#NE";"2";"DEFERIDO";"2";"DEFERIDO";"2";"DEFERIDO";"2";"DEFERIDO";"-1";"#NULO";"-1";"#NULO";"-1";"#NULO"
"21/09/2026";"12:31:37";"210002537526";"-3";"#NE";"#NE";"-3";"#NE";"-3";"#NE";"2";"DEFERIDO";"2";"DEFERIDO";"2";"DEFERIDO";"2";"DEFERIDO";"-1";"#NULO";"-1";"#NULO";"-1";"#NULO"
"21/09/2026";"12:31:37";"210002534040";"-3";"#NE";"#NE";"-3";"#NE";"-3";"#NE";"2";"DEFERIDO";"2";"DEFERIDO";"2";"DEFERIDO";"2";"DEFERIDO";"-1";"#NULO";"-1";"#NULO";"-1";"#NULO"
"21/09/2026";"12:31:37";"210002533940";"-3";"#NE";"#NE";"-3";"#NE";"-3";"#NE";"2";"DEFERIDO";"2";"DEFERIDO";"2";"DEFERIDO";"2";"DEFERIDO";"-1";"#NULO";"-1";"#NULO";"-1";"#NULO"
"21/09/2026";"12:31:37";"210002533391";"-3";"#NE";"#NE";"-3";"#NE";"-3";"#NE";"2";"DEFERIDO";"2";"DEFERIDO";"2";"DEFERIDO";"2";"DEFERIDO";"-1";"#NULO";"-1";"#NULO";"-1";"#NULO"
"21/09/2026";"12:31:37";"210002537542";"-3";"#NE";"#NE";"-3";"#NE";"-3";"#NE";"2";"DEFERIDO";"2";"DEFERIDO";"2";"DEFERIDO";"2";"DEFERIDO";"-1";"#NULO";"-1";"#NULO";"-1";"#NULO"
"21/09/2026";"12:31:37";"210002534005";"-3";"#NE";"#NE";"-3";"#NE";"-3";"#NE";"2";"DEFERIDO";"2";"DEFERIDO";"2";"DEFERIDO";"2";"DEFERIDO";"-1";"#NULO";"-1";"#NULO";"-1";"#NULO"
"21/09/2026";"12:31:37";"210002533939";"-3";"#NE";"#NE";"-3";"#NE";"-3";"#NE";"2";"DEFERIDO";"2";"DEFERIDO";"2";"DEFERIDO";"2";"DEFERIDO";"-1";"#NULO";"-1";"#NULO";"-1";"#NULO"
"21/09/2026";"12:31:37";"210002537541";"-3";"#NE";"#NE";"-3";"#NE";"-3";"#NE";"2";"DEFERIDO";"2";"DEFERIDO";"2";"DEFERIDO";"2";"DEFERIDO";"-1";"#NULO";"-1";"#NULO";"-1";"#NULO"
"21/09/2026";"12:31:37";"210002537530";"-3";"#NE";"#NE";"-3";"#NE";"-3";"#NE";"2";"DEFERIDO";"2";"DEFERIDO";"2";"DEFERIDO";"2";"DEFERIDO";"-1";"#NULO";"-1";"#NULO";"-1";"#NULO"
"21/09/2026";"12:31:37";"210002539797";"-3";"#NE";"#NE";"-3";"#NE";"-3";"#NE";"2";"DEFERIDO";"2";"DEFERIDO";"2";"DEFERIDO";"2";"DEFERIDO";"-1";"#NULO";"-1";"#NULO";"-1";"#NULO"
"21/09/2026";"12:31:37";"210002537534";"-3";"#NE";"#NE";"-3";"#NE";"-3";"#NE";"2";"DEFERIDO";"2";"DEFERIDO";"2";"DEFERIDO";"2";"DEFERIDO";"-1";"#NULO";"-1";"#NULO";"-1";"#NULO"
"21/09/2026";"12:31:37";"210002539806";"-3";"#NE";"#NE";"-3";"#NE";"-3";"#NE";"2";"DEFERIDO";"2";"DEFERIDO";"2";"DEFERIDO";"2";"DEFERIDO";"-1";"#NULO";"-1";"#NULO";"-1";"#NULO"
"21/09/2026";"12:31:37";"210002539820";"-3";"#NE";"#NE";"-3";"#NE";"-3";"#NE";"2";"DEFERIDO";"2";"DEFERIDO";"2";"DEFERIDO";"2";"DEFERIDO";"-1";"#NULO";"-1";"#NULO";"-1";"#NULO"
"21/09/2026";"12:31:37";"210002539822";"-3";"#NE";"#NE";"-3";"#NE";"-3";"#NE";"2";"DEFERIDO";"2";"DEFERIDO";"2";"DEFERIDO";"2";"DEFERIDO";"-1";"#NULO";"-1";"#NULO";"-1";"#NULO"
"21/09/2026";"12:31:37";"210002534010";"-3";"#NE";"#NE";"-3";"#NE";"-3";"#NE";"2";"DEFERIDO";"2";"DEFERIDO";"2";"DEFERIDO";"2";"DEFERIDO";"-1";"#NULO";"-1";"#NULO";"-1";"#NULO"
"21/09/2026";"12:31:37";"210002534025";"-3";"#NE";"#NE";"-3";"#NE";"-3";"#NE";"2";"DEFERIDO";"2";"DEFERIDO";"2";"DEFERIDO";"2";"DEFERIDO";"-1";"#NULO";"-1";"#NULO";"-1";"#NULO"
"21/09/2026";"12:31:37";"210002534012";"-3";"#NE";"#NE";"-3";"#NE";"-3";"#NE";"2";"DEFERIDO";"2";"DEFERIDO";"2";"DEFERIDO";"2";"DEFERIDO";"-1";"#NULO";"-1";"#NULO";"-1";"#NULO"
"21/09/2026";"12:31:37";"210002533925";"-3";"#NE";"#NE";"-3";"#NE";"-3";"#NE";"2";"DEFERIDO";"2";"DEFERIDO";"2";"DEFERIDO";"2";"DEFERIDO";"-1";"#NULO";"-1";"#NULO";"-1";"#NULO"
"21/09/2026";"12:31:37";"210002537543";"-3";"#NE";"#NE";"-3";"#NE";"-3";"#NE";"2";"DEFERIDO";"2";"DEFERIDO";"2";"DEFERIDO";"2";"DEFERIDO";"-1";"#NULO";"-1";"#NULO";"-1";"#NULO"
"21/09/2026";"12:31:37";"210002539795";"-3";"#NE";"#NE";"-3";"#NE";"-3";"#NE";"2";"DEFERIDO";"2";"DEFERIDO";"2";"DEFERIDO";"2";"DEFERIDO";"-1";"#NULO";"-1";"#NULO";"-1";"#NULO"
"21/09/2026";"12:31:37";"210002537539";"-3";"#NE";"#NE";"-3";"#NE";"-3";"#NE";"2";"DEFERIDO";"2";"DEFERIDO";"2";"DEFERIDO";"2";"DEFERIDO";"-1";"#NULO";"-1";"#NULO";"-1";"#NULO"
"21/09/2026";"12:31:37";"210002539803";"-3";"#NE";"#NE";"-3";"#NE";"-3";"#NE";"2";"DEFERIDO";"2";"DEFERIDO";"2";"DEFERIDO";"2";"DEFERIDO";"-1";"#NULO";"-1";"#NULO";"-1";"#NULO"
"21/09/2026";"12:31:37";"210002534020";"-3";"#NE";"#NE";"-3";"#NE";"-3";"#NE";"2";"DEFERIDO";"2";"DEFERIDO";"2";"DEFERIDO";"2";"DEFERIDO";"-1";"#NULO";"-1";"#NULO";"-1";"#NULO"
"21/09/2026";"12:31:37";"210002534034";"-3";"#NE";"#NE";"-3";"#NE";"-3";"#NE";"2";"DEFERIDO";"2";"DEFERIDO";"2";"DEFERIDO";"2";"DEFERIDO";"-1";"#NULO";"-1";"#NULO";"-1";"#NULO"
"21/09/2026";"12:31:37";"210002534032";"-3";"#NE";"#NE";"-3";"#NE";"-3";"#NE";"2";"DEFERIDO";"2";"DEFERIDO";"2";"DEFERIDO";"2";"DEFERIDO";"-1";"#NULO";"-1";"#NULO";"-1";"#NULO"
"21/09/2026";"12:31:37";"210002534024";"-3";"#NE";"#NE";"-3";"#NE";"-3";"#NE";"2";"DEFERIDO";"2";"DEFERIDO";"2";"DEFERIDO";"2";"DEFERIDO";"-1";"#NULO";"-1";"#NULO";"-1";"#NULO"
"21/09/2026";"12:31:37";"210002534027";"-3";"#NE";"#NE";"-3";"#NE";"-3";"#NE";"2";"DEFERIDO";"2";"DEFERIDO";"2";"DEFERIDO";"2";"DEFERIDO";"-1";"#NULO";"-1";"#NULO";"-1";"#NULO"
"21/09/2026";"12:31:37";"210002533937";"-3";"#NE";"#NE";"-3";"#NE";"-3";"#NE";"2";"DEFERIDO";"2";"DEFERIDO";"2";"DEFERIDO";"2";"DEFERIDO";"-1";"#NULO";"-1";"#NULO";"-1";"#NULO"
"21/09/2026";"12:31:37";"210002537525";"-3";"#NE";"#NE";"-3";"#NE";"-3";"#NE";"2";"DEFERIDO";"2";"DEFERIDO";"2";"DEFERIDO";"2";"DEFERIDO";"-1";"#NULO";"-1";"#NULO";"-1";"#NULO"
"21/09/2026";"12:31:37";"210002534041";"-3";"#NE";"#NE";"-3";"#NE";"-3";"#NE";"2";"DEFERIDO";"2";"DEFERIDO";"2";"DEFERIDO";"2";"DEFERIDO";"-1";"#NULO";"-1";"#NULO";"-1";"#NULO"
"21/09/2026";"12:31:37";"210002534015";"-3";"#NE";"#NE";"-3";"#NE";"-3";"#NE";"2";"DEFERIDO";"2";"DEFERIDO";"2";"DEFERIDO";"2";"DEFERIDO";"-1";"#NULO";"-1";"#NULO";"-1";"#NULO"
"21/09/2026";"12:31:37";"210002534050";"-3";"#NE";"#NE";"-3";"#NE";"-3";"#NE";"2";"DEFERIDO";"2";"DEFERIDO";"2";"DEFERIDO";"2";"DEFERIDO";"-1";"#NULO";"-1";"#NULO";"-1";"#NULO"
"21/09/2026";"12:31:37";"210002539819";"-3";"#NE";"#NE";"-3";"#NE";"-3";"#NE";"2";"DEFERIDO";"2";"DEFERIDO";"2";"DEFERIDO";"2";"DEFERIDO";"-1";"#NULO";"-1";"#NULO";"-1";"#NULO"
"21/09/2026";"12:31:37";"210002539812";"-3";"#NE";"#NE";"-3";"#NE";"-3";"#NE";"2";"DEFERIDO";"2";"DEFERIDO";"2";"DEFERIDO";"2";"DEFERIDO";"-1";"#NULO";"-1";"#NULO";"-1";"#NULO"
"21/09/2026";"12:31:37";"210002534021";"-3";"#NE";"#NE";"-3";"#NE";"-3";"#NE";"2";"DEFERIDO";"2";"DEFERIDO";"2";"DEFERIDO";"2";"DEFERIDO";"-1";"#NULO";"-1";"#NULO";"-1";"#NULO"
"21/09/2026";"12:31:37";"210002533935";"-3";"#NE";"#NE";"-3";"#NE";"-3";"#NE";"2";"DEFERIDO";"2";"DEFERIDO";"2";"DEFERIDO";"2";"DEFERIDO";"-1";"#NULO";"-1";"#NULO";"-1";"#NULO"
"21/09/2026";"12:31:37";"210002533943";"-3";"#NE";"#NE";"-3";"#NE";"-3";"#NE";"2";"DEFERIDO";"2";"DEFERIDO";"2";"DEFERIDO";"2";"DEFERIDO";"-1";"#NULO";"-1";"#NULO";"-1";"#NULO"
"21/09/2026";"12:31:37";"210002533941";"-3";"#NE";"#NE";"-3";"#NE";"-3";"#NE";"2";"DEFERIDO";"2";"DEFERIDO";"2";"DEFERIDO";"2";"DEFERIDO";"-1";"#NULO";"-1";"#NULO";"-1";"#NULO"
"21/09/2026";"12:31:37";"210002537533";"-3";"#NE";"#NE";"-3";"#NE";"-3";"#NE";"2";"DEFERIDO";"2";"DEFERIDO";"2";"DEFERIDO";"2";"DEFERIDO";"-1";"#NULO";"-1";"#NULO";"-1";"#NULO"
"21/09/2026";"12:31:37";"210002539787";"-3";"#NE";"#NE";"-3";"#NE";"-3";"#NE";"2";"DEFERIDO";"2";"DEFERIDO";"2";"DEFERIDO";"2";"DEFERIDO";"-1";"#NULO";"-1";"#NULO";"-1";"#NULO"
"21/09/2026";"12:31:37";"210002539805";"-3";"#NE";"#NE";"-3";"#NE";"-3";"#NE";"2";"DEFERIDO";"2";"DEFERIDO";"2";"DEFERIDO";"2";"DEFERIDO";"-1";"#NULO";"-1";"#NULO";"-1";"#NULO"
"21/09/2026";"12:31:37";"210002534016";"-3";"#NE";"#NE";"-3";"#NE";"-3";"#NE";"2";"DEFERIDO";"2";"DEFERIDO";"2";"DEFERIDO";"2";"DEFERIDO";"-1";"#NULO";"-1";"#NULO";"-1";"#NULO"
"21/09/2026";"12:31:37";"210002534017";"-3";"#NE";"#NE";"-3";"#NE";"-3";"#NE";"2";"DEFERIDO";"2";"DEFERIDO";"2";"DEFERIDO";"2";"DEFERIDO";"-1";"#NULO";"-1";"#NULO";"-1";"#NULO"
"21/09/2026";"12:31:37";"210002533390";"-3";"#NE";"#NE";"-3";"#NE";"-3";"#NE";"2";"DEFERIDO";"2";"DEFERIDO";"2";"DEFERIDO";"2";"DEFERIDO";"-1";"#NULO";"-1";"#NULO";"-1";"#NULO"
"21/09/2026";"12:31:37";"210002533936";"-3";"#NE";"#NE";"-3";"#NE";"-3";"#NE";"2";"DEFERIDO";"2";"DEFERIDO";"2";"DEFERIDO";"2";"DEFERIDO";"-1";"#NULO";"-1";"#NULO";"-1";"#NULO"
"21/09/2026";"12:31:37";"210002534029";"-3";"#NE";"#NE";"-3";"#NE";"-3";"#NE";"2";"DEFERIDO";"2";"DEFERIDO";"2";"DEFERIDO";"2";"DEFERIDO";"-1";"#NULO";"-1";"#NULO";"-1";"#NULO"
"21/09/2026";"12:31:37";"210002539793";"-3";"#NE";"#NE";"-3";"#NE";"-3";"#NE";"2";"DEFERIDO";"2";"DEFERIDO";"2";"DEFERIDO";"2";"DEFERIDO";"-1";"#NULO";"-1";"#NULO";"-1";"#NULO"
"21/09/2026";"12:31:37";"210002539799";"-3";"#NE";"#NE";"-3";"#NE";"-3";"#NE";"2";"DEFERIDO";"2";"DEFERIDO";"2";"DEFERIDO";"2";"DEFERIDO";"-1";"#NULO";"-1";"#NULO";"-1";"#NULO"
"21/09/2026";"12:31:37";"210002534036";"-3";"#NE";"#NE";"-3";"#NE";"-3";"#NE";"2";"DEFERIDO";"2";"DEFERIDO";"2";"DEFERIDO";"2";"DEFERIDO";"-1";"#NULO";"-1";"#NULO";"-1";"#NULO"
"21/09/2026";"12:31:37";"210002534033";"-3";"#NE";"#NE";"-3";"#NE";"-3";"#NE";"2";"DEFERIDO";"2";"DEFERIDO";"2";"DEFERIDO";"2";"DEFERIDO";"-1";"#NULO";"-1";"#NULO";"-1";"#NULO"
"21/09/2026";"12:31:37";"210002537529";"-3";"#NE";"#NE";"-3";"#NE";"-3";"#NE";"2";"DEFERIDO";"2";"DEFERIDO";"2";"DEFERIDO";"2";"DEFERIDO";"-1";"#NULO";"-1";"#NULO";"-1";"#NULO"
"21/09/2026";"12:31:37";"210002539804";"-3";"#NE";"#NE";"-3";"#NE";"-3";"#NE";"2";"DEFERIDO";"2";"DEFERIDO";"2";"DEFERIDO";"2";"DEFERIDO";"-1";"#NULO";"-1";"#NULO";"-1";"#NULO"
"21/09/2026";"12:31:37";"210002539823";"-3";"#NE";"#NE";"-3";"#NE";"-3";"#NE";"2";"DEFERIDO";"2";"DEFERIDO";"2";"DEFERIDO";"2";"DEFERIDO";"-1";"#NULO";"-1";"#NULO";"-1";"#NULO"
"21/09/2026";"12:31:37";"210002539813";"-3";"#NE";"#NE";"-3";"#NE";"-3";"#NE";"2";"DEFERIDO";"2";"DEFERIDO";"2";"DEFERIDO";"2";"DEFERIDO";"-1";"#NULO";"-1";"#NULO";"-1";"#NULO"
"21/09/2026";"12:31:37";"210002534030";"-3";"#NE";"#NE";"-3";"#NE";"-3";"#NE";"2";"DEFERIDO";"2";"DEFERIDO";"2";"DEFERIDO";"2";"DEFERIDO";"-1";"#NULO";"-1";"#NULO";"-1";"#NULO"
"21/09/2026";"12:31:37";"210002534007";"-3";"#NE";"#NE";"-3";"#NE";"-3";"#NE";"2";"DEFERIDO";"2";"DEFERIDO";"2";"DEFERIDO";"2";"DEFERIDO";"-1";"#NULO";"-1";"#NULO";"-1";"#NULO"
"21/09/2026";"12:31:37";"210002534011";"-3";"#NE";"#NE";"-3";"#NE";"-3";"#NE";"2";"DEFERIDO";"2";"DEFERIDO";"2";"DEFERIDO";"2";"DEFERIDO";"-1";"#NULO";"-1";"#NULO";"-1";"#NULO"
"21/09/2026";"12:31:37";"210002533944";"-3";"#NE";"#NE";"-3";"#NE";"-3";"#NE";"2";"DEFERIDO";"2";"DEFERIDO";"2";"DEFERIDO";"2";"DEFERIDO";"-1";"#NULO";"-1";"#NULO";"-1";"#NULO"
"21/09/2026";"12:31:37";"210002539779";"-3";"#NE";"#NE";"-3";"#NE";"-3";"#NE";"2";"DEFERIDO";"2";"DEFERIDO";"2";"DEFERIDO";"2";"DEFERIDO";"-1";"#NULO";"-1";"#NULO";"-1";"#NULO"
"21/09/2026";"12:31:37";"210002534037";"-3";"#NE";"#NE";"-3";"#NE";"-3";"#NE";"2";"DEFERIDO";"2";"DEFERIDO";"2";"DEFERIDO";"2";"DEFERIDO";"-1";"#NULO";"-1";"#NULO";"-1";"#NULO"
"21/09/2026";"12:31:37";"210002534048";"-3";"#NE";"#NE";"-3";"#NE";"-3";"#NE";"2";"DEFERIDO";"2";"DEFERIDO";"2";"DEFERIDO";"2";"DEFERIDO";"-1";"#NULO";"-1";"#NULO";"-1";"#NULO"
"21/09/2026";"12:31:37";"210002534052";"-3";"#NE";"#NE";"-3";"#NE";"-3";"#NE";"2";"DEFERIDO";"2";"DEFERIDO";"2";"DEFERIDO";"2";"DEFERIDO";"-1";"#NULO";"-1";"#NULO";"-1";"#NULO"
"21/09/2026";"12:31:37";"210002533946";"-3";"#NE";"#NE";"-3";"#NE";"-3";"#NE";"2";"DEFERIDO";"2";"DEFERIDO";"2";"DEFERIDO";"2";"DEFERIDO";"-1";"#NULO";"-1";"#NULO";"-1";"#NULO"
"21/09/2026";"12:31:37";"210002533931";"-3";"#NE";"#NE";"-3";"#NE";"-3";"#NE";"2";"DEFERIDO";"2";"DEFERIDO";"2";"DEFERIDO";"2";"DEFERIDO";"-1";"#NULO";"-1";"#NULO";"-1";"#NULO"
"21/09/2026";"12:31:37";"210002533945";"-3";"#NE";"#NE";"-3";"#NE";"-3";"#NE";"2";"DEFERIDO";"2";"DEFERIDO";"2";"DEFERIDO";"2";"DEFERIDO";"-1";"#NULO";"-1";"#NULO";"-1";"#NULO"
"21/09/2026";"12:31:37";"210002534022";"-3";"#NE";"#NE";"-3";"#NE";"-3";"#NE";"2";"DEFERIDO";"2";"DEFERIDO";"2";"DEFERIDO";"2";"DEFERIDO";"-1";"#NULO";"-1";"#NULO";"-1";"#NULO"
"21/09/2026";"12:31:37";"210002534043";"-3";"#NE";"#NE";"-3";"#NE";"-3";"#NE";"2";"DEFERIDO";"2";"DEFERIDO";"2";"DEFERIDO";"2";"DEFERIDO";"-1";"#NULO";"-1";"#NULO";"-1";"#NULO"
"21/09/2026";"12:31:37";"210002537545";"-3";"#NE";"#NE";"-3";"#NE";"-3";"#NE";"2";"DEFERIDO";"2";"DEFERIDO";"2";"DEFERIDO";"2";"DEFERIDO";"-1";"#NULO";"-1";"#NULO";"-1";"#NULO"
"21/09/2026";"12:31:37";"210002537531";"-3";"#NE";"#NE";"-3";"#NE";"-3";"#NE";"2";"DEFERIDO";"2";"DEFERIDO";"2";"DEFERIDO";"2";"DEFERIDO";"-1";"#NULO";"-1";"#NULO";"-1";"#NULO"
"21/09/2026";"12:31:37";"210002539791";"-3";"#NE";"#NE";"-3";"#NE";"-3";"#NE";"2";"DEFERIDO";"2";"DEFERIDO";"2";"DEFERIDO";"2";"DEFERIDO";"-1";"#NULO";"-1";"#NULO";"-1";"#NULO"
"21/09/2026";"12:31:37";"210002539798";"-3";"#NE";"#NE";"-3";"#NE";"-3";"#NE";"2";"DEFERIDO";"2";"DEFERIDO";"2";"DEFERIDO";"2";"DEFERIDO";"-1";"#NULO";"-1";"#NULO";"-1";"#NULO"
"21/09/2026";"12:31:37";"210002537532";"-3";"#NE";"#NE";"-3";"#NE";"-3";"#NE";"2";"DEFERIDO";"2";"DEFERIDO";"2";"DEFERIDO";"2";"DEFERIDO";"-1";"#NULO";"-1";"#NULO";"-1";"#NULO"
"21/09/2026";"12:31:37";"210002537538";"-3";"#NE";"#NE";"-3";"#NE";"-3";"#NE";"2";"DEFERIDO";"2";"DEFERIDO";"2";"DEFERIDO";"2";"DEFERIDO";"-1";"#NULO";"-1";"#NULO";"-1";"#NULO"
"21/09/2026";"12:31:37";"210002539786";"-3";"#NE";"#NE";"-3";"#NE";"-3";"#NE";"2";"DEFERIDO";"2";"DEFERIDO";"2";"DEFERIDO";"2";"DEFERIDO";"-1";"#NULO";"-1";"#NULO";"-1";"#NULO"
"21/09/2026";"12:31:37";"210002539782";"-3";"#NE";"#NE";"-3";"#NE";"-3";"#NE";"2";"DEFERIDO";"2";"DEFERIDO";"2";"DEFERIDO";"2";"DEFERIDO";"-1";"#NULO";"-1";"#NULO";"-1";"#NULO"
"21/09/2026";"12:31:37";"210002539789";"-3";"#NE";"#NE";"-3";"#NE";"-3";"#NE";"2";"DEFERIDO";"2";"DEFERIDO";"2";"DEFERIDO";"2";"DEFERIDO";"-1";"#NULO";"-1";"#NULO";"-1";"#NULO"
"21/09/2026";"12:31:37";"210002534014";"-3";"#NE";"#NE";"-3";"#NE";"-3";"#NE";"2";"DEFERIDO";"2";"DEFERIDO";"2";"DEFERIDO";"2";"DEFERIDO";"-1";"#NULO";"-1";"#NULO";"-1";"#NULO"
"21/09/2026";"12:31:37";"210002534009";"-3";"#NE";"#NE";"-3";"#NE";"-3";"#NE";"2";"DEFERIDO";"2";"DEFERIDO";"2";"DEFERIDO";"2";"DEFERIDO";"-1";"#NULO";"-1";"#NULO";"-1";"#NULO"
"21/09/2026";"12:31:37";"210002539781";"-3";"#NE";"#NE";"-3";"#NE";"-3";"#NE";"2";"DEFERIDO";"2";"DEFERIDO";"2";"DEFERIDO";"2";"DEFERIDO";"-1";"#NULO";"-1";"#NULO";"-1";"#NULO"
"21/09/2026";"12:31:37";"210002539807";"-3";"#NE";"#NE";"-3";"#NE";"-3";"#NE";"2";"DEFERIDO";"2";"DEFERIDO";"2";"DEFERIDO";"2";"DEFERIDO";"-1";"#NULO";"-1";"#NULO";"-1";"#NULO"
"21/09/2026";"12:31:37";"210002539777";"-3";"#NE";"#NE";"-3";"#NE";"-3";"#NE";"2";"DEFERIDO";"2";"DEFERIDO";"2";"DEFERIDO";"2";"DEFERIDO";"-1";"#NULO";"-1";"#NULO";"-1";"#NULO"
"21/09/2026";"12:31:37";"210002534039";"-3";"#NE";"#NE";"-3";"#NE";"-3";"#NE";"2";"DEFERIDO";"2";"DEFERIDO";"2";"DEFERIDO";"2";"DEFERIDO";"-1";"#NULO";"-1";"#NULO";"-1";"#NULO"
"21/09/2026";"12:31:37";"210002534044";"-3";"#NE";"#NE";"-3";"#NE";"-3";"#NE";"2";"DEFERIDO";"2";"DEFERIDO";"2";"DEFERIDO";"2";"DEFERIDO";"-1";"#NULO";"-1";"#NULO";"-1";"#NULO"
"21/09/2026";"12:31:37";"210002533926";"-3";"#NE";"#NE";"-3";"#NE";"-3";"#NE";"2";"DEFERIDO";"2";"DEFERIDO";"2";"DEFERIDO";"2";"DEFERIDO";"-1";"#NULO";"-1";"#NULO";"-1";"#NULO"
"21/09/2026";"12:31:37";"210002537544";"-3";"#NE";"#NE";"-3";"#NE";"-3";"#NE";"2";"DEFERIDO";"2";"DEFERIDO";"2";"DEFERIDO";"2";"DEFERIDO";"-1";"#NULO";"-1";"#NULO";"-1";"#NULO"
"21/09/2026";"12:31:37";"210002537540";"-3";"#NE";"#NE";"-3";"#NE";"-3";"#NE";"2";"DEFERIDO";"2";"DEFERIDO";"2";"DEFERIDO";"2";"DEFERIDO";"-1";"#NULO";"-1";"#NULO";"-1";"#NULO"
"21/09/2026";"12:31:37";"210002534028";"-3";"#NE";"#NE";"-3";"#NE";"-3";"#NE";"2";"DEFERIDO";"2";"DEFERIDO";"2";"DEFERIDO";"2";"DEFERIDO";"-1";"#NULO";"-1";"#NULO";"-1";"#NULO"
"21/09/2026";"12:31:37";"210002537535";"-3";"#NE";"#NE";"-3";"#NE";"-3";"#NE";"2";"DEFERIDO";"2";"DEFERIDO";"2";"DEFERIDO";"2";"DEFERIDO";"-1";"#NULO";"-1";"#NULO";"-1";"#NULO"
"21/09/2026";"12:31:37";"210002539801";"-3";"#NE";"#NE";"-3";"#NE";"-3";"#NE";"2";"DEFERIDO";"2";"DEFERIDO";"2";"DEFERIDO";"2";"DEFERIDO";"-1";"#NULO";"-1";"#NULO";"-1";"#NULO"
"21/09/2026";"12:31:37";"210002539809";"-3";"#NE";"#NE";"-3";"#NE";"-3";"#NE";"2";"DEFERIDO";"2";"DEFERIDO";"2";"DEFERIDO";"2";"DEFERIDO";"-1";"#NULO";"-1";"#NULO";"-1";"#NULO"
"21/09/2026";"12:31:37";"210002539818";"-3";"#NE";"#NE";"-3";"#NE";"-3";"#NE";"2";"DEFERIDO";"2";"DEFERIDO";"2";"DEFERIDO";"2";"DEFERIDO";"-1";"#NULO";"-1";"#NULO";"-1";"#NULO"
"21/09/2026";"12:31:37";"210002539815";"-3";"#NE";"#NE";"-3";"#NE";"-3";"#NE";"2";"DEFERIDO";"2";"DEFERIDO";"2";"DEFERIDO";"2";"DEFERIDO";"-1";"#NULO";"-1";"#NULO";"-1";"#NULO"
"21/09/2026";"12:31:37";"210002534003";"-3";"#NE";"#NE";"-3";"#NE";"-3";"#NE";"2";"DEFERIDO";"2";"DEFERIDO";"2";"DEFERIDO";"2";"DEFERIDO";"-1";"#NULO";"-1";"#NULO";"-1";"#NULO"
"21/09/2026";"12:31:37";"210002533933";"-3";"#NE";"#NE";"-3";"#NE";"-3";"#NE";"2";"DEFERIDO";"2";"DEFERIDO";"2";"DEFERIDO";"2";"DEFERIDO";"-1";"#NULO";"-1";"#NULO";"-1";"#NULO"
"21/09/2026";"12:31:37";"210002539785";"-3";"#NE";"#NE";"-3";"#NE";"-3";"#NE";"2";"DEFERIDO";"2";"DEFERIDO";"2";"DEFERIDO";"2";"DEFERIDO";"-1";"#NULO";"-1";"#NULO";"-1";"#NULO"
"21/09/2026";"12:31:37";"210002539792";"-3";"#NE";"#NE";"-3";"#NE";"-3";"#NE";"2";"DEFERIDO";"2";"DEFERIDO";"2";"DEFERIDO";"2";"DEFERIDO";"-1";"#NULO";"-1";"#NULO";"-1";"#NULO"
"21/09/2026";"12:31:37";"210002539784";"-3";"#NE";"#NE";"-3";"#NE";"-3";"#NE";"2";"DEFERIDO";"2";"DEFERIDO";"2";"DEFERIDO";"2";"DEFERIDO";"-1";"#NULO";"-1";"#NULO";"-1";"#NULO"
"21/09/2026";"12:31:37";"210002539810";"-3";"#NE";"#NE";"-3";"#NE";"-3";"#NE";"2";"DEFERIDO";"2";"DEFERIDO";"2";"DEFERIDO";"2";"DEFERIDO";"-1";"#NULO";"-1";"#NULO";"-1";"#NULO"
"21/09/2026";"12:31:37";"210002539816";"-3";"#NE";"#NE";"-3";"#NE";"-3";"#NE";"2";"DEFERIDO";"2";"DEFERIDO";"2";"DEFERIDO";"2";"DEFERIDO";"-1";"#NULO";"-1";"#NULO";"-1";"#NULO"
"21/09/2026";"12:31:37";"210002533928";"-3";"#NE";"#NE";"-3";"#NE";"-3";"#NE";"2";"DEFERIDO";"2";"DEFERIDO";"2";"DEFERIDO";"2";"DEFERIDO";"-1";"#NULO";"-1";"#NULO";"-1";"#NULO"
"21/09/2026";"12:31:37";"210002537548";"-3";"#NE";"#NE";"-3";"#NE";"-3";"#NE";"2";"DEFERIDO";"2";"DEFERIDO";"2";"DEFERIDO";"2";"DEFERIDO";"-1";"#NULO";"-1";"#NULO";"-1";"#NULO"
"21/09/2026";"12:31:37";"210002537546";"-3";"#NE";"#NE";"-3";"#NE";"-3";"#NE";"2";"DEFERIDO";"2";"DEFERIDO";"2";"DEFERIDO";"2";"DEFERIDO";"-1";"#NULO";"-1";"#NULO";"-1";"#NULO"
"21/09/2026";"12:31:37";"210002539817";"-3";"#NE";"#NE";"-3";"#NE";"-3";"#NE";"2";"DEFERIDO";"2";"DEFERIDO";"2";"DEFERIDO";"2";"DEFERIDO";"-1";"#NULO";"-1";"#NULO";"-1";"#NULO"
"21/09/2026";"12:31:37";"210002539778";"-3";"#NE";"#NE";"-3";"#NE";"-3";"#NE";"2";"DEFERIDO";"2";"DEFERIDO";"2";"DEFERIDO";"2";"DEFERIDO";"-1";"#NULO";"-1";"#NULO";"-1";"#NULO"
"21/09/2026";"12:31:37";"210002539790";"-3";"#NE";"#NE";"-3";"#NE";"-3";"#NE";"2";"DEFERIDO";"2";"DEFERIDO";"2";"DEFERIDO";"2";"DEFERIDO";"-1";"#NULO";"-1";"#NULO";"-1";"#NULO"
"21/09/2026";"12:31:37";"210002539802";"-3";"#NE";"#NE";"-3";"#NE";"-3";"#NE";"2";"DEFERIDO";"2";"DEFERIDO";"2";"DEFERIDO";"2";"DEFERIDO";"-1";"#NULO";"-1";"#NULO";"-1";"#NULO"
"21/09/2026";"12:31:37";"210002539783";"-3";"#NE";"#NE";"-3";"#NE";"-3";"#NE";"2";"DEFERIDO";"2";"DEFERIDO";"2";"DEFERIDO";"2";"DEFERIDO";"-1";"#NULO";"-1";"#NULO";"-1";"#NULO"
"21/09/2026";"12:31:37";"210002534013";"-3";"#NE";"#NE";"-3";"#NE";"-3";"#NE";"2";"DEFERIDO";"2";"DEFERIDO";"2";"DEFERIDO";"2";"DEFERIDO";"-1";"#NULO";"-1";"#NULO";"-1";"#NULO"
"21/09/2026";"12:31:37";"210002534045";"-3";"#NE";"#NE";"-3";"#NE";"-3";"#NE";"2";"DEFERIDO";"2";"DEFERIDO";"2";"DEFERIDO";"2";"DEFERIDO";"-1";"#NULO";"-1";"#NULO";"-1";"#NULO"
"21/09/2026";"12:31:37";"210002539796";"-3";"#NE";"#NE";"-3";"#NE";"-3";"#NE";"2";"DEFERIDO";"2";"DEFERIDO";"2";"DEFERIDO";"2";"DEFERIDO";"-1";"#NULO";"-1";"#NULO";"-1";"#NULO"
"21/09/2026";"12:31:37";"210002534019";"-3";"#NE";"#NE";"-3";"#NE";"-3";"#NE";"2";"DEFERIDO";"2";"DEFERIDO";"2";"DEFERIDO";"2";"DEFERIDO";"-1";"#NULO";"-1";"#NULO";"-1";"#NULO"
"21/09/2026";"12:31:37";"210002534049";"-3";"#NE";"#NE";"-3";"#NE";"-3";"#NE";"2";"DEFERIDO";"2";"DEFERIDO";"2";"DEFERIDO";"2";"DEFERIDO";"-1";"#NULO";"-1";"#NULO";"-1";"#NULO"
"21/09/2026";"12:31:37";"210002534047";"-3";"#NE";"#NE";"-3";"#NE";"-3";"#NE";"2";"DEFERIDO";"2";"DEFERIDO";"2";"DEFERIDO";"2";"DEFERIDO";"-1";"#NULO";"-1";"#NULO";"-1";"#NULO"
"21/09/2026";"12:31:37";"210002534038";"-3";"#NE";"#NE";"-3";"#NE";"-3";"#NE";"2";"DEFERIDO";"2";"DEFERIDO";"2";"DEFERIDO";"2";"DEFERIDO";"-1";"#NULO";"-1";"#NULO";"-1";"#NULO"
"21/09/2026";"12:31:37";"210002534008";"-3";"#NE";"#NE";"-3";"#NE";"-3";"#NE";"2";"DEFERIDO";"2";"DEFERIDO";"2";"DEFERIDO";"2";"DEFERIDO";"-1";"#NULO";"-1";"#NULO";"-1";"#NULO"
"21/09/2026";"12:31:37";"210002534018";"-3";"#NE";"#NE";"-3";"#NE";"-3";"#NE";"2";"DEFERIDO";"2";"DEFERIDO";"2";"DEFERIDO";"2";"DEFERIDO";"-1";"#NULO";"-1";"#NULO";"-1";"#NULO"
"21/09/2026";"12:31:37";"210002537547";"-3";"#NE";"#NE";"-3";"#NE";"-3";"#NE";"2";"DEFERIDO";"2";"DEFERIDO";"2";"DEFERIDO";"2";"DEFERIDO";"-1";"#NULO";"-1";"#NULO";"-1";"#NULO"
"21/09/2026";"12:31:37";"210002534004";"-3";"#NE";"#NE";"-3";"#NE";"-3";"#NE";"2";"DEFERIDO";"2";"DEFERIDO";"2";"DEFERIDO";"2";"DEFERIDO";"-1";"#NULO";"-1";"#NULO";"-1";"#NULO"
"21/09/2026";"12:31:37";"210002534031";"-3";"#NE";"#NE";"-3";"#NE";"-3";"#NE";"2";"DEFERIDO";"2";"DEFERIDO";"2";"DEFERIDO";"2";"DEFERIDO";"-1";"#NULO";"-1";"#NULO";"-1";"#NULO"
"21/09/2026";"12:31:37";"210002537528";"-3";"#NE";"#NE";"-3";"#NE";"-3";"#NE";"2";"DEFERIDO";"2";"DEFERIDO";"2";"DEFERIDO";"2";"DEFERIDO";"-1";"#NULO";"-1";"#NULO";"-1";"#NULO"
"21/09/2026";"12:31:37";"210002539821";"-3";"#NE";"#NE";"-3";"#NE";"-3";"#NE";"2";"DEFERIDO";"2";"DEFERIDO";"2";"DEFERIDO";"2";"DEFERIDO";"-1";"#NULO";"-1";"#NULO";"-1";"#NULO"
"21/09/2026";"12:31:37";"210002534053";"-3";"#NE";"#NE";"-3";"#NE";"-3";"#NE";"2";"DEFERIDO";"2";"DEFERIDO";"2";"DEFERIDO";"2";"DEFERIDO";"-1";"#NULO";"-1";"#NULO";"-1";"#NULO"
"21/09/2026";"12:31:37";"210002534023";"-3";"#NE";"#NE";"-3";"#NE";"-3";"#NE";"2";"DEFERIDO";"2";"DEFERIDO";"2";"DEFERIDO";"2";"DEFERIDO";"-1";"#NULO";"-1";"#NULO";"-1";"#NULO"
"21/09/2026";"12:31:37";"210002534006";"-3";"#NE";"#NE";"-3";"#NE";"-3";"#NE";"2";"DEFERIDO";"2";"DEFERIDO";"2";"DEFERIDO";"2";"DEFERIDO";"-1";"#NULO";"-1";"#NULO";"-1";"#NULO"
"21/09/2026";"12:31:37";"210002534046";"-3";"#NE";"#NE";"-3";"#NE";"-3";"#NE";"2";"DEFERIDO";"2";"DEFERIDO";"2";"DEFERIDO";"2";"DEFERIDO";"-1";"#NULO";"-1";"#NULO";"-1";"#NULO"
"21/09/2026";"12:31:37";"210002533929";"-3";"#NE";"#NE";"-3";"#NE";"-3";"#NE";"2";"DEFERIDO";"2";"DEFERIDO";"2";"DEFERIDO";"2";"DEFERIDO";"-1";"#NULO";"-1";"#NULO";"-1";"#NULO"
"21/09/2026";"12:31:37";"210002539794";"-3";"#NE";"#NE";"-3";"#NE";"-3";"#NE";"2";"DEFERIDO";"2";"DEFERIDO";"2";"DEFERIDO";"2";"DEFERIDO";"-1";"#NULO";"-1";"#NULO";"-1";"#NULO"
"21/09/2026";"12:31:37";"210002539808";"-3";"#NE";"#NE";"-3";"#NE";"-3";"#NE";"2";"DEFERIDO";"2";"DEFERIDO";"2";"DEFERIDO";"2";"DEFERIDO";"-1";"#NULO";"-1";"#NULO";"-1";"#NULO"
"21/09/2026";"12:31:37";"210002533934";"-3";"#NE";"#NE";"-3";"#NE";"-3";"#NE";"2";"DEFERIDO";"2";"DEFERIDO";"2";"DEFERIDO";"2";"DEFERIDO";"-1";"#NULO";"-1";"#NULO";"-1";"#NULO"
"21/09/2026";"12:31:37";"210002537536";"-3";"#NE";"#NE";"-3";"#NE";"-3";"#NE";"2";"DEFERIDO";"2";"DEFERIDO";"2";"DEFERIDO";"2";"DEFERIDO";"-1";"#NULO";"-1";"#NULO";"-1";"#NULO"
"21/09/2026";"12:31:37";"210002539814";"-3";"#NE";"#NE";"-3";"#NE";"-3";"#NE";"2";"DEFERIDO";"2";"DEFERIDO";"2";"DEFERIDO";"2";"DEFERIDO";"-1";"#NULO";"-1";"#NULO";"-1";"#NULO"
"21/09/2026";"12:31:37";"210002534051";"-3";"#NE";"#NE";"-3";"#NE";"-3";"#NE";"2";"DEFERIDO";"2";"DEFERIDO";"2";"DEFERIDO";"2";"DEFERIDO";"-1";"#NULO";"-1";"#NULO";"-1";"#NULO"
"21/09/2026";"12:31:37";"210002534035";"-3";"#NE";"#NE";"-3";"#NE";"-3";"#NE";"2";"DEFERIDO";"2";"DEFERIDO";"2";"DEFERIDO";"2";"DEFERIDO";"-1";"#NULO";"-1";"#NULO";"-1";"#NULO"
"21/09/2026";"12:31:37";"210002539811";"-3";"#NE";"#NE";"-3";"#NE";"-3";"#NE";"2";"DEFERIDO";"2";"DEFERIDO";"2";"DEFERIDO";"2";"DEFERIDO";"-1";"#NULO";"-1";"#NULO";"-1";"#NULO"
"21/09/2026";"12:31:37";"210002534042";"-3";"#NE";"#NE";"-3";"#NE";"-3";"#NE";"2";"DEFERIDO";"2";"DEFERIDO";"2";"DEFERIDO";"2";"DEFERIDO";"-1";"#NULO";"-1";"#NULO";"-1";"#NULO"
