id;name;full_name;number;party;state;office_code;status;tse_url
250002536716;Dra. Laila;Mari Laila Tanios Maalouli;6555;PCdoB;SP;6;DEFERIDO;https://divulgacandcontas.tse.jus.br/divulga/#/candidato/2026/20322002026/SP/250002536716
250002536755;Orlando Silva;Orlando Silva de Jesus Junior;6565;PCdoB;SP;6;DEFERIDO;https://divulgacandcontas.tse.jus.br/divulga/#/candidato/2026/20322002026/SP/250002536755
250002553327;Anne Lucy;Anne Lucy Vieira;2989;PCO;SP;6;INDEFERIDO EM PRAZO RECURSAL OU COM RECURSO;https://divulgacandcontas.tse.jus.br/divulga/#/candidato/2026/20322002026/SP/250002553327
250002553335;Cristiane Amorim;Cristiane Bezerra Amorim;2909;PCO;SP;6;INDEFERIDO EM PRAZO RECURSAL OU COM RECURSO;https://divulgacandcontas.tse.jus.br/divulga/#/candidato/2026/20322002026/SP/250002553335
250002553332;Flavia Prates;Flavia Mercurio Prates;2919;PCO;SP;6;INDEFERIDO EM PRAZO RECURSAL OU COM RECURSO;https://divulgacandcontas.tse.jus.br/divulga/#/candidato/2026/20322002026/SP/250002553332
250002553331;João Caproni Pimenta;João Jorge Caproni Costa Pimenta;2929;PCO;SP;6;INDEFERIDO EM PRAZO RECURSAL OU COM RECURSO;https://divulgacandcontas.tse.jus.br/divulga/#/candidato/2026/20322002026/SP/250002553331
250002553334;Leandro Paggiaro;Leandro Paggiaro Correa de Arruda;2979;PCO;SP;6;INDEFERIDO EM PRAZO RECURSAL OU COM RECURSO;https://divulgacandcontas.tse.jus.br/divulga/#/candidato/2026/20322002026/SP/250002553334
250002553329;Mauro Souza;Mauro Augusto de Souza;2939;PCO;SP;6;INDEFERIDO EM PRAZO RECURSAL OU COM RECURSO;https://divulgacandcontas.tse.jus.br/divulga/#/candidato/2026/20322002026/SP/250002553329
250002553328;Paulo Lago;Paulo Rodrigues Lago;2999;PCO;SP;6;INDEFERIDO EM PRAZO RECURSAL OU COM RECURSO;https://divulgacandcontas.tse.jus.br/divulga/#/candidato/2026/20322002026/SP/250002553328
250002553333;Rosana Baesso;Rosana Biscaro Baesso Brunetti;2959;PCO;SP;6;INDEFERIDO EM PRAZO RECURSAL OU COM RECURSO;https://divulgacandcontas.tse.jus.br/divulga/#/candidato/2026/20322002026/SP/250002553333
250002553330;Simone Souza;Simone Cristina Souza;2900;PCO;SP;6;INDEFERIDO EM PRAZO RECURSAL OU COM RECURSO;https://divulgacandcontas.tse.jus.br/divulga/#/candidato/2026/20322002026/SP/250002553330
250002553326;William Cesario;William Cesario da Silva;2949;PCO;SP;6;INDEFERIDO EM PRAZO RECURSAL OU COM RECURSO;https://divulgacandcontas.tse.jus.br/divulga/#/candidato/2026/20322002026/SP/250002553326
250002548475;Arafeth;Arafeth Ali Hussein Nasreddine;1221;PDT;SP;6;DEFERIDO;https://divulgacandcontas.tse.jus.br/divulga/#/candidato/2026/20322002026/SP/250002548475
250002548512;Baia Vai-Vai;Herbert Maximo Nunes;1293;PDT;SP;6;INDEFERIDO;https://divulgacandcontas.tse.jus.br/divulga/#/candidato/2026/20322002026/SP/250002548512
250002548508;Bispa Damares;Damares de Oliveira Pinto;1213;PDT;SP;6;DEFERIDO;https://divulgacandcontas.tse.jus.br/divulga/#/candidato/2026/20322002026/SP/250002548508
250002548479;Bonome;Nilson Bonome;1212;PDT;SP;6;DEFERIDO;https://divulgacandcontas.tse.jus.br/divulga/#/candidato/2026/20322002026/SP/250002548479
250002548511;Carolina Brito;Carolina de Brito Policelli;1203;PDT;SP;6;DEFERIDO;https://divulgacandcontas.tse.jus.br/divulga/#/candidato/2026/20322002026/SP/250002548511
250002548491;Claudia Di Bonito;Cláudia Ferreira Di Bonito;1200;PDT;SP;6;DEFERIDO;https://divulgacandcontas.tse.jus.br/divulga/#/candidato/2026/20322002026/SP/250002548491
250002548505;Cleyton Silva;Cleyton Ferreira da Silva;1216;PDT;SP;6;DEFERIDO;https://divulgacandcontas.tse.jus.br/divulga/#/candidato/2026/20322002026/SP/250002548505
250002548461;Comendador Brilhante;Antonio José Brilhante;1245;PDT;SP;6;DEFERIDO;https://divulgacandcontas.tse.jus.br/divulga/#/candidato/2026/20322002026/SP/250002548461
250002548513;Dani Rodrigueiro;Daniela Aparecida Rodrigueiro;1201;PDT;SP;6;DEFERIDO;https://divulgacandcontas.tse.jus.br/divulga/#/candidato/2026/20322002026/SP/250002548513
250002548515;Daniel Galani;Daniel Santos Oliveira Galani;1215;PDT;SP;6;DEFERIDO;https://divulgacandcontas.tse.jus.br/divulga/#/candidato/2026/20322002026/SP/250002548515
250002548468;Daniel Munduruku;Daniel Monteiro Costa Munduruku;1219;PDT;SP;6;DEFERIDO;https://divulgacandcontas.tse.jus.br/divulga/#/candidato/2026/20322002026/SP/250002548468
250002548478;Debora Perino;Debora Roseli Perino;1288;PDT;SP;6;DEFERIDO;https://divulgacandcontas.tse.jus.br/divulga/#/candidato/2026/20322002026/SP/250002548478
250002548463;Dorinha Pet;Maria das Dores Alves Silva;1207;PDT;SP;6;DEFERIDO;https://divulgacandcontas.tse.jus.br/divulga/#/candidato/2026/20322002026/SP/250002548463
250002548486;Dr. Raphael Oliveira;Raphael Aparecido de Oliveira;1234;PDT;SP;6;DEFERIDO;https://divulgacandcontas.tse.jus.br/divulga/#/candidato/2026/20322002026/SP/250002548486
250002548464;Dra Kenia;Kenia Lira Sciascio;1231;PDT;SP;6;DEFERIDO;https://divulgacandcontas.tse.jus.br/divulga/#/candidato/2026/20322002026/SP/250002548464
250002548488;Dra Néia;Ivoneia dos Santos Cabral Lemes;1227;PDT;SP;6;DEFERIDO;https://divulgacandcontas.tse.jus.br/divulga/#/candidato/2026/20322002026/SP/250002548488
250002548501;Dra. Denise;Denise Forchetti Tigre Caetano;1246;PDT;SP;6;DEFERIDO;https://divulgacandcontas.tse.jus.br/divulga/#/candidato/2026/20322002026/SP/250002548501
250002548483;Dra. Estela Brugnera;Estela Magda Brugnera;1299;PDT;SP;6;DEFERIDO;https://divulgacandcontas.tse.jus.br/divulga/#/candidato/2026/20322002026/SP/250002548483
250002548498;Eduardo Xaropinho;Eduardo Mascarenhas Aguiar;1211;PDT;SP;6;DEFERIDO;https://divulgacandcontas.tse.jus.br/divulga/#/candidato/2026/20322002026/SP/250002548498
250002548470;Elys Style;Elisangela Maria Costa de Araújo;1217;PDT;SP;6;DEFERIDO;https://divulgacandcontas.tse.jus.br/divulga/#/candidato/2026/20322002026/SP/250002548470
250002548493;Elza Alves;Elza Alves de Carvalho;1270;PDT;SP;6;DEFERIDO;https://divulgacandcontas.tse.jus.br/divulga/#/candidato/2026/20322002026/SP/250002548493
250002548481;Estela Piza Rossi;Estela Cristina de Toledo Piza Rossi;1278;PDT;SP;6;DEFERIDO;https://divulgacandcontas.tse.jus.br/divulga/#/candidato/2026/20322002026/SP/250002548481
250002548487;Fernando Ladeia;Fernando Ricardo Ladeia;1228;PDT;SP;6;DEFERIDO;https://divulgacandcontas.tse.jus.br/divulga/#/candidato/2026/20322002026/SP/250002548487
250002548492;Gilson Rocha;Gilson da Rocha Cardoso;1223;PDT;SP;6;DEFERIDO;https://divulgacandcontas.tse.jus.br/divulga/#/candidato/2026/20322002026/SP/250002548492
250002548502;Glauce Lima;Glauce Kelly dos Santos Adão Lima;1233;PDT;SP;6;DEFERIDO;https://divulgacandcontas.tse.jus.br/divulga/#/candidato/2026/20322002026/SP/250002548502
250002548489;Ielo;Antonio Mário de Paula Ferreira Ielo;1230;PDT;SP;6;DEFERIDO;https://divulgacandcontas.tse.jus.br/divulga/#/candidato/2026/20322002026/SP/250002548489
250002548518;Irmão Lopes;Tehuan Reis Fernandes Alves Lopes;1206;PDT;SP;6;DEFERIDO;https://divulgacandcontas.tse.jus.br/divulga/#/candidato/2026/20322002026/SP/250002548518
250002548514;Jc Luis;José Carlos Luis;1225;PDT;SP;6;DEFERIDO;https://divulgacandcontas.tse.jus.br/divulga/#/candidato/2026/20322002026/SP/250002548514
250002548472;Jhou Dr. do Povo;João Paulo Rodrigues de Souza;1202;PDT;SP;6;DEFERIDO;https://divulgacandcontas.tse.jus.br/divulga/#/candidato/2026/20322002026/SP/250002548472
250002548466;João Mendonça;João Augusto de Almeida Mendonça;1254;PDT;SP;6;DEFERIDO;https://divulgacandcontas.tse.jus.br/divulga/#/candidato/2026/20322002026/SP/250002548466
250002548482;Josué Macedo;Josué Alves Macedo;1236;PDT;SP;6;DEFERIDO;https://divulgacandcontas.tse.jus.br/divulga/#/candidato/2026/20322002026/SP/250002548482
250002548495;Ju Dourado;Jucileila Dourado Cerqueira;1229;PDT;SP;6;DEFERIDO;https://divulgacandcontas.tse.jus.br/divulga/#/candidato/2026/20322002026/SP/250002548495
250002548500;Keli Talks;Keli Cristina Almeida da Luz;1218;PDT;SP;6;DEFERIDO;https://divulgacandcontas.tse.jus.br/divulga/#/candidato/2026/20322002026/SP/250002548500
250002548473;Leandro Pinto;Leandro José Pinto;1244;PDT;SP;6;DEFERIDO;https://divulgacandcontas.tse.jus.br/divulga/#/candidato/2026/20322002026/SP/250002548473
250002548503;Marcelo Maia;Marcelo Oliveira Maia;1252;PDT;SP;6;DEFERIDO;https://divulgacandcontas.tse.jus.br/divulga/#/candidato/2026/20322002026/SP/250002548503
250002548490;Marcio Burguinha da Kombi;Marcio Burguinha de Jesus do Rego;1255;PDT;SP;6;DEFERIDO EM PRAZO RECURSAL OU COM RECURSO;https://divulgacandcontas.tse.jus.br/divulga/#/candidato/2026/20322002026/SP/250002548490
250002548517;Marcos Latino Brizola;Marcos Roberto Coelho;1226;PDT;SP;6;DEFERIDO;https://divulgacandcontas.tse.jus.br/divulga/#/candidato/2026/20322002026/SP/250002548517
250002548471;Natalino da Pousada;Natalino Davi da Silva;1220;PDT;SP;6;DEFERIDO;https://divulgacandcontas.tse.jus.br/divulga/#/candidato/2026/20322002026/SP/250002548471
250002548494;Nete Jardim;Lucinethe Jardim;1256;PDT;SP;6;DEFERIDO;https://divulgacandcontas.tse.jus.br/divulga/#/candidato/2026/20322002026/SP/250002548494
250002548480;Orlando Salles;Orlando Valerio Rodrigues Salles;1214;PDT;SP;6;DEFERIDO;https://divulgacandcontas.tse.jus.br/divulga/#/candidato/2026/20322002026/SP/250002548480
250002548496;Pai Roblez;Roblez Jorge dos Santos;1266;PDT;SP;6;DEFERIDO;https://divulgacandcontas.tse.jus.br/divulga/#/candidato/2026/20322002026/SP/250002548496
250002548510;Panariello;Wilma Panariello;1205;PDT;SP;6;DEFERIDO;https://divulgacandcontas.tse.jus.br/divulga/#/candidato/2026/20322002026/SP/250002548510
250002548469;Pastor Daniel Nascimento;Daniel José do Nascimento;1297;PDT;SP;6;DEFERIDO;https://divulgacandcontas.tse.jus.br/divulga/#/candidato/2026/20322002026/SP/250002548469
250002548467;Pr Jair Santana;Jair Ribeiro de Santana;1209;PDT;SP;6;DEFERIDO;https://divulgacandcontas.tse.jus.br/divulga/#/candidato/2026/20322002026/SP/250002548467
250002548465;Prof Wilson Cabral;Wilson Cabral de Sousa Junior;1210;PDT;SP;6;DEFERIDO;https://divulgacandcontas.tse.jus.br/divulga/#/candidato/2026/20322002026/SP/250002548465
250002548506;Professor Franklin Andrade;Franklin Andrade da Silva;1267;PDT;SP;6;DEFERIDO;https://divulgacandcontas.tse.jus.br/divulga/#/candidato/2026/20322002026/SP/250002548506
250002548476;Professor Nasser;Nasar Mohamad Bouzken;1269;PDT;SP;6;DEFERIDO;https://divulgacandcontas.tse.jus.br/divulga/#/candidato/2026/20322002026/SP/250002548476
250002548474;Raafa Engue;Rafaele Caroline da Silva Engue;1282;PDT;SP;6;DEFERIDO;https://divulgacandcontas.tse.jus.br/divulga/#/candidato/2026/20322002026/SP/250002548474
250002548477;Rafael Mello;Rafael Joaquim Franco de Mello;1248;PDT;SP;6;DEFERIDO;https://divulgacandcontas.tse.jus.br/divulga/#/candidato/2026/20322002026/SP/250002548477
250002548504;Reinilton;Nilton Lima da Silva;1285;PDT;SP;6;INDEFERIDO;https://divulgacandcontas.tse.jus.br/divulga/#/candidato/2026/20322002026/SP/250002548504
250002548484;Robertinho Mendonça;José Roberto Mendonça;1222;PDT;SP;6;DEFERIDO;https://divulgacandcontas.tse.jus.br/divulga/#/candidato/2026/20322002026/SP/250002548484
250002548509;Ronaldo Tome;Ronaldo Fernandez Tomé;1261;PDT;SP;6;DEFERIDO;https://divulgacandcontas.tse.jus.br/divulga/#/candidato/2026/20322002026/SP/250002548509
250002548462;Sanzio Rodrigues;Sanzio Rodrigues da Silva;1251;PDT;SP;6;DEFERIDO;https://divulgacandcontas.tse.jus.br/divulga/#/candidato/2026/20322002026/SP/250002548462
250002548485;Silas Carlos;Silas Carlos de Oliveira;1260;PDT;SP;6;DEFERIDO;https://divulgacandcontas.tse.jus.br/divulga/#/candidato/2026/20322002026/SP/250002548485
250002548507;Tamir Felipe;Tamir Felipe Barcelar e Santos;1290;PDT;SP;6;DEFERIDO;https://divulgacandcontas.tse.jus.br/divulga/#/candidato/2026/20322002026/SP/250002548507
250002548499;Tiago Luz;Tiago Antunes da Luz Neto;1208;PDT;SP;6;DEFERIDO;https://divulgacandcontas.tse.jus.br/divulga/#/candidato/2026/20322002026/SP/250002548499
250002548516;Wander Japa;Wander Kazumi Okumura;1258;PDT;SP;6;DEFERIDO;https://divulgacandcontas.tse.jus.br/divulga/#/candidato/2026/20322002026/SP/250002548516
250002548497;Wilson Vieira;Wilson Wanderlei Vieira Junior;1232;PDT;SP;6;DEFERIDO;https://divulgacandcontas.tse.jus.br/divulga/#/candidato/2026/20322002026/SP/250002548497
250002539432;Abner Tofanelli;Abner Joás Tofanelli;4024;PSB;SP;6;RENÚNCIA;https://divulgacandcontas.tse.jus.br/divulga/#/candidato/2026/20322002026/SP/250002539432
250002539446;Advogado Ewerton;Ewerton da Silva Carvalho;4020;PSB;SP;6;DEFERIDO;https://divulgacandcontas.tse.jus.br/divulga/#/candidato/2026/20322002026/SP/250002539446
250002539402;Alex Lacerda;Alex Rogerio Camargo de Lacerda;4022;PSB;SP;6;DEFERIDO;https://divulgacandcontas.tse.jus.br/divulga/#/candidato/2026/20322002026/SP/250002539402
250002539392;Alexsandra Ribeiro;Alexsandra Ribeiro Rodrigues da Silva;4006;PSB;SP;6;DEFERIDO;https://divulgacandcontas.tse.jus.br/divulga/#/candidato/2026/20322002026/SP/250002539392
250002539447;Alfredo Bosi;Jose Alfredo Bosi;4063;PSB;SP;6;DEFERIDO;https://divulgacandcontas.tse.jus.br/divulga/#/candidato/2026/20322002026/SP/250002539447
250002539419;Almir Rogerio;Almir Rogerio dos Santos;4089;PSB;SP;6;DEFERIDO;https://divulgacandcontas.tse.jus.br/divulga/#/candidato/2026/20322002026/SP/250002539419
250002539420;Ana Cléia;Ana Cleia Meneguetti;4018;PSB;SP;6;DEFERIDO;https://divulgacandcontas.tse.jus.br/divulga/#/candidato/2026/20322002026/SP/250002539420
250002539385;Andrea Werner;Andrea Werner Silva Bonoli;4004;PSB;SP;6;DEFERIDO;https://divulgacandcontas.tse.jus.br/divulga/#/candidato/2026/20322002026/SP/250002539385
250002539418;Antonio Alves Vigilante;Antonio Alves dos Santos;4005;PSB;SP;6;DEFERIDO;https://divulgacandcontas.tse.jus.br/divulga/#/candidato/2026/20322002026/SP/250002539418
250002539387;Benedito Furtado;Benedito Furtado de Andrade;4066;PSB;SP;6;DEFERIDO;https://divulgacandcontas.tse.jus.br/divulga/#/candidato/2026/20322002026/SP/250002539387
250002539424;Carlão do Basquete;Carlos Henrique dos Santos;4014;PSB;SP;6;DEFERIDO;https://divulgacandcontas.tse.jus.br/divulga/#/candidato/2026/20322002026/SP/250002539424
250002539441;Carmem Portela;Maria do Carmo Portela Rumbo;4091;PSB;SP;6;DEFERIDO;https://divulgacandcontas.tse.jus.br/divulga/#/candidato/2026/20322002026/SP/250002539441
250002539433;Célia Ramos;Celia Ramos de Jesus Feitosa;4036;PSB;SP;6;RENÚNCIA;https://divulgacandcontas.tse.jus.br/divulga/#/candidato/2026/20322002026/SP/250002539433
250002539442;César Barbaresco;Cesar Eduardo Barbaresco;4003;PSB;SP;6;DEFERIDO;https://divulgacandcontas.tse.jus.br/divulga/#/candidato/2026/20322002026/SP/250002539442
250002539422;Cézar Gregório;Cezar Felipe Ribeiro Gregório;4055;PSB;SP;6;DEFERIDO;https://divulgacandcontas.tse.jus.br/divulga/#/candidato/2026/20322002026/SP/250002539422
250002539449;Chamel;Rogerio Pereira da Silva;4053;PSB;SP;6;RENÚNCIA;https://divulgacandcontas.tse.jus.br/divulga/#/candidato/2026/20322002026/SP/250002539449
250002539439;Cibele Botelho;Cibele Fragoso Botelho;4019;PSB;SP;6;DEFERIDO;https://divulgacandcontas.tse.jus.br/divulga/#/candidato/2026/20322002026/SP/250002539439
250002539417;Cris Simões Avcista;Renha Cristina Simoes;4016;PSB;SP;6;DEFERIDO;https://divulgacandcontas.tse.jus.br/divulga/#/candidato/2026/20322002026/SP/250002539417
250002539431;Datena;Jose Luiz Datena;4010;PSB;SP;6;DEFERIDO;https://divulgacandcontas.tse.jus.br/divulga/#/candidato/2026/20322002026/SP/250002539431
250002539423;Delegado Adolpho Henrique;Adolpho Henrique de Paula Ramos;4067;PSB;SP;6;INDEFERIDO EM PRAZO RECURSAL OU COM RECURSO;https://divulgacandcontas.tse.jus.br/divulga/#/candidato/2026/20322002026/SP/250002539423
250002539425;Dr. Dolirio;Dolirio Lamonica Teixeira;4008;PSB;SP;6;DEFERIDO;https://divulgacandcontas.tse.jus.br/divulga/#/candidato/2026/20322002026/SP/250002539425
250002539443;Dr. Nilson Braga;Nilson Passos Braga;4085;PSB;SP;6;DEFERIDO;https://divulgacandcontas.tse.jus.br/divulga/#/candidato/2026/20322002026/SP/250002539443
250002539434;Dr. Vira Lata;José Ronaldo Gomes da Silva;4069;PSB;SP;6;DEFERIDO;https://divulgacandcontas.tse.jus.br/divulga/#/candidato/2026/20322002026/SP/250002539434
250002539396;Dr.Yago Torres;Yago de Oliveira Torres Pinto;4060;PSB;SP;6;DEFERIDO;https://divulgacandcontas.tse.jus.br/divulga/#/candidato/2026/20322002026/SP/250002539396
250002539401;Dra. Deise Passos;Deise Bueno dos Passos;4048;PSB;SP;6;DEFERIDO;https://divulgacandcontas.tse.jus.br/divulga/#/candidato/2026/20322002026/SP/250002539401
250002539450;Dra. Rosiane Farias;Rosiane Maciel de Farias;4045;PSB;SP;6;DEFERIDO;https://divulgacandcontas.tse.jus.br/divulga/#/candidato/2026/20322002026/SP/250002539450
250002539415;Elianne Vendrametto;Eliane de Carvalho Vendrametto;4009;PSB;SP;6;DEFERIDO;https://divulgacandcontas.tse.jus.br/divulga/#/candidato/2026/20322002026/SP/250002539415
250002539445;Eliseu Gabriel;Eliseu Gabriel de Pieri;4012;PSB;SP;6;DEFERIDO;https://divulgacandcontas.tse.jus.br/divulga/#/candidato/2026/20322002026/SP/250002539445
250002539416;Erik Torquato;Erik Torquato Pinto;4042;PSB;SP;6;DEFERIDO;https://divulgacandcontas.tse.jus.br/divulga/#/candidato/2026/20322002026/SP/250002539416
250002539430;Filipe Menino;Filipe Panace Menino;4054;PSB;SP;6;DEFERIDO;https://divulgacandcontas.tse.jus.br/divulga/#/candidato/2026/20322002026/SP/250002539430
250002539400;Gilmar Almeida;Gilmar Borges de Almeida;4011;PSB;SP;6;DEFERIDO;https://divulgacandcontas.tse.jus.br/divulga/#/candidato/2026/20322002026/SP/250002539400
250002539386;Gilson de Souza;Gilson de Souza;4050;PSB;SP;6;DEFERIDO;https://divulgacandcontas.tse.jus.br/divulga/#/candidato/2026/20322002026/SP/250002539386
250002539405;Gleidson Aiacyda;Gleidson Shiguemi Aiacyda;4098;PSB;SP;6;DEFERIDO;https://divulgacandcontas.tse.jus.br/divulga/#/candidato/2026/20322002026/SP/250002539405
250002539436;Gringo Motoka;Edgar Francisco da Silva;4080;PSB;SP;6;DEFERIDO;https://divulgacandcontas.tse.jus.br/divulga/#/candidato/2026/20322002026/SP/250002539436
250002539414;Herivelto Vela;Herivelto dos Santos Moraes;4025;PSB;SP;6;DEFERIDO;https://divulgacandcontas.tse.jus.br/divulga/#/candidato/2026/20322002026/SP/250002539414
250002539399;Jonas Donizette;Jonas Donizette Ferreira;4000;PSB;SP;6;DEFERIDO;https://divulgacandcontas.tse.jus.br/divulga/#/candidato/2026/20322002026/SP/250002539399
250002539455;Jornalista Tiago Santos;Tiago Reis dos Santos;4033;PSB;SP;6;DEFERIDO;https://divulgacandcontas.tse.jus.br/divulga/#/candidato/2026/20322002026/SP/250002539455
250002539409;Juliana Curvelo;Juliana Gomes Curvelo;4002;PSB;SP;6;DEFERIDO;https://divulgacandcontas.tse.jus.br/divulga/#/candidato/2026/20322002026/SP/250002539409
250002539411;Julião Soares;Luis Carlos Soares de Oliveira;4021;PSB;SP;6;DEFERIDO;https://divulgacandcontas.tse.jus.br/divulga/#/candidato/2026/20322002026/SP/250002539411
250002539453;Karol Lima;Karolina Marcondes Lima;4056;PSB;SP;6;DEFERIDO;https://divulgacandcontas.tse.jus.br/divulga/#/candidato/2026/20322002026/SP/250002539453
250002539407;Keiko Ota;Iolanda Keiko Miashiro Ota;4096;PSB;SP;6;DEFERIDO;https://divulgacandcontas.tse.jus.br/divulga/#/candidato/2026/20322002026/SP/250002539407
250002539393;Leandro Lira;Leandro de Lima Lira;4075;PSB;SP;6;DEFERIDO;https://divulgacandcontas.tse.jus.br/divulga/#/candidato/2026/20322002026/SP/250002539393
250002539410;Leandro Vitor;Leandro Fernando Vitor;4023;PSB;SP;6;DEFERIDO;https://divulgacandcontas.tse.jus.br/divulga/#/candidato/2026/20322002026/SP/250002539410
250002539408;Léo Pontes;Leonardo Pontes de Santana;4051;PSB;SP;6;DEFERIDO;https://divulgacandcontas.tse.jus.br/divulga/#/candidato/2026/20322002026/SP/250002539408
250002539390;Lu Garcia;Luciana Garcia de Oliveira;4027;PSB;SP;6;DEFERIDO;https://divulgacandcontas.tse.jus.br/divulga/#/candidato/2026/20322002026/SP/250002539390
250002539426;Lucas Dantas;Lucas Emanuel Ricci Dantas;4078;PSB;SP;6;DEFERIDO;https://divulgacandcontas.tse.jus.br/divulga/#/candidato/2026/20322002026/SP/250002539426
250002539412;Lucas Totty;Lucas Aparecido Batista;4068;PSB;SP;6;DEFERIDO;https://divulgacandcontas.tse.jus.br/divulga/#/candidato/2026/20322002026/SP/250002539412
250002539389;Luciano da Luz;Luciano Henrique Parra da Luz;4090;PSB;SP;6;DEFERIDO;https://divulgacandcontas.tse.jus.br/divulga/#/candidato/2026/20322002026/SP/250002539389
250002539438;Marcelo Strama;Marcelo Strama;4030;PSB;SP;6;DEFERIDO;https://divulgacandcontas.tse.jus.br/divulga/#/candidato/2026/20322002026/SP/250002539438
250002539394;Maria Aires;Maria Aparecida Aires;4088;PSB;SP;6;DEFERIDO;https://divulgacandcontas.tse.jus.br/divulga/#/candidato/2026/20322002026/SP/250002539394
250002539395;Marijane;Marijane Jose de Souza;4017;PSB;SP;6;RENÚNCIA;https://divulgacandcontas.tse.jus.br/divulga/#/candidato/2026/20322002026/SP/250002539395
250002539437;Marina Helou;Marina Medeiros Helou;4044;PSB;SP;6;DEFERIDO;https://divulgacandcontas.tse.jus.br/divulga/#/candidato/2026/20322002026/SP/250002539437
250002539428;Matheus Coelho;Matheus Gomes Coelho;4095;PSB;SP;6;DEFERIDO;https://divulgacandcontas.tse.jus.br/divulga/#/candidato/2026/20322002026/SP/250002539428
250002539451;Mauro Mattosinho;Mauro Caputti Mattosinho;4084;PSB;SP;6;DEFERIDO;https://divulgacandcontas.tse.jus.br/divulga/#/candidato/2026/20322002026/SP/250002539451
250002539421;Netinho Maia;Itamar Rodrigues Maia;4065;PSB;SP;6;DEFERIDO;https://divulgacandcontas.tse.jus.br/divulga/#/candidato/2026/20322002026/SP/250002539421
250002539398;Odair Gomes;Odair Eustaquio Ribeiro Gomes;4047;PSB;SP;6;DEFERIDO;https://divulgacandcontas.tse.jus.br/divulga/#/candidato/2026/20322002026/SP/250002539398
250002539444;Paula Granato;Paula Rodrigues Granato;4032;PSB;SP;6;DEFERIDO;https://divulgacandcontas.tse.jus.br/divulga/#/candidato/2026/20322002026/SP/250002539444
250002539413;Pescador Lucas da Orlandina;Lucas Alves Barreto;4094;PSB;SP;6;DEFERIDO;https://divulgacandcontas.tse.jus.br/divulga/#/candidato/2026/20322002026/SP/250002539413
250002539429;Prof. Beth;Elisabete de Jesus;4057;PSB;SP;6;DEFERIDO;https://divulgacandcontas.tse.jus.br/divulga/#/candidato/2026/20322002026/SP/250002539429
250002539448;Professor Gilmar;Gilmar Trecco Cavaca;4026;PSB;SP;6;DEFERIDO;https://divulgacandcontas.tse.jus.br/divulga/#/candidato/2026/20322002026/SP/250002539448
250002539388;Professor Luzimar;Luzimar Rodrigues da Silva;4041;PSB;SP;6;DEFERIDO;https://divulgacandcontas.tse.jus.br/divulga/#/candidato/2026/20322002026/SP/250002539388
250002539404;Professora Meire;Lucimeire Aparecida de Almeida Barbosa;4070;PSB;SP;6;DEFERIDO;https://divulgacandcontas.tse.jus.br/divulga/#/candidato/2026/20322002026/SP/250002539404
250002539454;Renatinho Se Ligue;Renato Ramos de Souza;4064;PSB;SP;6;DEFERIDO;https://divulgacandcontas.tse.jus.br/divulga/#/candidato/2026/20322002026/SP/250002539454
250002539397;Ricardo Galvão;Ricardo Magnus Osorio Galvão;4077;PSB;SP;6;DEFERIDO;https://divulgacandcontas.tse.jus.br/divulga/#/candidato/2026/20322002026/SP/250002539397
250002539427;Rodrigo Agostinho;Rodrigo Antonio de Agostinho Mendonça;4015;PSB;SP;6;DEFERIDO;https://divulgacandcontas.tse.jus.br/divulga/#/candidato/2026/20322002026/SP/250002539427
250002539406;Samuel Enfermeiro;Samuel Ferreira dos Santos;4001;PSB;SP;6;DEFERIDO;https://divulgacandcontas.tse.jus.br/divulga/#/candidato/2026/20322002026/SP/250002539406
250002539403;Sargento Neri;Rubens Claudio Siqueira Neri;4099;PSB;SP;6;DEFERIDO;https://divulgacandcontas.tse.jus.br/divulga/#/candidato/2026/20322002026/SP/250002539403
250002539391;Sheylli;Sheylli Caleffi;4007;PSB;SP;6;DEFERIDO;https://divulgacandcontas.tse.jus.br/divulga/#/candidato/2026/20322002026/SP/250002539391
250002539440;Sidão Formiga;Sidney Lage de Resende;4013;PSB;SP;6;DEFERIDO;https://divulgacandcontas.tse.jus.br/divulga/#/candidato/2026/20322002026/SP/250002539440
250002539435;Tabata Amaral;Tabata Cláudia Amaral de Pontes;4040;PSB;SP;6;DEFERIDO;https://divulgacandcontas.tse.jus.br/divulga/#/candidato/2026/20322002026/SP/250002539435
250002539452;Vilar;Geovanna Quesada Vilar;4043;PSB;SP;6;DEFERIDO;https://divulgacandcontas.tse.jus.br/divulga/#/candidato/2026/20322002026/SP/250002539452
250002539614;Aderito Dutra;Aderito Cassio de Assis Dutra;5080;PSOL;SP;6;DEFERIDO;https://divulgacandcontas.tse.jus.br/divulga/#/candidato/2026/20322002026/SP/250002539614
250002539619;Adriano Nascimento;Adriano Nascimento dos Santos;5014;PSOL;SP;6;DEFERIDO;https://divulgacandcontas.tse.jus.br/divulga/#/candidato/2026/20322002026/SP/250002539619
250002539598;Bernardo Lima;Bernardo dos Santos Lima;5066;PSOL;SP;6;DEFERIDO;https://divulgacandcontas.tse.jus.br/divulga/#/candidato/2026/20322002026/SP/250002539598
250002539610;Carlos do Bonsucesso;Carlos Alberto da Silva;5021;PSOL;SP;6;DEFERIDO;https://divulgacandcontas.tse.jus.br/divulga/#/candidato/2026/20322002026/SP/250002539610
250002539588;Cícero Perueiro;Cicero Santana da Silva;5015;PSOL;SP;6;INDEFERIDO EM PRAZO RECURSAL OU COM RECURSO;https://divulgacandcontas.tse.jus.br/divulga/#/candidato/2026/20322002026/SP/250002539588
250002539601;Dra. Herica Veryano;Herica da Silva Geronymo Oliveira de França;5023;PSOL;SP;6;DEFERIDO;https://divulgacandcontas.tse.jus.br/divulga/#/candidato/2026/20322002026/SP/250002539601
250002539599;Edilene Bancada Trabalhadoras;Edilene Rodrigues Santana;5019;PSOL;SP;6;DEFERIDO;https://divulgacandcontas.tse.jus.br/divulga/#/candidato/2026/20322002026/SP/250002539599
250002539595;Enoc Santana;Enoc Manoel de Santana;5056;PSOL;SP;6;DEFERIDO;https://divulgacandcontas.tse.jus.br/divulga/#/candidato/2026/20322002026/SP/250002539595
250002539612;Erika Hilton;Erika Hilton;5070;PSOL;SP;6;DEFERIDO;https://divulgacandcontas.tse.jus.br/divulga/#/candidato/2026/20322002026/SP/250002539612
250002539616;Fabio Mello;Fabio Jose Rodrigues de Mello;5013;PSOL;SP;6;DEFERIDO;https://divulgacandcontas.tse.jus.br/divulga/#/candidato/2026/20322002026/SP/250002539616
250002539623;Flávio Casimiro;Flavio Casimiro de Sousa;5007;PSOL;SP;6;DEFERIDO;https://divulgacandcontas.tse.jus.br/divulga/#/candidato/2026/20322002026/SP/250002539623
250002539608;Gabriel dos Animais;Gabriel de Medeiros Jacques;5016;PSOL;SP;6;DEFERIDO;https://divulgacandcontas.tse.jus.br/divulga/#/candidato/2026/20322002026/SP/250002539608
250002539620;Guilherme Cortez;Guilherme da Costa Aguiar Cortez;5005;PSOL;SP;6;DEFERIDO;https://divulgacandcontas.tse.jus.br/divulga/#/candidato/2026/20322002026/SP/250002539620
250002539587;Índio Vigilante;Josemar Carlos de Oliveira;5078;PSOL;SP;6;INDEFERIDO EM PRAZO RECURSAL OU COM RECURSO;https://divulgacandcontas.tse.jus.br/divulga/#/candidato/2026/20322002026/SP/250002539587
250002539607;Juliano Medeiros;Juliano Medeiros;5050;PSOL;SP;6;DEFERIDO;https://divulgacandcontas.tse.jus.br/divulga/#/candidato/2026/20322002026/SP/250002539607
250002539613;Luciana Gatti;Luciana Vanni Gatti;5077;PSOL;SP;6;DEFERIDO;https://divulgacandcontas.tse.jus.br/divulga/#/candidato/2026/20322002026/SP/250002539613
250002539589;Mãe Su de Nãnã;Audeide Cardoso;5006;PSOL;SP;6;DEFERIDO;https://divulgacandcontas.tse.jus.br/divulga/#/candidato/2026/20322002026/SP/250002539589
250002539596;Marcio Luna;Jose Marcio de Luna;5075;PSOL;SP;6;DEFERIDO;https://divulgacandcontas.tse.jus.br/divulga/#/candidato/2026/20322002026/SP/250002539596
250002539617;Maria de Sales;Maria de Sales;5011;PSOL;SP;6;RENÚNCIA;https://divulgacandcontas.tse.jus.br/divulga/#/candidato/2026/20322002026/SP/250002539617
250002539628;Maria Eli Rico;Maria Eli Fernandes dos Santos Maniçoba;5040;PSOL;SP;6;DEFERIDO;https://divulgacandcontas.tse.jus.br/divulga/#/candidato/2026/20322002026/SP/250002539628
250002539624;Natália Boulos;Natalia Szermeta;5010;PSOL;SP;6;DEFERIDO;https://divulgacandcontas.tse.jus.br/divulga/#/candidato/2026/20322002026/SP/250002539624
250002539597;Nelson Trabalhador;Nelson da Silva Sales Filho;5090;PSOL;SP;6;DEFERIDO;https://divulgacandcontas.tse.jus.br/divulga/#/candidato/2026/20322002026/SP/250002539597
250002539618;Olegário da Comunidade;Rodrigo Olegario Carmelita;5028;PSOL;SP;6;DEFERIDO;https://divulgacandcontas.tse.jus.br/divulga/#/candidato/2026/20322002026/SP/250002539618
250002539594;Pierre Fernandez;Pierre Alerrandro Gomes Fernandez;5060;PSOL;SP;6;DEFERIDO;https://divulgacandcontas.tse.jus.br/divulga/#/candidato/2026/20322002026/SP/250002539594
250002539600;Prof. Lauro Pacheco;Lauro Carlos Pacheco;5099;PSOL;SP;6;DEFERIDO;https://divulgacandcontas.tse.jus.br/divulga/#/candidato/2026/20322002026/SP/250002539600
250002539622;Professora Luciene Cavalcante;Luciene Cavalcante da Silva;5089;PSOL;SP;6;DEFERIDO;https://divulgacandcontas.tse.jus.br/divulga/#/candidato/2026/20322002026/SP/250002539622
250002539629;Raul Marcelo;Raul Marcelo de Souza;5055;PSOL;SP;6;DEFERIDO;https://divulgacandcontas.tse.jus.br/divulga/#/candidato/2026/20322002026/SP/250002539629
250002539631;Ribamar Passos;Jose de Ribamar da Silva Passos;5001;PSOL;SP;6;DEFERIDO;https://divulgacandcontas.tse.jus.br/divulga/#/candidato/2026/20322002026/SP/250002539631
250002539604;Sâmia Bomfim;Sâmia de Souza Bomfim;5000;PSOL;SP;6;DEFERIDO;https://divulgacandcontas.tse.jus.br/divulga/#/candidato/2026/20322002026/SP/250002539604
250002539621;Santo Legaliza;Rafael Pacheco Alquezar;5042;PSOL;SP;6;DEFERIDO;https://divulgacandcontas.tse.jus.br/divulga/#/candidato/2026/20322002026/SP/250002539621
250002539590;Serginho;Sergio Luiz Lopes;5065;PSOL;SP;6;DEFERIDO;https://divulgacandcontas.tse.jus.br/divulga/#/candidato/2026/20322002026/SP/250002539590
250002539593;Sônia Guajajara;Sônia Bone de Sousa Silva;5088;PSOL;SP;6;DEFERIDO;https://divulgacandcontas.tse.jus.br/divulga/#/candidato/2026/20322002026/SP/250002539593
250002539602;Thuany Faria;Thuany Faria Corrêa;5012;PSOL;SP;6;DEFERIDO;https://divulgacandcontas.tse.jus.br/divulga/#/candidato/2026/20322002026/SP/250002539602
250002539611;Vagner Roberto;Vagner Roberto Pereira;5051;PSOL;SP;6;DEFERIDO;https://divulgacandcontas.tse.jus.br/divulga/#/candidato/2026/20322002026/SP/250002539611
250002539615;Visconde Jamaica;Dorival Pereira dos Santos;5020;PSOL;SP;6;DEFERIDO;https://divulgacandcontas.tse.jus.br/divulga/#/candidato/2026/20322002026/SP/250002539615
250002539591;Wiltinho Poeta;Wilton Borges Viana;5022;PSOL;SP;6;DEFERIDO;https://divulgacandcontas.tse.jus.br/divulga/#/candidato/2026/20322002026/SP/250002539591
250002544287;Arthur Cezario;Arthur Cezario dos Santos;1616;PSTU;SP;6;DEFERIDO;https://divulgacandcontas.tse.jus.br/divulga/#/candidato/2026/20322002026/SP/250002544287
250002544289;Frodo;Fabio Silva Bezerra;1627;PSTU;SP;6;DEFERIDO;https://divulgacandcontas.tse.jus.br/divulga/#/candidato/2026/20322002026/SP/250002544289
250002544285;Lorena Fernandes;Lorena Fernandes Silva;1660;PSTU;SP;6;DEFERIDO;https://divulgacandcontas.tse.jus.br/divulga/#/candidato/2026/20322002026/SP/250002544285
250002544286;Mandi Coelho;Amanda Coelho Marzall;1600;PSTU;SP;6;DEFERIDO;https://divulgacandcontas.tse.jus.br/divulga/#/candidato/2026/20322002026/SP/250002544286
250002544288;Renato Bancada Anticapitalista;Renato Beneduci Assad;1611;PSTU;SP;6;DEFERIDO;https://divulgacandcontas.tse.jus.br/divulga/#/candidato/2026/20322002026/SP/250002544288
250002536736;Alencar Santana;Alencar Santana Braga;1358;PT;SP;6;DEFERIDO;https://divulgacandcontas.tse.jus.br/divulga/#/candidato/2026/20322002026/SP/250002536736
250002536746;Alex Minduin;Alex Sandro Gomes;1312;PT;SP;6;DEFERIDO;https://divulgacandcontas.tse.jus.br/divulga/#/candidato/2026/20322002026/SP/250002536746
250002536756;Alfredinho;Alfredo Alves Cavalcante;1389;PT;SP;6;DEFERIDO;https://divulgacandcontas.tse.jus.br/divulga/#/candidato/2026/20322002026/SP/250002536756
250002536718;Aníbal Munhoz;Anibal Antonio Munhoz;1345;PT;SP;6;DEFERIDO;https://divulgacandcontas.tse.jus.br/divulga/#/candidato/2026/20322002026/SP/250002536718
250002536719;Arlindo Chinaglia;Arlindo Chignalia Junior;1322;PT;SP;6;DEFERIDO;https://divulgacandcontas.tse.jus.br/divulga/#/candidato/2026/20322002026/SP/250002536719
250002536731;Aureo Bacelar;Aureo Bacelar da Silva;1307;PT;SP;6;DEFERIDO;https://divulgacandcontas.tse.jus.br/divulga/#/candidato/2026/20322002026/SP/250002536731
250002536737;Carlos Zarattini;Carlos Alberto Rolim Zarattini;1370;PT;SP;6;DEFERIDO;https://divulgacandcontas.tse.jus.br/divulga/#/candidato/2026/20322002026/SP/250002536737
250002536765;Cicera Maria;Cicera Maria da Conceicao;1336;PT;SP;6;DEFERIDO;https://divulgacandcontas.tse.jus.br/divulga/#/candidato/2026/20322002026/SP/250002536765
250002536715;Diego Turato;Diego Oliveira Turato;1385;PT;SP;6;DEFERIDO;https://divulgacandcontas.tse.jus.br/divulga/#/candidato/2026/20322002026/SP/250002536715
250002536720;Dr. Caseiro;Marcos Montani Caseiro;1311;PT;SP;6;DEFERIDO;https://divulgacandcontas.tse.jus.br/divulga/#/candidato/2026/20322002026/SP/250002536720
250002536743;Edinho Silva;Edson Antonio Edinho da Silva;1316;PT;SP;6;DEFERIDO;https://divulgacandcontas.tse.jus.br/divulga/#/candidato/2026/20322002026/SP/250002536743
250002536759;Edson da Paz;Edson da Paz;1327;PT;SP;6;DEFERIDO;https://divulgacandcontas.tse.jus.br/divulga/#/candidato/2026/20322002026/SP/250002536759
250002536729;Gregory França;Gregory França Naressi;1300;PT;SP;6;DEFERIDO;https://divulgacandcontas.tse.jus.br/divulga/#/candidato/2026/20322002026/SP/250002536729
250002536751;Guida Calixto;Margarida da Silva Calixto;1320;PT;SP;6;DEFERIDO;https://divulgacandcontas.tse.jus.br/divulga/#/candidato/2026/20322002026/SP/250002536751
250002536760;Jean Wyllys;Jean Wyllys de Matos Santos;1350;PT;SP;6;DEFERIDO;https://divulgacandcontas.tse.jus.br/divulga/#/candidato/2026/20322002026/SP/250002536760
250002536757;Jilmar Tatto;Jilmar Augustinho Tatto;1380;PT;SP;6;DEFERIDO;https://divulgacandcontas.tse.jus.br/divulga/#/candidato/2026/20322002026/SP/250002536757
250002536733;Joao Paulo Cunha;Joao Paulo Cunha;1325;PT;SP;6;DEFERIDO;https://divulgacandcontas.tse.jus.br/divulga/#/candidato/2026/20322002026/SP/250002536733
250002536734;Juliana Cardoso;Juliana Cardoso;1333;PT;SP;6;DEFERIDO;https://divulgacandcontas.tse.jus.br/divulga/#/candidato/2026/20322002026/SP/250002536734
250002536735;Kerllyn Oliveira;Kerllyn de Oliveira Menegusse;1315;PT;SP;6;DEFERIDO;https://divulgacandcontas.tse.jus.br/divulga/#/candidato/2026/20322002026/SP/250002536735
250002536722;Kiko Celeguim;Francisco Daniel Celeguim de Morais;1301;PT;SP;6;DEFERIDO;https://divulgacandcontas.tse.jus.br/divulga/#/candidato/2026/20322002026/SP/250002536722
250002536739;Lucas Penteado;Lucas Prata Penteado;1303;PT;SP;6;DEFERIDO;https://divulgacandcontas.tse.jus.br/divulga/#/candidato/2026/20322002026/SP/250002536739
250002536727;Luna Zarattini;Luna Zarattini Brandão;1302;PT;SP;6;DEFERIDO;https://divulgacandcontas.tse.jus.br/divulga/#/candidato/2026/20322002026/SP/250002536727
250002536732;Macarrão;Emerson de Abreu Santana;1326;PT;SP;6;DEFERIDO;https://divulgacandcontas.tse.jus.br/divulga/#/candidato/2026/20322002026/SP/250002536732
250002536721;Manu Barros;Emanuela Oliveira de Almeida Barros;1310;PT;SP;6;DEFERIDO;https://divulgacandcontas.tse.jus.br/divulga/#/candidato/2026/20322002026/SP/250002536721
250002536741;Marcelo Carteiro;Emerson Marcelo Vieira;1305;PT;SP;6;DEFERIDO;https://divulgacandcontas.tse.jus.br/divulga/#/candidato/2026/20322002026/SP/250002536741
250002536749;Marcia Lia;Marcia Aparecida Ovejaneda Lia;1323;PT;SP;6;DEFERIDO;https://divulgacandcontas.tse.jus.br/divulga/#/candidato/2026/20322002026/SP/250002536749
250002536747;Mariana Negri;Mariana Negri Vidotti Amorim;1367;PT;SP;6;DEFERIDO;https://divulgacandcontas.tse.jus.br/divulga/#/candidato/2026/20322002026/SP/250002536747
250002536717;Mayara Professora;Mayara Viana Suzuki Vac;1330;PT;SP;6;DEFERIDO;https://divulgacandcontas.tse.jus.br/divulga/#/candidato/2026/20322002026/SP/250002536717
250002536750;Missionaria Silvia Krump;Silvia Pedrina Panchame Krumpanzl;1317;PT;SP;6;DEFERIDO;https://divulgacandcontas.tse.jus.br/divulga/#/candidato/2026/20322002026/SP/250002536750
250002536738;Moises Selerges;Moises Selerges Junior;1355;PT;SP;6;DEFERIDO;https://divulgacandcontas.tse.jus.br/divulga/#/candidato/2026/20322002026/SP/250002536738
250002536748;Nabil Bonduki;Nabil Georges Bonduki;1373;PT;SP;6;DEFERIDO;https://divulgacandcontas.tse.jus.br/divulga/#/candidato/2026/20322002026/SP/250002536748
250002536764;Nilto Tatto;Nilto Ignacio Tatto;1353;PT;SP;6;DEFERIDO;https://divulgacandcontas.tse.jus.br/divulga/#/candidato/2026/20322002026/SP/250002536764
250002536745;Paulo Teixeira;Luiz Paulo Teixeira Ferreira;1398;PT;SP;6;DEFERIDO;https://divulgacandcontas.tse.jus.br/divulga/#/candidato/2026/20322002026/SP/250002536745
250002536761;Pedro Tourinho;Pedro Tourinho de Siqueira;1319;PT;SP;6;DEFERIDO;https://divulgacandcontas.tse.jus.br/divulga/#/candidato/2026/20322002026/SP/250002536761
250002536730;Professor Douglas Izzo;Douglas Martins Izzo;1308;PT;SP;6;DEFERIDO;https://divulgacandcontas.tse.jus.br/divulga/#/candidato/2026/20322002026/SP/250002536730
250002536754;Professor Luiz Roque;Luiz Roque Eiglmeier;1304;PT;SP;6;RENÚNCIA;https://divulgacandcontas.tse.jus.br/divulga/#/candidato/2026/20322002026/SP/250002536754
250002536740;Professora Adriana Martins;Adriana Martins de Souza;1314;PT;SP;6;DEFERIDO;https://divulgacandcontas.tse.jus.br/divulga/#/candidato/2026/20322002026/SP/250002536740
250002536713;Professora Ruth Silva;Ruth Mary da Silva;1309;PT;SP;6;DEFERIDO;https://divulgacandcontas.tse.jus.br/divulga/#/candidato/2026/20322002026/SP/250002536713
250002536766;Rai de Almeida;Raimunda Ferreira de Almeida;1363;PT;SP;6;DEFERIDO;https://divulgacandcontas.tse.jus.br/divulga/#/candidato/2026/20322002026/SP/250002536766
250002536714;Raquel Auxiliadora;Raquel Auxiliadora dos Santos;1318;PT;SP;6;DEFERIDO;https://divulgacandcontas.tse.jus.br/divulga/#/candidato/2026/20322002026/SP/250002536714
250002536753;Reis;Paulo Batista dos Reis;1351;PT;SP;6;DEFERIDO;https://divulgacandcontas.tse.jus.br/divulga/#/candidato/2026/20322002026/SP/250002536753
250002536726;Rosaura Almeida;Rosaura Aparecida de Almeida;1331;PT;SP;6;DEFERIDO;https://divulgacandcontas.tse.jus.br/divulga/#/candidato/2026/20322002026/SP/250002536726
250002536725;Rose Forato;Rosemeire Forato;1388;PT;SP;6;DEFERIDO;https://divulgacandcontas.tse.jus.br/divulga/#/candidato/2026/20322002026/SP/250002536725
250002536763;Rui Falcão;Rui Goethe da Costa Falcão;1313;PT;SP;6;DEFERIDO;https://divulgacandcontas.tse.jus.br/divulga/#/candidato/2026/20322002026/SP/250002536763
250002536723;Ruth Lopes;Ruth Lopes Costa;1377;PT;SP;6;DEFERIDO;https://divulgacandcontas.tse.jus.br/divulga/#/candidato/2026/20322002026/SP/250002536723
250002536752;Thiago dos Reis;Thiago dos Reis Pereira dos Santos;1399;PT;SP;6;DEFERIDO;https://divulgacandcontas.tse.jus.br/divulga/#/candidato/2026/20322002026/SP/250002536752
250002536758;Vicentinho;Vicente Paulo da Silva;1390;PT;SP;6;DEFERIDO;https://divulgacandcontas.tse.jus.br/divulga/#/candidato/2026/20322002026/SP/250002536758
250002536744;William Vieira;William Vieira de Goes;1340;PT;SP;6;DEFERIDO;https://divulgacandcontas.tse.jus.br/divulga/#/candidato/2026/20322002026/SP/250002536744
250002536762;Zé Dirceu;Jose Dirceu de Oliveira e Silva;1368;PT;SP;6;DEFERIDO;https://divulgacandcontas.tse.jus.br/divulga/#/candidato/2026/20322002026/SP/250002536762
250002536724;Danster Fernandes;Danster Fernandes Rodrigues de Souza;4333;PV;SP;6;DEFERIDO;https://divulgacandcontas.tse.jus.br/divulga/#/candidato/2026/20322002026/SP/250002536724
250002536742;Nancy Thame;Nancy Aparecida Ferruzzi Thame;4343;PV;SP;6;DEFERIDO;https://divulgacandcontas.tse.jus.br/divulga/#/candidato/2026/20322002026/SP/250002536742
250002536728;Prof Jeangrafia;Jean Pereira de Azevedo do Carmo;4344;PV;SP;6;DEFERIDO;https://divulgacandcontas.tse.jus.br/divulga/#/candidato/2026/20322002026/SP/250002536728
250002539603;Adriana Gomes;Adriana Gomes;1833;REDE;SP;6;DEFERIDO;https://divulgacandcontas.tse.jus.br/divulga/#/candidato/2026/20322002026/SP/250002539603
250002539625;Aline Diniz;Aline Diniz da Costa;1818;REDE;SP;6;DEFERIDO;https://divulgacandcontas.tse.jus.br/divulga/#/candidato/2026/20322002026/SP/250002539625
250002539606;Alleph Hillz;Alleph Ferreira da Silva;1822;REDE;SP;6;DEFERIDO;https://divulgacandcontas.tse.jus.br/divulga/#/candidato/2026/20322002026/SP/250002539606
250002539605;Dra Alexandra;Alexandra Assumpção Fonseca;1881;REDE;SP;6;DEFERIDO;https://divulgacandcontas.tse.jus.br/divulga/#/candidato/2026/20322002026/SP/250002539605
250002539630;Ederli Batista;Ederli Batista de Paulo;1810;REDE;SP;6;DEFERIDO;https://divulgacandcontas.tse.jus.br/divulga/#/candidato/2026/20322002026/SP/250002539630
250002539609;Grilo Instrutor de Auto Escola;Sergio da Silva Grillo;1828;REDE;SP;6;DEFERIDO;https://divulgacandcontas.tse.jus.br/divulga/#/candidato/2026/20322002026/SP/250002539609
250002539626;Marco Martins;Marco Antonio Mills Martins;1800;REDE;SP;6;DEFERIDO;https://divulgacandcontas.tse.jus.br/divulga/#/candidato/2026/20322002026/SP/250002539626
250002539632;Márlon Reis;Márlon Jacinto Reis;1899;REDE;SP;6;DEFERIDO;https://divulgacandcontas.tse.jus.br/divulga/#/candidato/2026/20322002026/SP/250002539632
250002539627;Ricardo André de Moraes;Ricardo Andre Barros de Moraes;1811;REDE;SP;6;DEFERIDO;https://divulgacandcontas.tse.jus.br/divulga/#/candidato/2026/20322002026/SP/250002539627
250002539592;Thiago Ávila;Thiago de Ávila e Silva Oliveira;1888;REDE;SP;6;DEFERIDO;https://divulgacandcontas.tse.jus.br/divulga/#/candidato/2026/20322002026/SP/250002539592
250002547835;Dany Oliveira;Danielly Milena Oliveira dos Santos;8080;UP;SP;6;DEFERIDO;https://divulgacandcontas.tse.jus.br/divulga/#/candidato/2026/20322002026/SP/250002547835
250002547831;Karla Albuquerque;Karla Aparecida Albuquerque dos Santos;8008;UP;SP;6;DEFERIDO;https://divulgacandcontas.tse.jus.br/divulga/#/candidato/2026/20322002026/SP/250002547831
250002547832;Matheus Morais;Matheus Morais Candido;8001;UP;SP;6;DEFERIDO;https://divulgacandcontas.tse.jus.br/divulga/#/candidato/2026/20322002026/SP/250002547832
250002547834;Ricardo Senese;Ricardo Senese;8000;UP;SP;6;DEFERIDO;https://divulgacandcontas.tse.jus.br/divulga/#/candidato/2026/20322002026/SP/250002547834
250002547833;Thais Gasparini;Thais Gasparini;8010;UP;SP;6;DEFERIDO;https://divulgacandcontas.tse.jus.br/divulga/#/candidato/2026/20322002026/SP/250002547833
