id;name;party;review_status;biography;evidence_count;pending
250002536716;DRA. LAILA;PCdoB;nominal_search_no_editorial_evidence_located;False;0;biography_not_accepted | no_accepted_topic_evidence | deepen_and_reconcile_non_exhaustive_review | current_public_role_not_verified | individual_social_link_check | historical_votes_not_collected
250002536755;ORLANDO SILVA;PCdoB;reviewed_documentary_with_explicit_limits;True;1;deepen_and_reconcile_non_exhaustive_review | current_public_role_not_verified | individual_social_link_check | historical_votes_not_collected
250002553327;ANNE LUCY;PCO;reviewed_documentary_with_explicit_limits;True;1;deepen_and_reconcile_non_exhaustive_review | current_public_role_not_verified | individual_social_link_check | historical_votes_not_collected
250002553335;CRISTIANE AMORIM;PCO;reviewed_documentary_with_explicit_limits;True;2;deepen_and_reconcile_non_exhaustive_review | current_public_role_not_verified | individual_social_link_check | historical_votes_not_collected
250002553332;FLAVIA PRATES;PCO;reviewed_documentary_with_explicit_limits;True;0;no_accepted_topic_evidence | deepen_and_reconcile_non_exhaustive_review | current_public_role_not_verified | individual_social_link_check | historical_votes_not_collected
250002553331;JOÃO CAPRONI PIMENTA;PCO;reviewed_documentary_with_explicit_limits;True;1;deepen_and_reconcile_non_exhaustive_review | current_public_role_not_verified | individual_social_link_check | historical_votes_not_collected
250002553334;LEANDRO PAGGIARO;PCO;reviewed_documentary_with_explicit_limits;True;0;no_accepted_topic_evidence | deepen_and_reconcile_non_exhaustive_review | current_public_role_not_verified | individual_social_link_check | historical_votes_not_collected
250002553329;MAURO SOUZA;PCO;reviewed_documentary_with_explicit_limits;True;0;no_accepted_topic_evidence | deepen_and_reconcile_non_exhaustive_review | current_public_role_not_verified | individual_social_link_check | historical_votes_not_collected
250002553328;PAULO LAGO;PCO;reviewed_documentary_with_explicit_limits;True;0;no_accepted_topic_evidence | deepen_and_reconcile_non_exhaustive_review | current_public_role_not_verified | individual_social_link_check | historical_votes_not_collected
250002553333;ROSANA BAESSO;PCO;reviewed_documentary_with_explicit_limits;True;1;deepen_and_reconcile_non_exhaustive_review | current_public_role_not_verified | individual_social_link_check | historical_votes_not_collected
250002553330;SIMONE SOUZA;PCO;reviewed_documentary_with_explicit_limits;True;1;deepen_and_reconcile_non_exhaustive_review | current_public_role_not_verified | individual_social_link_check | historical_votes_not_collected
250002553326;WILLIAM CESARIO;PCO;reviewed_documentary_with_explicit_limits;True;1;deepen_and_reconcile_non_exhaustive_review | current_public_role_not_verified | individual_social_link_check | historical_votes_not_collected
250002548475;ARAFETH;PDT;nominal_search_no_editorial_evidence_located;False;0;biography_not_accepted | no_accepted_topic_evidence | deepen_and_reconcile_non_exhaustive_review | current_public_role_not_verified | individual_social_link_check | historical_votes_not_collected
250002548512;BAIA VAI-VAI;PDT;nominal_search_no_editorial_evidence_located;False;0;biography_not_accepted | no_accepted_topic_evidence | deepen_and_reconcile_non_exhaustive_review | current_public_role_not_verified | individual_social_link_check | historical_votes_not_collected
250002548508;BISPA DAMARES;PDT;nominal_search_no_editorial_evidence_located;False;0;biography_not_accepted | no_accepted_topic_evidence | deepen_and_reconcile_non_exhaustive_review | current_public_role_not_verified | individual_social_link_check | historical_votes_not_collected
250002548479;BONOME;PDT;nominal_search_no_editorial_evidence_located;False;0;biography_not_accepted | no_accepted_topic_evidence | deepen_and_reconcile_non_exhaustive_review | current_public_role_not_verified | individual_social_link_check | historical_votes_not_collected
250002548511;CAROLINA BRITO;PDT;nominal_search_no_editorial_evidence_located;False;0;biography_not_accepted | no_accepted_topic_evidence | deepen_and_reconcile_non_exhaustive_review | current_public_role_not_verified | individual_social_link_check | historical_votes_not_collected
250002548491;CLAUDIA DI BONITO;PDT;nominal_search_no_editorial_evidence_located;False;0;biography_not_accepted | no_accepted_topic_evidence | deepen_and_reconcile_non_exhaustive_review | current_public_role_not_verified | individual_social_link_check | historical_votes_not_collected
250002548505;CLEYTON SILVA;PDT;nominal_search_no_editorial_evidence_located;False;0;biography_not_accepted | no_accepted_topic_evidence | deepen_and_reconcile_non_exhaustive_review | current_public_role_not_verified | individual_social_link_check | historical_votes_not_collected
250002548461;COMENDADOR BRILHANTE;PDT;nominal_search_no_editorial_evidence_located;False;0;biography_not_accepted | no_accepted_topic_evidence | deepen_and_reconcile_non_exhaustive_review | current_public_role_not_verified | individual_social_link_check | historical_votes_not_collected
250002548513;DANI RODRIGUEIRO;PDT;nominal_search_no_editorial_evidence_located;False;0;biography_not_accepted | no_accepted_topic_evidence | deepen_and_reconcile_non_exhaustive_review | current_public_role_not_verified | individual_social_link_check | historical_votes_not_collected
250002548515;DANIEL GALANI;PDT;not_reviewed;False;0;individual_editorial_research_not_started | biography_not_accepted | no_accepted_topic_evidence | current_public_role_not_verified | individual_social_link_check | historical_votes_not_collected
250002548468;DANIEL MUNDURUKU;PDT;not_reviewed;False;0;individual_editorial_research_not_started | biography_not_accepted | no_accepted_topic_evidence | current_public_role_not_verified | individual_social_link_check | historical_votes_not_collected
250002548478;DEBORA PERINO;PDT;not_reviewed;False;0;individual_editorial_research_not_started | biography_not_accepted | no_accepted_topic_evidence | current_public_role_not_verified | individual_social_link_check | historical_votes_not_collected
250002548463;DORINHA PET;PDT;not_reviewed;False;0;individual_editorial_research_not_started | biography_not_accepted | no_accepted_topic_evidence | current_public_role_not_verified | individual_social_link_check | historical_votes_not_collected
250002548486;DR. RAPHAEL OLIVEIRA;PDT;reviewed_documentary_with_explicit_limits;True;0;no_accepted_topic_evidence | deepen_and_reconcile_non_exhaustive_review | current_public_role_not_verified | individual_social_link_check | historical_votes_not_collected
250002548464;DRA KENIA;PDT;not_reviewed;False;0;individual_editorial_research_not_started | biography_not_accepted | no_accepted_topic_evidence | current_public_role_not_verified | individual_social_link_check | historical_votes_not_collected
250002548488;DRA NÉIA;PDT;not_reviewed;False;0;individual_editorial_research_not_started | biography_not_accepted | no_accepted_topic_evidence | current_public_role_not_verified | individual_social_link_check | historical_votes_not_collected
250002548501;DRA. DENISE;PDT;not_reviewed;False;0;individual_editorial_research_not_started | biography_not_accepted | no_accepted_topic_evidence | current_public_role_not_verified | individual_social_link_check | historical_votes_not_collected
250002548483;DRA. ESTELA BRUGNERA;PDT;not_reviewed;False;0;individual_editorial_research_not_started | biography_not_accepted | no_accepted_topic_evidence | current_public_role_not_verified | individual_social_link_check | historical_votes_not_collected
250002548498;EDUARDO XAROPINHO;PDT;not_reviewed;False;0;individual_editorial_research_not_started | biography_not_accepted | no_accepted_topic_evidence | current_public_role_not_verified | individual_social_link_check | historical_votes_not_collected
250002548470;ELYS STYLE;PDT;not_reviewed;False;0;individual_editorial_research_not_started | biography_not_accepted | no_accepted_topic_evidence | current_public_role_not_verified | individual_social_link_check | historical_votes_not_collected
250002548493;ELZA ALVES;PDT;not_reviewed;False;0;individual_editorial_research_not_started | biography_not_accepted | no_accepted_topic_evidence | current_public_role_not_verified | individual_social_link_check | historical_votes_not_collected
250002548481;ESTELA PIZA ROSSI;PDT;not_reviewed;False;0;individual_editorial_research_not_started | biography_not_accepted | no_accepted_topic_evidence | current_public_role_not_verified | individual_social_link_check | historical_votes_not_collected
250002548487;FERNANDO LADEIA;PDT;not_reviewed;False;0;individual_editorial_research_not_started | biography_not_accepted | no_accepted_topic_evidence | current_public_role_not_verified | individual_social_link_check | historical_votes_not_collected
250002548492;GILSON ROCHA;PDT;not_reviewed;False;0;individual_editorial_research_not_started | biography_not_accepted | no_accepted_topic_evidence | current_public_role_not_verified | individual_social_link_check | historical_votes_not_collected
250002548502;GLAUCE LIMA;PDT;not_reviewed;False;0;individual_editorial_research_not_started | biography_not_accepted | no_accepted_topic_evidence | current_public_role_not_verified | individual_social_link_check | historical_votes_not_collected
250002548489;IELO;PDT;not_reviewed;False;0;individual_editorial_research_not_started | biography_not_accepted | no_accepted_topic_evidence | current_public_role_not_verified | individual_social_link_check | historical_votes_not_collected
250002548518;IRMÃO LOPES;PDT;not_reviewed;False;0;individual_editorial_research_not_started | biography_not_accepted | no_accepted_topic_evidence | current_public_role_not_verified | individual_social_link_check | historical_votes_not_collected
250002548514;JC LUIS;PDT;not_reviewed;False;0;individual_editorial_research_not_started | biography_not_accepted | no_accepted_topic_evidence | current_public_role_not_verified | individual_social_link_check | historical_votes_not_collected
250002548472;JHOU DR. DO POVO;PDT;not_reviewed;False;0;individual_editorial_research_not_started | biography_not_accepted | no_accepted_topic_evidence | current_public_role_not_verified | individual_social_link_check | historical_votes_not_collected
250002548466;JOÃO MENDONÇA;PDT;not_reviewed;False;0;individual_editorial_research_not_started | biography_not_accepted | no_accepted_topic_evidence | current_public_role_not_verified | individual_social_link_check | historical_votes_not_collected
250002548482;JOSUÉ MACEDO;PDT;not_reviewed;False;0;individual_editorial_research_not_started | biography_not_accepted | no_accepted_topic_evidence | current_public_role_not_verified | individual_social_link_check | historical_votes_not_collected
250002548495;JU DOURADO;PDT;not_reviewed;False;0;individual_editorial_research_not_started | biography_not_accepted | no_accepted_topic_evidence | current_public_role_not_verified | individual_social_link_check | historical_votes_not_collected
250002548500;KELI TALKS;PDT;not_reviewed;False;0;individual_editorial_research_not_started | biography_not_accepted | no_accepted_topic_evidence | current_public_role_not_verified | individual_social_link_check | historical_votes_not_collected
250002548473;LEANDRO PINTO;PDT;not_reviewed;False;0;individual_editorial_research_not_started | biography_not_accepted | no_accepted_topic_evidence | current_public_role_not_verified | individual_social_link_check | historical_votes_not_collected
250002548503;MARCELO MAIA;PDT;not_reviewed;False;0;individual_editorial_research_not_started | biography_not_accepted | no_accepted_topic_evidence | current_public_role_not_verified | individual_social_link_check | historical_votes_not_collected
250002548490;MARCIO BURGUINHA DA KOMBI;PDT;not_reviewed;False;0;individual_editorial_research_not_started | biography_not_accepted | no_accepted_topic_evidence | current_public_role_not_verified | individual_social_link_check | historical_votes_not_collected
250002548517;MARCOS LATINO BRIZOLA;PDT;not_reviewed;False;0;individual_editorial_research_not_started | biography_not_accepted | no_accepted_topic_evidence | current_public_role_not_verified | individual_social_link_check | historical_votes_not_collected
250002548471;NATALINO DA POUSADA;PDT;not_reviewed;False;0;individual_editorial_research_not_started | biography_not_accepted | no_accepted_topic_evidence | current_public_role_not_verified | individual_social_link_check | historical_votes_not_collected
250002548494;NETE JARDIM;PDT;not_reviewed;False;0;individual_editorial_research_not_started | biography_not_accepted | no_accepted_topic_evidence | current_public_role_not_verified | individual_social_link_check | historical_votes_not_collected
250002548480;ORLANDO SALLES;PDT;not_reviewed;False;0;individual_editorial_research_not_started | biography_not_accepted | no_accepted_topic_evidence | current_public_role_not_verified | individual_social_link_check | historical_votes_not_collected
250002548496;PAI ROBLEZ;PDT;not_reviewed;False;0;individual_editorial_research_not_started | biography_not_accepted | no_accepted_topic_evidence | current_public_role_not_verified | individual_social_link_check | historical_votes_not_collected
250002548510;PANARIELLO;PDT;not_reviewed;False;0;individual_editorial_research_not_started | biography_not_accepted | no_accepted_topic_evidence | current_public_role_not_verified | individual_social_link_check | historical_votes_not_collected
250002548469;PASTOR DANIEL NASCIMENTO;PDT;not_reviewed;False;0;individual_editorial_research_not_started | biography_not_accepted | no_accepted_topic_evidence | current_public_role_not_verified | individual_social_link_check | historical_votes_not_collected
250002548467;PR JAIR SANTANA;PDT;not_reviewed;False;0;individual_editorial_research_not_started | biography_not_accepted | no_accepted_topic_evidence | current_public_role_not_verified | individual_social_link_check | historical_votes_not_collected
250002548465;PROF WILSON CABRAL;PDT;reviewed_documentary_with_explicit_limits;True;5;deepen_and_reconcile_non_exhaustive_review | current_public_role_not_verified | individual_social_link_check | historical_votes_not_collected
250002548506;PROFESSOR FRANKLIN ANDRADE;PDT;not_reviewed;False;0;individual_editorial_research_not_started | biography_not_accepted | no_accepted_topic_evidence | current_public_role_not_verified | individual_social_link_check | historical_votes_not_collected
250002548476;PROFESSOR NASSER;PDT;not_reviewed;False;0;individual_editorial_research_not_started | biography_not_accepted | no_accepted_topic_evidence | current_public_role_not_verified | individual_social_link_check | historical_votes_not_collected
250002548474;RAAFA ENGUE;PDT;not_reviewed;False;0;individual_editorial_research_not_started | biography_not_accepted | no_accepted_topic_evidence | current_public_role_not_verified | individual_social_link_check | historical_votes_not_collected
250002548477;RAFAEL MELLO;PDT;not_reviewed;False;0;individual_editorial_research_not_started | biography_not_accepted | no_accepted_topic_evidence | current_public_role_not_verified | individual_social_link_check | historical_votes_not_collected
250002548504;REINILTON;PDT;not_reviewed;False;0;individual_editorial_research_not_started | biography_not_accepted | no_accepted_topic_evidence | current_public_role_not_verified | individual_social_link_check | historical_votes_not_collected
250002548484;ROBERTINHO MENDONÇA;PDT;not_reviewed;False;0;individual_editorial_research_not_started | biography_not_accepted | no_accepted_topic_evidence | current_public_role_not_verified | individual_social_link_check | historical_votes_not_collected
250002548509;RONALDO TOME;PDT;not_reviewed;False;0;individual_editorial_research_not_started | biography_not_accepted | no_accepted_topic_evidence | current_public_role_not_verified | individual_social_link_check | historical_votes_not_collected
250002548462;SANZIO RODRIGUES;PDT;not_reviewed;False;0;individual_editorial_research_not_started | biography_not_accepted | no_accepted_topic_evidence | current_public_role_not_verified | individual_social_link_check | historical_votes_not_collected
250002548485;SILAS CARLOS;PDT;not_reviewed;False;0;individual_editorial_research_not_started | biography_not_accepted | no_accepted_topic_evidence | current_public_role_not_verified | individual_social_link_check | historical_votes_not_collected
250002548507;TAMIR FELIPE;PDT;not_reviewed;False;0;individual_editorial_research_not_started | biography_not_accepted | no_accepted_topic_evidence | current_public_role_not_verified | individual_social_link_check | historical_votes_not_collected
250002548499;TIAGO LUZ;PDT;not_reviewed;False;0;individual_editorial_research_not_started | biography_not_accepted | no_accepted_topic_evidence | current_public_role_not_verified | individual_social_link_check | historical_votes_not_collected
250002548516;WANDER JAPA;PDT;not_reviewed;False;0;individual_editorial_research_not_started | biography_not_accepted | no_accepted_topic_evidence | current_public_role_not_verified | individual_social_link_check | historical_votes_not_collected
250002548497;WILSON VIEIRA;PDT;not_reviewed;False;0;individual_editorial_research_not_started | biography_not_accepted | no_accepted_topic_evidence | current_public_role_not_verified | individual_social_link_check | historical_votes_not_collected
250002539432;ABNER TOFANELLI;PSB;not_reviewed;False;0;individual_editorial_research_not_started | biography_not_accepted | no_accepted_topic_evidence | current_public_role_not_verified | individual_social_link_check | historical_votes_not_collected
250002539446;ADVOGADO EWERTON;PSB;not_reviewed;False;0;individual_editorial_research_not_started | biography_not_accepted | no_accepted_topic_evidence | current_public_role_not_verified | individual_social_link_check | historical_votes_not_collected
250002539402;ALEX LACERDA;PSB;not_reviewed;False;0;individual_editorial_research_not_started | biography_not_accepted | no_accepted_topic_evidence | current_public_role_not_verified | individual_social_link_check | historical_votes_not_collected
250002539392;ALEXSANDRA RIBEIRO;PSB;not_reviewed;False;0;individual_editorial_research_not_started | biography_not_accepted | no_accepted_topic_evidence | current_public_role_not_verified | individual_social_link_check | historical_votes_not_collected
250002539447;ALFREDO BOSI;PSB;not_reviewed;False;0;individual_editorial_research_not_started | biography_not_accepted | no_accepted_topic_evidence | current_public_role_not_verified | individual_social_link_check | historical_votes_not_collected
250002539419;ALMIR ROGERIO;PSB;not_reviewed;False;0;individual_editorial_research_not_started | biography_not_accepted | no_accepted_topic_evidence | current_public_role_not_verified | individual_social_link_check | historical_votes_not_collected
250002539420;ANA CLÉIA;PSB;not_reviewed;False;0;individual_editorial_research_not_started | biography_not_accepted | no_accepted_topic_evidence | current_public_role_not_verified | individual_social_link_check | historical_votes_not_collected
250002539385;ANDREA WERNER;PSB;reviewed_documentary_with_explicit_limits;True;1;deepen_and_reconcile_non_exhaustive_review | current_public_role_not_verified | individual_social_link_check | historical_votes_not_collected
250002539418;ANTONIO ALVES VIGILANTE;PSB;not_reviewed;False;0;individual_editorial_research_not_started | biography_not_accepted | no_accepted_topic_evidence | current_public_role_not_verified | individual_social_link_check | historical_votes_not_collected
250002539387;BENEDITO FURTADO;PSB;not_reviewed;False;0;individual_editorial_research_not_started | biography_not_accepted | no_accepted_topic_evidence | current_public_role_not_verified | individual_social_link_check | historical_votes_not_collected
250002539424;CARLÃO DO BASQUETE;PSB;not_reviewed;False;0;individual_editorial_research_not_started | biography_not_accepted | no_accepted_topic_evidence | current_public_role_not_verified | individual_social_link_check | historical_votes_not_collected
250002539441;CARMEM PORTELA;PSB;not_reviewed;False;0;individual_editorial_research_not_started | biography_not_accepted | no_accepted_topic_evidence | current_public_role_not_verified | individual_social_link_check | historical_votes_not_collected
250002539433;CÉLIA RAMOS;PSB;not_reviewed;False;0;individual_editorial_research_not_started | biography_not_accepted | no_accepted_topic_evidence | current_public_role_not_verified | individual_social_link_check | historical_votes_not_collected
250002539442;CÉSAR BARBARESCO;PSB;not_reviewed;False;0;individual_editorial_research_not_started | biography_not_accepted | no_accepted_topic_evidence | current_public_role_not_verified | individual_social_link_check | historical_votes_not_collected
250002539422;CÉZAR GREGÓRIO;PSB;not_reviewed;False;0;individual_editorial_research_not_started | biography_not_accepted | no_accepted_topic_evidence | current_public_role_not_verified | individual_social_link_check | historical_votes_not_collected
250002539449;CHAMEL;PSB;not_reviewed;False;0;individual_editorial_research_not_started | biography_not_accepted | no_accepted_topic_evidence | current_public_role_not_verified | individual_social_link_check | historical_votes_not_collected
250002539439;CIBELE BOTELHO;PSB;not_reviewed;False;0;individual_editorial_research_not_started | biography_not_accepted | no_accepted_topic_evidence | current_public_role_not_verified | individual_social_link_check | historical_votes_not_collected
250002539417;CRIS SIMÕES AVCISTA;PSB;not_reviewed;False;0;individual_editorial_research_not_started | biography_not_accepted | no_accepted_topic_evidence | current_public_role_not_verified | individual_social_link_check | historical_votes_not_collected
250002539431;DATENA;PSB;not_reviewed;False;0;individual_editorial_research_not_started | biography_not_accepted | no_accepted_topic_evidence | current_public_role_not_verified | individual_social_link_check | historical_votes_not_collected
250002539423;DELEGADO ADOLPHO HENRIQUE;PSB;not_reviewed;False;0;individual_editorial_research_not_started | biography_not_accepted | no_accepted_topic_evidence | current_public_role_not_verified | individual_social_link_check | historical_votes_not_collected
250002539425;DR. DOLIRIO;PSB;not_reviewed;False;0;individual_editorial_research_not_started | biography_not_accepted | no_accepted_topic_evidence | current_public_role_not_verified | individual_social_link_check | historical_votes_not_collected
250002539443;DR. NILSON BRAGA;PSB;not_reviewed;False;0;individual_editorial_research_not_started | biography_not_accepted | no_accepted_topic_evidence | current_public_role_not_verified | individual_social_link_check | historical_votes_not_collected
250002539434;DR. VIRA LATA;PSB;not_reviewed;False;0;individual_editorial_research_not_started | biography_not_accepted | no_accepted_topic_evidence | current_public_role_not_verified | individual_social_link_check | historical_votes_not_collected
250002539396;DR.YAGO TORRES;PSB;not_reviewed;False;0;individual_editorial_research_not_started | biography_not_accepted | no_accepted_topic_evidence | current_public_role_not_verified | individual_social_link_check | historical_votes_not_collected
250002539401;DRA. DEISE PASSOS;PSB;not_reviewed;False;0;individual_editorial_research_not_started | biography_not_accepted | no_accepted_topic_evidence | current_public_role_not_verified | individual_social_link_check | historical_votes_not_collected
250002539450;DRA. ROSIANE FARIAS;PSB;not_reviewed;False;0;individual_editorial_research_not_started | biography_not_accepted | no_accepted_topic_evidence | current_public_role_not_verified | individual_social_link_check | historical_votes_not_collected
250002539415;ELIANNE VENDRAMETTO;PSB;not_reviewed;False;0;individual_editorial_research_not_started | biography_not_accepted | no_accepted_topic_evidence | current_public_role_not_verified | individual_social_link_check | historical_votes_not_collected
250002539445;ELISEU GABRIEL;PSB;not_reviewed;False;0;individual_editorial_research_not_started | biography_not_accepted | no_accepted_topic_evidence | current_public_role_not_verified | individual_social_link_check | historical_votes_not_collected
250002539416;ERIK TORQUATO;PSB;not_reviewed;False;0;individual_editorial_research_not_started | biography_not_accepted | no_accepted_topic_evidence | current_public_role_not_verified | individual_social_link_check | historical_votes_not_collected
250002539430;FILIPE MENINO;PSB;not_reviewed;False;0;individual_editorial_research_not_started | biography_not_accepted | no_accepted_topic_evidence | current_public_role_not_verified | individual_social_link_check | historical_votes_not_collected
250002539400;GILMAR ALMEIDA;PSB;not_reviewed;False;0;individual_editorial_research_not_started | biography_not_accepted | no_accepted_topic_evidence | current_public_role_not_verified | individual_social_link_check | historical_votes_not_collected
250002539386;GILSON DE SOUZA;PSB;not_reviewed;False;0;individual_editorial_research_not_started | biography_not_accepted | no_accepted_topic_evidence | current_public_role_not_verified | individual_social_link_check | historical_votes_not_collected
250002539405;GLEIDSON AIACYDA;PSB;not_reviewed;False;0;individual_editorial_research_not_started | biography_not_accepted | no_accepted_topic_evidence | current_public_role_not_verified | individual_social_link_check | historical_votes_not_collected
250002539436;GRINGO MOTOKA;PSB;not_reviewed;False;0;individual_editorial_research_not_started | biography_not_accepted | no_accepted_topic_evidence | current_public_role_not_verified | individual_social_link_check | historical_votes_not_collected
250002539414;HERIVELTO VELA;PSB;not_reviewed;False;0;individual_editorial_research_not_started | biography_not_accepted | no_accepted_topic_evidence | current_public_role_not_verified | individual_social_link_check | historical_votes_not_collected
250002539399;JONAS DONIZETTE;PSB;not_reviewed;False;0;individual_editorial_research_not_started | biography_not_accepted | no_accepted_topic_evidence | current_public_role_not_verified | individual_social_link_check | historical_votes_not_collected
250002539455;JORNALISTA TIAGO SANTOS;PSB;not_reviewed;False;0;individual_editorial_research_not_started | biography_not_accepted | no_accepted_topic_evidence | current_public_role_not_verified | individual_social_link_check | historical_votes_not_collected
250002539409;JULIANA CURVELO;PSB;not_reviewed;False;0;individual_editorial_research_not_started | biography_not_accepted | no_accepted_topic_evidence | current_public_role_not_verified | individual_social_link_check | historical_votes_not_collected
250002539411;JULIÃO SOARES;PSB;not_reviewed;False;0;individual_editorial_research_not_started | biography_not_accepted | no_accepted_topic_evidence | current_public_role_not_verified | individual_social_link_check | historical_votes_not_collected
250002539453;KAROL LIMA;PSB;not_reviewed;False;0;individual_editorial_research_not_started | biography_not_accepted | no_accepted_topic_evidence | current_public_role_not_verified | individual_social_link_check | historical_votes_not_collected
250002539407;KEIKO OTA;PSB;not_reviewed;False;0;individual_editorial_research_not_started | biography_not_accepted | no_accepted_topic_evidence | current_public_role_not_verified | individual_social_link_check | historical_votes_not_collected
250002539393;LEANDRO LIRA;PSB;not_reviewed;False;0;individual_editorial_research_not_started | biography_not_accepted | no_accepted_topic_evidence | current_public_role_not_verified | individual_social_link_check | historical_votes_not_collected
250002539410;LEANDRO VITOR;PSB;not_reviewed;False;0;individual_editorial_research_not_started | biography_not_accepted | no_accepted_topic_evidence | current_public_role_not_verified | individual_social_link_check | historical_votes_not_collected
250002539408;LÉO PONTES;PSB;not_reviewed;False;0;individual_editorial_research_not_started | biography_not_accepted | no_accepted_topic_evidence | current_public_role_not_verified | individual_social_link_check | historical_votes_not_collected
250002539390;LU GARCIA;PSB;not_reviewed;False;0;individual_editorial_research_not_started | biography_not_accepted | no_accepted_topic_evidence | current_public_role_not_verified | individual_social_link_check | historical_votes_not_collected
250002539426;LUCAS DANTAS;PSB;not_reviewed;False;0;individual_editorial_research_not_started | biography_not_accepted | no_accepted_topic_evidence | current_public_role_not_verified | individual_social_link_check | historical_votes_not_collected
250002539412;LUCAS TOTTY;PSB;not_reviewed;False;0;individual_editorial_research_not_started | biography_not_accepted | no_accepted_topic_evidence | current_public_role_not_verified | individual_social_link_check | historical_votes_not_collected
250002539389;LUCIANO DA LUZ;PSB;not_reviewed;False;0;individual_editorial_research_not_started | biography_not_accepted | no_accepted_topic_evidence | current_public_role_not_verified | individual_social_link_check | historical_votes_not_collected
250002539438;MARCELO STRAMA;PSB;not_reviewed;False;0;individual_editorial_research_not_started | biography_not_accepted | no_accepted_topic_evidence | current_public_role_not_verified | individual_social_link_check | historical_votes_not_collected
250002539394;MARIA AIRES;PSB;not_reviewed;False;0;individual_editorial_research_not_started | biography_not_accepted | no_accepted_topic_evidence | current_public_role_not_verified | individual_social_link_check | historical_votes_not_collected
250002539395;MARIJANE;PSB;not_reviewed;False;0;individual_editorial_research_not_started | biography_not_accepted | no_accepted_topic_evidence | current_public_role_not_verified | individual_social_link_check | historical_votes_not_collected
250002539437;MARINA HELOU;PSB;reviewed_documentary_with_explicit_limits;True;4;deepen_and_reconcile_non_exhaustive_review | current_public_role_not_verified | individual_social_link_check | historical_votes_not_collected
250002539428;MATHEUS COELHO;PSB;not_reviewed;False;0;individual_editorial_research_not_started | biography_not_accepted | no_accepted_topic_evidence | current_public_role_not_verified | individual_social_link_check | historical_votes_not_collected
250002539451;MAURO MATTOSINHO;PSB;not_reviewed;False;0;individual_editorial_research_not_started | biography_not_accepted | no_accepted_topic_evidence | current_public_role_not_verified | individual_social_link_check | historical_votes_not_collected
250002539421;NETINHO MAIA;PSB;not_reviewed;False;0;individual_editorial_research_not_started | biography_not_accepted | no_accepted_topic_evidence | current_public_role_not_verified | individual_social_link_check | historical_votes_not_collected
250002539398;ODAIR GOMES;PSB;not_reviewed;False;0;individual_editorial_research_not_started | biography_not_accepted | no_accepted_topic_evidence | current_public_role_not_verified | individual_social_link_check | historical_votes_not_collected
250002539444;PAULA GRANATO;PSB;not_reviewed;False;0;individual_editorial_research_not_started | biography_not_accepted | no_accepted_topic_evidence | current_public_role_not_verified | individual_social_link_check | historical_votes_not_collected
250002539413;PESCADOR LUCAS DA ORLANDINA;PSB;not_reviewed;False;0;individual_editorial_research_not_started | biography_not_accepted | no_accepted_topic_evidence | current_public_role_not_verified | individual_social_link_check | historical_votes_not_collected
250002539429;PROF. BETH;PSB;not_reviewed;False;0;individual_editorial_research_not_started | biography_not_accepted | no_accepted_topic_evidence | current_public_role_not_verified | individual_social_link_check | historical_votes_not_collected
250002539448;PROFESSOR GILMAR;PSB;not_reviewed;False;0;individual_editorial_research_not_started | biography_not_accepted | no_accepted_topic_evidence | current_public_role_not_verified | individual_social_link_check | historical_votes_not_collected
250002539388;PROFESSOR LUZIMAR;PSB;not_reviewed;False;0;individual_editorial_research_not_started | biography_not_accepted | no_accepted_topic_evidence | current_public_role_not_verified | individual_social_link_check | historical_votes_not_collected
250002539404;PROFESSORA MEIRE;PSB;not_reviewed;False;0;individual_editorial_research_not_started | biography_not_accepted | no_accepted_topic_evidence | current_public_role_not_verified | individual_social_link_check | historical_votes_not_collected
250002539454;RENATINHO SE LIGUE;PSB;not_reviewed;False;0;individual_editorial_research_not_started | biography_not_accepted | no_accepted_topic_evidence | current_public_role_not_verified | individual_social_link_check | historical_votes_not_collected
250002539397;RICARDO GALVÃO;PSB;not_reviewed;False;0;individual_editorial_research_not_started | biography_not_accepted | no_accepted_topic_evidence | current_public_role_not_verified | individual_social_link_check | historical_votes_not_collected
250002539427;RODRIGO AGOSTINHO;PSB;not_reviewed;False;0;individual_editorial_research_not_started | biography_not_accepted | no_accepted_topic_evidence | current_public_role_not_verified | individual_social_link_check | historical_votes_not_collected
250002539406;SAMUEL ENFERMEIRO;PSB;not_reviewed;False;0;individual_editorial_research_not_started | biography_not_accepted | no_accepted_topic_evidence | current_public_role_not_verified | individual_social_link_check | historical_votes_not_collected
250002539403;SARGENTO NERI;PSB;not_reviewed;False;0;individual_editorial_research_not_started | biography_not_accepted | no_accepted_topic_evidence | current_public_role_not_verified | individual_social_link_check | historical_votes_not_collected
250002539391;SHEYLLI;PSB;not_reviewed;False;0;individual_editorial_research_not_started | biography_not_accepted | no_accepted_topic_evidence | current_public_role_not_verified | individual_social_link_check | historical_votes_not_collected
250002539440;SIDÃO FORMIGA;PSB;not_reviewed;False;0;individual_editorial_research_not_started | biography_not_accepted | no_accepted_topic_evidence | current_public_role_not_verified | individual_social_link_check | historical_votes_not_collected
250002539435;TABATA AMARAL;PSB;reviewed_documentary_with_explicit_limits;True;1;deepen_and_reconcile_non_exhaustive_review | current_public_role_not_verified | individual_social_link_check | historical_votes_not_collected
250002539452;VILAR;PSB;not_reviewed;False;0;individual_editorial_research_not_started | biography_not_accepted | no_accepted_topic_evidence | current_public_role_not_verified | individual_social_link_check | historical_votes_not_collected
250002539614;ADERITO DUTRA;PSOL;not_reviewed;False;0;individual_editorial_research_not_started | biography_not_accepted | no_accepted_topic_evidence | current_public_role_not_verified | individual_social_link_check | historical_votes_not_collected
250002539619;ADRIANO NASCIMENTO;PSOL;not_reviewed;False;0;individual_editorial_research_not_started | biography_not_accepted | no_accepted_topic_evidence | current_public_role_not_verified | individual_social_link_check | historical_votes_not_collected
250002539598;BERNARDO LIMA;PSOL;not_reviewed;False;0;individual_editorial_research_not_started | biography_not_accepted | no_accepted_topic_evidence | current_public_role_not_verified | individual_social_link_check | historical_votes_not_collected
250002539610;CARLOS DO BONSUCESSO;PSOL;not_reviewed;False;0;individual_editorial_research_not_started | biography_not_accepted | no_accepted_topic_evidence | current_public_role_not_verified | individual_social_link_check | historical_votes_not_collected
250002539588;CÍCERO PERUEIRO;PSOL;not_reviewed;False;0;individual_editorial_research_not_started | biography_not_accepted | no_accepted_topic_evidence | current_public_role_not_verified | individual_social_link_check | historical_votes_not_collected
250002539601;DRA. HERICA VERYANO;PSOL;not_reviewed;False;0;individual_editorial_research_not_started | biography_not_accepted | no_accepted_topic_evidence | current_public_role_not_verified | individual_social_link_check | historical_votes_not_collected
250002539599;EDILENE BANCADA TRABALHADORAS;PSOL;not_reviewed;False;0;individual_editorial_research_not_started | biography_not_accepted | no_accepted_topic_evidence | current_public_role_not_verified | individual_social_link_check | historical_votes_not_collected
250002539595;ENOC SANTANA;PSOL;not_reviewed;False;0;individual_editorial_research_not_started | biography_not_accepted | no_accepted_topic_evidence | current_public_role_not_verified | individual_social_link_check | historical_votes_not_collected
250002539612;ERIKA HILTON;PSOL;not_reviewed;False;0;individual_editorial_research_not_started | biography_not_accepted | no_accepted_topic_evidence | current_public_role_not_verified | individual_social_link_check | historical_votes_not_collected
250002539616;FABIO MELLO;PSOL;not_reviewed;False;0;individual_editorial_research_not_started | biography_not_accepted | no_accepted_topic_evidence | current_public_role_not_verified | individual_social_link_check | historical_votes_not_collected
250002539623;FLÁVIO CASIMIRO;PSOL;not_reviewed;False;0;individual_editorial_research_not_started | biography_not_accepted | no_accepted_topic_evidence | current_public_role_not_verified | individual_social_link_check | historical_votes_not_collected
250002539608;GABRIEL DOS ANIMAIS;PSOL;not_reviewed;False;0;individual_editorial_research_not_started | biography_not_accepted | no_accepted_topic_evidence | current_public_role_not_verified | individual_social_link_check | historical_votes_not_collected
250002539620;GUILHERME CORTEZ;PSOL;reviewed_documentary_with_explicit_limits;True;9;deepen_and_reconcile_non_exhaustive_review | current_public_role_not_verified | individual_social_link_check | historical_votes_not_collected
250002539587;ÍNDIO VIGILANTE;PSOL;not_reviewed;False;0;individual_editorial_research_not_started | biography_not_accepted | no_accepted_topic_evidence | current_public_role_not_verified | individual_social_link_check | historical_votes_not_collected
250002539607;JULIANO MEDEIROS;PSOL;not_reviewed;False;0;individual_editorial_research_not_started | biography_not_accepted | no_accepted_topic_evidence | current_public_role_not_verified | individual_social_link_check | historical_votes_not_collected
250002539613;LUCIANA GATTI;PSOL;not_reviewed;False;0;individual_editorial_research_not_started | biography_not_accepted | no_accepted_topic_evidence | current_public_role_not_verified | individual_social_link_check | historical_votes_not_collected
250002539589;MÃE SU DE NÃNÃ;PSOL;not_reviewed;False;0;individual_editorial_research_not_started | biography_not_accepted | no_accepted_topic_evidence | current_public_role_not_verified | individual_social_link_check | historical_votes_not_collected
250002539596;MARCIO LUNA;PSOL;not_reviewed;False;0;individual_editorial_research_not_started | biography_not_accepted | no_accepted_topic_evidence | current_public_role_not_verified | individual_social_link_check | historical_votes_not_collected
250002539617;MARIA DE SALES;PSOL;not_reviewed;False;0;individual_editorial_research_not_started | biography_not_accepted | no_accepted_topic_evidence | current_public_role_not_verified | individual_social_link_check | historical_votes_not_collected
250002539628;MARIA ELI RICO;PSOL;not_reviewed;False;0;individual_editorial_research_not_started | biography_not_accepted | no_accepted_topic_evidence | current_public_role_not_verified | individual_social_link_check | historical_votes_not_collected
250002539624;NATÁLIA BOULOS;PSOL;not_reviewed;False;0;individual_editorial_research_not_started | biography_not_accepted | no_accepted_topic_evidence | current_public_role_not_verified | individual_social_link_check | historical_votes_not_collected
250002539597;NELSON TRABALHADOR;PSOL;not_reviewed;False;0;individual_editorial_research_not_started | biography_not_accepted | no_accepted_topic_evidence | current_public_role_not_verified | individual_social_link_check | historical_votes_not_collected
250002539618;OLEGÁRIO DA COMUNIDADE;PSOL;not_reviewed;False;0;individual_editorial_research_not_started | biography_not_accepted | no_accepted_topic_evidence | current_public_role_not_verified | individual_social_link_check | historical_votes_not_collected
250002539594;PIERRE FERNANDEZ;PSOL;not_reviewed;False;0;individual_editorial_research_not_started | biography_not_accepted | no_accepted_topic_evidence | current_public_role_not_verified | individual_social_link_check | historical_votes_not_collected
250002539600;PROF. LAURO PACHECO;PSOL;not_reviewed;False;0;individual_editorial_research_not_started | biography_not_accepted | no_accepted_topic_evidence | current_public_role_not_verified | individual_social_link_check | historical_votes_not_collected
250002539622;PROFESSORA LUCIENE CAVALCANTE;PSOL;not_reviewed;False;0;individual_editorial_research_not_started | biography_not_accepted | no_accepted_topic_evidence | current_public_role_not_verified | individual_social_link_check | historical_votes_not_collected
250002539629;RAUL MARCELO;PSOL;not_reviewed;False;0;individual_editorial_research_not_started | biography_not_accepted | no_accepted_topic_evidence | current_public_role_not_verified | individual_social_link_check | historical_votes_not_collected
250002539631;RIBAMAR PASSOS;PSOL;not_reviewed;False;0;individual_editorial_research_not_started | biography_not_accepted | no_accepted_topic_evidence | current_public_role_not_verified | individual_social_link_check | historical_votes_not_collected
250002539604;SÂMIA BOMFIM;PSOL;reviewed_documentary_with_explicit_limits;True;6;deepen_and_reconcile_non_exhaustive_review | current_public_role_not_verified | individual_social_link_check | historical_votes_not_collected
250002539621;SANTO LEGALIZA;PSOL;not_reviewed;False;0;individual_editorial_research_not_started | biography_not_accepted | no_accepted_topic_evidence | current_public_role_not_verified | individual_social_link_check | historical_votes_not_collected
250002539590;SERGINHO;PSOL;not_reviewed;False;0;individual_editorial_research_not_started | biography_not_accepted | no_accepted_topic_evidence | current_public_role_not_verified | individual_social_link_check | historical_votes_not_collected
250002539593;SÔNIA GUAJAJARA;PSOL;reviewed_documentary_with_explicit_limits;True;3;deepen_and_reconcile_non_exhaustive_review | current_public_role_not_verified | individual_social_link_check | historical_votes_not_collected
250002539602;THUANY FARIA;PSOL;not_reviewed;False;0;individual_editorial_research_not_started | biography_not_accepted | no_accepted_topic_evidence | current_public_role_not_verified | individual_social_link_check | historical_votes_not_collected
250002539611;VAGNER ROBERTO;PSOL;not_reviewed;False;0;individual_editorial_research_not_started | biography_not_accepted | no_accepted_topic_evidence | current_public_role_not_verified | individual_social_link_check | historical_votes_not_collected
250002539615;VISCONDE JAMAICA;PSOL;not_reviewed;False;0;individual_editorial_research_not_started | biography_not_accepted | no_accepted_topic_evidence | current_public_role_not_verified | individual_social_link_check | historical_votes_not_collected
250002539591;WILTINHO POETA;PSOL;not_reviewed;False;0;individual_editorial_research_not_started | biography_not_accepted | no_accepted_topic_evidence | current_public_role_not_verified | individual_social_link_check | historical_votes_not_collected
250002536736;ALENCAR SANTANA;PT;reviewed_documentary_with_explicit_limits;True;0;no_accepted_topic_evidence | deepen_and_reconcile_non_exhaustive_review | current_public_role_not_verified | individual_social_link_check | historical_votes_not_collected
250002536746;ALEX MINDUIN;PT;not_reviewed;False;0;individual_editorial_research_not_started | biography_not_accepted | no_accepted_topic_evidence | current_public_role_not_verified | individual_social_link_check | historical_votes_not_collected
250002536756;ALFREDINHO;PT;reviewed_documentary_with_explicit_limits;True;0;no_accepted_topic_evidence | deepen_and_reconcile_non_exhaustive_review | individual_social_link_check | historical_votes_not_collected
250002536718;ANÍBAL MUNHOZ;PT;not_reviewed;False;0;individual_editorial_research_not_started | biography_not_accepted | no_accepted_topic_evidence | current_public_role_not_verified | individual_social_link_check | historical_votes_not_collected
250002536719;ARLINDO CHINAGLIA;PT;not_reviewed;False;0;individual_editorial_research_not_started | biography_not_accepted | no_accepted_topic_evidence | current_public_role_not_verified | individual_social_link_check | historical_votes_not_collected
250002536731;AUREO BACELAR;PT;not_reviewed;False;0;individual_editorial_research_not_started | biography_not_accepted | no_accepted_topic_evidence | current_public_role_not_verified | individual_social_link_check | historical_votes_not_collected
250002536737;CARLOS ZARATTINI;PT;reviewed_documentary_with_explicit_limits;True;1;deepen_and_reconcile_non_exhaustive_review | current_public_role_not_verified | individual_social_link_check | historical_votes_not_collected
250002536765;CICERA MARIA;PT;not_reviewed;False;0;individual_editorial_research_not_started | biography_not_accepted | no_accepted_topic_evidence | current_public_role_not_verified | individual_social_link_check | historical_votes_not_collected
250002536715;DIEGO TURATO;PT;not_reviewed;False;0;individual_editorial_research_not_started | biography_not_accepted | no_accepted_topic_evidence | current_public_role_not_verified | individual_social_link_check | historical_votes_not_collected
250002536720;DR. CASEIRO;PT;not_reviewed;False;0;individual_editorial_research_not_started | biography_not_accepted | no_accepted_topic_evidence | current_public_role_not_verified | individual_social_link_check | historical_votes_not_collected
250002536743;EDINHO SILVA;PT;not_reviewed;False;0;individual_editorial_research_not_started | biography_not_accepted | no_accepted_topic_evidence | current_public_role_not_verified | individual_social_link_check | historical_votes_not_collected
250002536759;EDSON DA PAZ;PT;not_reviewed;False;0;individual_editorial_research_not_started | biography_not_accepted | no_accepted_topic_evidence | current_public_role_not_verified | individual_social_link_check | historical_votes_not_collected
250002536729;GREGORY FRANÇA;PT;not_reviewed;False;0;individual_editorial_research_not_started | biography_not_accepted | no_accepted_topic_evidence | current_public_role_not_verified | individual_social_link_check | historical_votes_not_collected
250002536751;GUIDA CALIXTO;PT;not_reviewed;False;0;individual_editorial_research_not_started | biography_not_accepted | no_accepted_topic_evidence | current_public_role_not_verified | individual_social_link_check | historical_votes_not_collected
250002536760;JEAN WYLLYS;PT;not_reviewed;False;0;individual_editorial_research_not_started | biography_not_accepted | no_accepted_topic_evidence | current_public_role_not_verified | individual_social_link_check | historical_votes_not_collected
250002536757;JILMAR TATTO;PT;reviewed_documentary_with_explicit_limits;True;0;no_accepted_topic_evidence | deepen_and_reconcile_non_exhaustive_review | current_public_role_not_verified | individual_social_link_check | historical_votes_not_collected
250002536733;JOAO PAULO CUNHA;PT;not_reviewed;False;0;individual_editorial_research_not_started | biography_not_accepted | no_accepted_topic_evidence | current_public_role_not_verified | individual_social_link_check | historical_votes_not_collected
250002536734;JULIANA CARDOSO;PT;reviewed_documentary_with_explicit_limits;True;3;deepen_and_reconcile_non_exhaustive_review | current_public_role_not_verified | individual_social_link_check | historical_votes_not_collected
250002536735;KERLLYN OLIVEIRA;PT;not_reviewed;False;0;individual_editorial_research_not_started | biography_not_accepted | no_accepted_topic_evidence | current_public_role_not_verified | individual_social_link_check | historical_votes_not_collected
250002536722;KIKO CELEGUIM;PT;reviewed_documentary_with_explicit_limits;True;0;no_accepted_topic_evidence | deepen_and_reconcile_non_exhaustive_review | current_public_role_not_verified | individual_social_link_check | historical_votes_not_collected
250002536739;LUCAS PENTEADO;PT;not_reviewed;False;0;individual_editorial_research_not_started | biography_not_accepted | no_accepted_topic_evidence | current_public_role_not_verified | individual_social_link_check | historical_votes_not_collected
250002536727;LUNA ZARATTINI;PT;not_reviewed;False;0;individual_editorial_research_not_started | biography_not_accepted | no_accepted_topic_evidence | current_public_role_not_verified | individual_social_link_check | historical_votes_not_collected
250002536732;MACARRÃO;PT;not_reviewed;False;0;individual_editorial_research_not_started | biography_not_accepted | no_accepted_topic_evidence | current_public_role_not_verified | individual_social_link_check | historical_votes_not_collected
250002536721;MANU BARROS;PT;not_reviewed;False;0;individual_editorial_research_not_started | biography_not_accepted | no_accepted_topic_evidence | current_public_role_not_verified | individual_social_link_check | historical_votes_not_collected
250002536741;MARCELO CARTEIRO;PT;not_reviewed;False;0;individual_editorial_research_not_started | biography_not_accepted | no_accepted_topic_evidence | current_public_role_not_verified | individual_social_link_check | historical_votes_not_collected
250002536749;MARCIA LIA;PT;not_reviewed;False;0;individual_editorial_research_not_started | biography_not_accepted | no_accepted_topic_evidence | current_public_role_not_verified | individual_social_link_check | historical_votes_not_collected
250002536747;MARIANA NEGRI;PT;not_reviewed;False;0;individual_editorial_research_not_started | biography_not_accepted | no_accepted_topic_evidence | current_public_role_not_verified | individual_social_link_check | historical_votes_not_collected
250002536717;MAYARA PROFESSORA;PT;not_reviewed;False;0;individual_editorial_research_not_started | biography_not_accepted | no_accepted_topic_evidence | current_public_role_not_verified | individual_social_link_check | historical_votes_not_collected
250002536750;MISSIONARIA SILVIA KRUMP;PT;not_reviewed;False;0;individual_editorial_research_not_started | biography_not_accepted | no_accepted_topic_evidence | current_public_role_not_verified | individual_social_link_check | historical_votes_not_collected
250002536738;MOISES SELERGES;PT;not_reviewed;False;0;individual_editorial_research_not_started | biography_not_accepted | no_accepted_topic_evidence | current_public_role_not_verified | individual_social_link_check | historical_votes_not_collected
250002536748;NABIL BONDUKI;PT;not_reviewed;False;0;individual_editorial_research_not_started | biography_not_accepted | no_accepted_topic_evidence | current_public_role_not_verified | individual_social_link_check | historical_votes_not_collected
250002536764;NILTO TATTO;PT;reviewed_documentary_with_explicit_limits;True;1;deepen_and_reconcile_non_exhaustive_review | current_public_role_not_verified | individual_social_link_check | historical_votes_not_collected
250002536745;PAULO TEIXEIRA;PT;not_reviewed;False;0;individual_editorial_research_not_started | biography_not_accepted | no_accepted_topic_evidence | current_public_role_not_verified | individual_social_link_check | historical_votes_not_collected
250002536761;PEDRO TOURINHO;PT;not_reviewed;False;0;individual_editorial_research_not_started | biography_not_accepted | no_accepted_topic_evidence | current_public_role_not_verified | individual_social_link_check | historical_votes_not_collected
250002536730;PROFESSOR DOUGLAS IZZO;PT;not_reviewed;False;0;individual_editorial_research_not_started | biography_not_accepted | no_accepted_topic_evidence | current_public_role_not_verified | individual_social_link_check | historical_votes_not_collected
250002536754;PROFESSOR LUIZ ROQUE;PT;not_reviewed;False;0;individual_editorial_research_not_started | biography_not_accepted | no_accepted_topic_evidence | current_public_role_not_verified | individual_social_link_check | historical_votes_not_collected
250002536740;PROFESSORA ADRIANA MARTINS;PT;not_reviewed;False;0;individual_editorial_research_not_started | biography_not_accepted | no_accepted_topic_evidence | current_public_role_not_verified | individual_social_link_check | historical_votes_not_collected
250002536713;PROFESSORA RUTH SILVA;PT;not_reviewed;False;0;individual_editorial_research_not_started | biography_not_accepted | no_accepted_topic_evidence | current_public_role_not_verified | individual_social_link_check | historical_votes_not_collected
250002536766;RAI DE ALMEIDA;PT;not_reviewed;False;0;individual_editorial_research_not_started | biography_not_accepted | no_accepted_topic_evidence | current_public_role_not_verified | individual_social_link_check | historical_votes_not_collected
250002536714;RAQUEL AUXILIADORA;PT;not_reviewed;False;0;individual_editorial_research_not_started | biography_not_accepted | no_accepted_topic_evidence | current_public_role_not_verified | individual_social_link_check | historical_votes_not_collected
250002536753;REIS;PT;not_reviewed;False;0;individual_editorial_research_not_started | biography_not_accepted | no_accepted_topic_evidence | current_public_role_not_verified | individual_social_link_check | historical_votes_not_collected
250002536726;ROSAURA ALMEIDA;PT;not_reviewed;False;0;individual_editorial_research_not_started | biography_not_accepted | no_accepted_topic_evidence | current_public_role_not_verified | individual_social_link_check | historical_votes_not_collected
250002536725;ROSE FORATO;PT;not_reviewed;False;0;individual_editorial_research_not_started | biography_not_accepted | no_accepted_topic_evidence | current_public_role_not_verified | individual_social_link_check | historical_votes_not_collected
250002536763;RUI FALCÃO;PT;not_reviewed;False;0;individual_editorial_research_not_started | biography_not_accepted | no_accepted_topic_evidence | current_public_role_not_verified | individual_social_link_check | historical_votes_not_collected
250002536723;RUTH LOPES;PT;not_reviewed;False;0;individual_editorial_research_not_started | biography_not_accepted | no_accepted_topic_evidence | current_public_role_not_verified | individual_social_link_check | historical_votes_not_collected
250002536752;THIAGO DOS REIS;PT;not_reviewed;False;0;individual_editorial_research_not_started | biography_not_accepted | no_accepted_topic_evidence | current_public_role_not_verified | individual_social_link_check | historical_votes_not_collected
250002536758;VICENTINHO;PT;reviewed_documentary_with_explicit_limits;True;0;no_accepted_topic_evidence | deepen_and_reconcile_non_exhaustive_review | individual_social_link_check | historical_votes_not_collected
250002536744;WILLIAM VIEIRA;PT;not_reviewed;False;0;individual_editorial_research_not_started | biography_not_accepted | no_accepted_topic_evidence | current_public_role_not_verified | individual_social_link_check | historical_votes_not_collected
250002536762;ZÉ DIRCEU;PT;not_reviewed;False;0;individual_editorial_research_not_started | biography_not_accepted | no_accepted_topic_evidence | current_public_role_not_verified | individual_social_link_check | historical_votes_not_collected
250002536724;DANSTER FERNANDES;PV;reviewed_documentary_with_explicit_limits;True;1;deepen_and_reconcile_non_exhaustive_review | individual_social_link_check | historical_votes_not_collected
250002536742;NANCY THAME;PV;reviewed_documentary_with_explicit_limits;True;4;deepen_and_reconcile_non_exhaustive_review | current_public_role_not_verified | individual_social_link_check | historical_votes_not_collected
250002536728;PROF JEANGRAFIA;PV;reviewed_documentary_with_explicit_limits;False;0;biography_not_accepted | no_accepted_topic_evidence | deepen_and_reconcile_non_exhaustive_review | current_public_role_not_verified | individual_social_link_check | historical_votes_not_collected
250002547835;DANY OLIVEIRA;UP;reviewed_documentary_with_explicit_limits;True;2;deepen_and_reconcile_non_exhaustive_review | current_public_role_not_verified | individual_social_link_check | historical_votes_not_collected
250002547831;KARLA ALBUQUERQUE;UP;reviewed_documentary_with_explicit_limits;True;0;no_accepted_topic_evidence | deepen_and_reconcile_non_exhaustive_review | current_public_role_not_verified | individual_social_link_check | historical_votes_not_collected
250002547832;MATHEUS MORAIS;UP;reviewed_documentary_with_explicit_limits;True;0;no_accepted_topic_evidence | deepen_and_reconcile_non_exhaustive_review | current_public_role_not_verified | individual_social_link_check | historical_votes_not_collected
250002547834;RICARDO SENESE;UP;reviewed_documentary_with_explicit_limits;True;1;deepen_and_reconcile_non_exhaustive_review | current_public_role_not_verified | individual_social_link_check | historical_votes_not_collected
250002547833;THAIS GASPARINI;UP;nominal_search_no_editorial_evidence_located;False;0;biography_not_accepted | no_accepted_topic_evidence | deepen_and_reconcile_non_exhaustive_review | current_public_role_not_verified | individual_social_link_check | historical_votes_not_collected
