"id";"name";"full_name";"number";"party";"federation";"occupation";"status";"status_checked_at";"tse_url"
"210002534004";"Erick Denil";"Erick Dênil Machado Pimentel";"65444";"PCdoB";"FEDERAÇÃO BRASIL DA ESPERANÇA - FE BRASIL";"Vereador";"Deferido";"2026-09-21T17:06:16.325033+00:00";"https://divulgacandcontas.tse.jus.br/divulga/#/candidato/2026/20322002026/RS/210002534004"
"210002534029";"Giovani Culau";"Giovani Culau Oliveira";"65656";"PCdoB";"FEDERAÇÃO BRASIL DA ESPERANÇA - FE BRASIL";"Vereador";"Deferido";"2026-09-21T17:06:18.330416+00:00";"https://divulgacandcontas.tse.jus.br/divulga/#/candidato/2026/20322002026/RS/210002534029"
"210002534030";"Humberto Matos";"Humberto Matos de Oliveira";"65065";"PCdoB";"FEDERAÇÃO BRASIL DA ESPERANÇA - FE BRASIL";"Professor de Ensino Fundamental";"Deferido";"2026-09-21T17:06:18.456703+00:00";"https://divulgacandcontas.tse.jus.br/divulga/#/candidato/2026/20322002026/RS/210002534030"
"210002534016";"Nilvo Riboldi";"Nilvo Riboldi Filho";"65653";"PCdoB";"FEDERAÇÃO BRASIL DA ESPERANÇA - FE BRASIL";"Vendedor de Comércio Varejista e Atacadista";"Deferido";"2026-09-21T17:06:15.337718+00:00";"https://divulgacandcontas.tse.jus.br/divulga/#/candidato/2026/20322002026/RS/210002534016"
"210002534025";"Professora Bilina";"Bilina Amaral Peres";"65651";"PCdoB";"FEDERAÇÃO BRASIL DA ESPERANÇA - FE BRASIL";"Professor de Ensino Fundamental";"Deferido";"2026-09-21T17:06:23.406169+00:00";"https://divulgacandcontas.tse.jus.br/divulga/#/candidato/2026/20322002026/RS/210002534025"
"210002534031";"Sandra Picoli";"Sandra Regina Picoli Ostrovski";"65123";"PCdoB";"FEDERAÇÃO BRASIL DA ESPERANÇA - FE BRASIL";"Vereador";"Deferido";"2026-09-21T17:06:17.142299+00:00";"https://divulgacandcontas.tse.jus.br/divulga/#/candidato/2026/20322002026/RS/210002534031"
"210002539778";"Airton Artus";"Airton Luiz Artus";"12012";"PDT";"";"Médico";"Deferido";"2026-09-21T17:06:23.039961+00:00";"https://divulgacandcontas.tse.jus.br/divulga/#/candidato/2026/20322002026/RS/210002539778"
"210002539816";"Alexandre Gonçalves";"Carlos Alexandre Goncalves";"12001";"PDT";"";"Vereador";"Deferido";"2026-09-21T17:06:19.616980+00:00";"https://divulgacandcontas.tse.jus.br/divulga/#/candidato/2026/20322002026/RS/210002539816"
"210002539780";"Amanda Rodrigues";"Amanda Rodrigues da Silva";"12700";"PDT";"";"Professor de Ensino Fundamental";"Deferido";"2026-09-21T17:06:22.950773+00:00";"https://divulgacandcontas.tse.jus.br/divulga/#/candidato/2026/20322002026/RS/210002539780"
"210002539782";"André Duarte";"André Luís Freitas Duarte";"12470";"PDT";"";"Servidor Público Municipal";"Deferido";"2026-09-21T17:06:19.873878+00:00";"https://divulgacandcontas.tse.jus.br/divulga/#/candidato/2026/20322002026/RS/210002539782"
"210002539820";"Andreia Margarezi";"Andreia Leticia Margarezi";"12777";"PDT";"";"Assistente Social";"Deferido";"2026-09-21T17:06:19.969136+00:00";"https://divulgacandcontas.tse.jus.br/divulga/#/candidato/2026/20322002026/RS/210002539820"
"210002539801";"Bruno Berté";"Bruno Berté";"12121";"PDT";"";"Advogado";"Deferido";"2026-09-21T17:06:20.884453+00:00";"https://divulgacandcontas.tse.jus.br/divulga/#/candidato/2026/20322002026/RS/210002539801"
"210002539793";"Carlos Breik";"Carlos Augusto Goncalves Leite";"12612";"PDT";"";"Aposentado (Exceto Servidor Público)";"Deferido";"2026-09-21T17:06:22.823676+00:00";"https://divulgacandcontas.tse.jus.br/divulga/#/candidato/2026/20322002026/RS/210002539793"
"210002539797";"Carlos Muchale";"Carlos Alberto Muchale";"12789";"PDT";"";"Aposentado (Exceto Servidor Público)";"Deferido";"2026-09-21T17:06:21.027234+00:00";"https://divulgacandcontas.tse.jus.br/divulga/#/candidato/2026/20322002026/RS/210002539797"
"210002539821";"Cátina Monteiro";"Cátina Monteiro Frescura";"12912";"PDT";"";"Vereador";"Deferido";"2026-09-21T17:06:20.823749+00:00";"https://divulgacandcontas.tse.jus.br/divulga/#/candidato/2026/20322002026/RS/210002539821"
"210002539788";"Cristiano Cardoso";"Cristiano dos Santos Cardoso";"12800";"PDT";"";"Empresário";"Deferido";"2026-09-21T17:06:22.958609+00:00";"https://divulgacandcontas.tse.jus.br/divulga/#/candidato/2026/20322002026/RS/210002539788"
"210002539795";"Danrlei Massena";"Danrlei dos Santos Massena";"12444";"PDT";"";"Vereador";"Deferido";"2026-09-21T17:06:18.083497+00:00";"https://divulgacandcontas.tse.jus.br/divulga/#/candidato/2026/20322002026/RS/210002539795"
"210002539798";"Diego Picucha";"Diego Dal Piva da Luz";"12900";"PDT";"";"Comerciante";"Deferido";"2026-09-21T17:06:18.019732+00:00";"https://divulgacandcontas.tse.jus.br/divulga/#/candidato/2026/20322002026/RS/210002539798"
"210002539781";"Dr. Alvaro Meira";"Alvaro Luiz Pimenta Meira";"12888";"PDT";"";"Advogado";"Deferido";"2026-09-21T17:06:16.891023+00:00";"https://divulgacandcontas.tse.jus.br/divulga/#/candidato/2026/20322002026/RS/210002539781"
"210002539777";"Dr. Thiago";"Thiago Pereira Duarte";"12122";"PDT";"";"Deputado";"Deferido";"2026-09-21T17:06:21.197272+00:00";"https://divulgacandcontas.tse.jus.br/divulga/#/candidato/2026/20322002026/RS/210002539777"
"210002539810";"Eduardo Loureiro";"Eduardo Debacco Loureiro";"12412";"PDT";"";"Administrador";"Deferido";"2026-09-21T17:06:17.856024+00:00";"https://divulgacandcontas.tse.jus.br/divulga/#/candidato/2026/20322002026/RS/210002539810"
"210002539785";"Evânia Nunes";"Evania Maria Silveira Nunes de Lima";"12666";"PDT";"";"Vereador";"Deferido";"2026-09-21T17:06:19.494380+00:00";"https://divulgacandcontas.tse.jus.br/divulga/#/candidato/2026/20322002026/RS/210002539785"
"210002539814";"Gabriela Ortiz";"Gabriela Ortiz Abenel";"12132";"PDT";"";"Outros";"Deferido";"2026-09-21T17:06:18.096403+00:00";"https://divulgacandcontas.tse.jus.br/divulga/#/candidato/2026/20322002026/RS/210002539814"
"210002539815";"Garçom Roni";"Roni da Silva";"12999";"PDT";"";"Garçom";"Deferido";"2026-09-21T17:06:15.149997+00:00";"https://divulgacandcontas.tse.jus.br/divulga/#/candidato/2026/20322002026/RS/210002539815"
"210002539809";"Gerson Burmann";"Gerson Burmann";"12312";"PDT";"";"Deputado";"Deferido";"2026-09-21T17:06:20.920471+00:00";"https://divulgacandcontas.tse.jus.br/divulga/#/candidato/2026/20322002026/RS/210002539809"
"210002539803";"Gilmar Sossella";"Gilmar Sossella";"12333";"PDT";"";"Deputado";"Deferido";"2026-09-21T17:06:17.031824+00:00";"https://divulgacandcontas.tse.jus.br/divulga/#/candidato/2026/20322002026/RS/210002539803"
"210002539811";"Giuliano Tamagno";"Giuliano Tamagno";"12190";"PDT";"";"Advogado";"Deferido";"2026-09-21T17:06:19.858845+00:00";"https://divulgacandcontas.tse.jus.br/divulga/#/candidato/2026/20322002026/RS/210002539811"
"210002539799";"Guto Lopes";"Carlos Augusto da Silva Lopes";"12512";"PDT";"";"Jornalista e Redator";"Deferido";"2026-09-21T17:06:21.111783+00:00";"https://divulgacandcontas.tse.jus.br/divulga/#/candidato/2026/20322002026/RS/210002539799"
"210002539812";"João Marcos";"João Marcos Bassani dos Santos";"12233";"PDT";"";"Servidor Público Federal";"Deferido";"2026-09-21T17:06:17.086158+00:00";"https://divulgacandcontas.tse.jus.br/divulga/#/candidato/2026/20322002026/RS/210002539812"
"210002539787";"Leidinara Marques";"Leidinara Ferreira Marques";"12613";"PDT";"";"Assistente Social";"Deferido";"2026-09-21T17:06:15.872541+00:00";"https://divulgacandcontas.tse.jus.br/divulga/#/candidato/2026/20322002026/RS/210002539787"
"210002539806";"Luciano Orsi";"Luciano Liborio Baptista Orsi";"12222";"PDT";"";"Advogado";"Deferido";"2026-09-21T17:06:19.602788+00:00";"https://divulgacandcontas.tse.jus.br/divulga/#/candidato/2026/20322002026/RS/210002539806"
"210002539807";"Luis Fernando Braite";"Luis Fernando Peres dos Santos";"12192";"PDT";"";"Vereador";"Deferido";"2026-09-21T17:06:16.047539+00:00";"https://divulgacandcontas.tse.jus.br/divulga/#/candidato/2026/20322002026/RS/210002539807"
"210002539783";"Luiz Jacomini";"Luiz Jacomini Righi Filho";"12500";"PDT";"";"Servidor Público Estadual";"Deferido";"2026-09-21T17:06:19.926788+00:00";"https://divulgacandcontas.tse.jus.br/divulga/#/candidato/2026/20322002026/RS/210002539783"
"210002539800";"Luiz Marenco";"Luis Rogerio Marenco Ferran";"12220";"PDT";"";"Músico";"Deferido";"2026-09-21T17:06:15.092994+00:00";"https://divulgacandcontas.tse.jus.br/divulga/#/candidato/2026/20322002026/RS/210002539800"
"210002539791";"Mara Santos";"Cleomar Santos Oliveira";"12015";"PDT";"";"Auxiliar de Escritório e Assemelhados";"Deferido";"2026-09-21T17:06:22.147911+00:00";"https://divulgacandcontas.tse.jus.br/divulga/#/candidato/2026/20322002026/RS/210002539791"
"210002539802";"Márcia Borges";"Marcia Cristina Borges da Silva";"12035";"PDT";"";"Policial Militar";"Deferido";"2026-09-21T17:06:18.183817+00:00";"https://divulgacandcontas.tse.jus.br/divulga/#/candidato/2026/20322002026/RS/210002539802"
"210002539792";"Mari Kurz";"Mariluce dos Santos Kurz Vieira";"12555";"PDT";"";"Professor de Ensino Superior";"Deferido";"2026-09-21T17:06:14.831241+00:00";"https://divulgacandcontas.tse.jus.br/divulga/#/candidato/2026/20322002026/RS/210002539792"
"210002539822";"Paulinho da Bonja";"Paulo Roberto Silva";"12812";"PDT";"";"Outros";"Deferido";"2026-09-21T17:06:18.228304+00:00";"https://divulgacandcontas.tse.jus.br/divulga/#/candidato/2026/20322002026/RS/210002539822"
"210002539789";"Poli Martinazzo";"Poliana Martinazzo";"12003";"PDT";"";"Professor de Ensino Fundamental";"Deferido";"2026-09-21T17:06:16.108677+00:00";"https://divulgacandcontas.tse.jus.br/divulga/#/candidato/2026/20322002026/RS/210002539789"
"210002539794";"Policial Minetti";"José Antonio Flores Minetti";"12112";"PDT";"";"Servidor Público Estadual";"Deferido";"2026-09-21T17:06:17.878062+00:00";"https://divulgacandcontas.tse.jus.br/divulga/#/candidato/2026/20322002026/RS/210002539794"
"210002539808";"Pompeo Filho";"Matheus Porciuncula Machado Pompeo de Mattos";"12120";"PDT";"";"Advogado";"Deferido";"2026-09-21T17:06:16.089560+00:00";"https://divulgacandcontas.tse.jus.br/divulga/#/candidato/2026/20322002026/RS/210002539808"
"210002539819";"Prof. Luiz Fernando";"Luiz Fernando Cuozzo Lemos";"12400";"PDT";"";"Professor de Ensino Superior";"Deferido";"2026-09-21T17:06:19.514930+00:00";"https://divulgacandcontas.tse.jus.br/divulga/#/candidato/2026/20322002026/RS/210002539819"
"210002539786";"Professor Fumagalli";"Marco Antonio Fumagalli";"12007";"PDT";"";"Economista";"Deferido";"2026-09-21T17:06:22.983354+00:00";"https://divulgacandcontas.tse.jus.br/divulga/#/candidato/2026/20322002026/RS/210002539786"
"210002539817";"Professora Regina";"Regina Costa dos Santos";"12123";"PDT";"";"Professor de Ensino Fundamental";"Deferido";"2026-09-21T17:06:19.702476+00:00";"https://divulgacandcontas.tse.jus.br/divulga/#/candidato/2026/20322002026/RS/210002539817"
"210002539790";"Ràquel Möller";"Raquel Frantz Möller Estivalete";"12008";"PDT";"";"Relações-Públicas";"Deferido";"2026-09-21T17:06:15.136927+00:00";"https://divulgacandcontas.tse.jus.br/divulga/#/candidato/2026/20322002026/RS/210002539790"
"210002539818";"Regina Becker Fortunati";"Regina Maria Becker";"12580";"PDT";"";"Relações-Públicas";"Deferido";"2026-09-21T17:06:15.085760+00:00";"https://divulgacandcontas.tse.jus.br/divulga/#/candidato/2026/20322002026/RS/210002539818"
"210002539796";"Repórter Passarinho";"Vitor Luiz da Costa";"12420";"PDT";"";"Jornalista e Redator";"Deferido";"2026-09-21T17:06:21.251416+00:00";"https://divulgacandcontas.tse.jus.br/divulga/#/candidato/2026/20322002026/RS/210002539796"
"210002539784";"Rui Jordão";"Rui Antonio Garcia Jordão";"12056";"PDT";"";"Aposentado (Exceto Servidor Público)";"Deferido";"2026-09-21T17:06:21.323959+00:00";"https://divulgacandcontas.tse.jus.br/divulga/#/candidato/2026/20322002026/RS/210002539784"
"210002539823";"Sara Gall";"Sara Marrocos Bezerra Gall";"12712";"PDT";"";"Outros";"Deferido";"2026-09-21T17:06:19.751578+00:00";"https://divulgacandcontas.tse.jus.br/divulga/#/candidato/2026/20322002026/RS/210002539823"
"210002539804";"Thiago de Leon";"Thiago Engelman de Leon Madeira";"12050";"PDT";"";"Professor de Ensino Superior";"Deferido";"2026-09-21T17:06:21.146404+00:00";"https://divulgacandcontas.tse.jus.br/divulga/#/candidato/2026/20322002026/RS/210002539804"
"210002539805";"Tiago Cadó";"Tiago Cado Fernandes";"12000";"PDT";"";"Professor de Ensino Médio";"Deferido";"2026-09-21T17:06:22.113972+00:00";"https://divulgacandcontas.tse.jus.br/divulga/#/candidato/2026/20322002026/RS/210002539805"
"210002539779";"Tiago Menezes";"Tiago de Menezes Vieira";"12345";"PDT";"";"Vereador";"Deferido";"2026-09-21T17:06:20.940627+00:00";"https://divulgacandcontas.tse.jus.br/divulga/#/candidato/2026/20322002026/RS/210002539779"
"210002539813";"Vladia";"Vladia Freitas de Oliveira";"12005";"PDT";"";"Vereador";"Deferido";"2026-09-21T17:06:23.157477+00:00";"https://divulgacandcontas.tse.jus.br/divulga/#/candidato/2026/20322002026/RS/210002539813"
"210002537539";"Alequis Coletivo";"Alequis Lopes Pinto";"40400";"PSB";"";"Vereador";"Deferido";"2026-09-21T17:06:17.842362+00:00";"https://divulgacandcontas.tse.jus.br/divulga/#/candidato/2026/20322002026/RS/210002537539"
"210002537544";"Amaral Negrito";"Jonatas Ribeiro Fagundes";"40466";"PSB";"";"Comerciante";"Deferido";"2026-09-21T17:06:21.821241+00:00";"https://divulgacandcontas.tse.jus.br/divulga/#/candidato/2026/20322002026/RS/210002537544"
"210002537530";"André Oliveira";"Andre Cassio da Silva Oliveira";"40140";"PSB";"";"Empresário";"Deferido";"2026-09-21T17:06:19.294282+00:00";"https://divulgacandcontas.tse.jus.br/divulga/#/candidato/2026/20322002026/RS/210002537530"
"210002537526";"Andressa Mais Participação";"Andressa Cristiane Pereira Jochem";"40800";"PSB";"";"Estudante, Bolsista, Estagiário e Assemelhados";"Deferido";"2026-09-21T17:06:19.311996+00:00";"https://divulgacandcontas.tse.jus.br/divulga/#/candidato/2026/20322002026/RS/210002537526"
"210002537537";"Bruna Rodrigues";"Bruna Liege da Silva Rodrigues";"40180";"PSB";"";"Estudante, Bolsista, Estagiário e Assemelhados";"Deferido";"2026-09-21T17:06:15.833953+00:00";"https://divulgacandcontas.tse.jus.br/divulga/#/candidato/2026/20322002026/RS/210002537537"
"210002537534";"Césinha";"Cesar Brizolara";"40123";"PSB";"";"Empresário";"Deferido";"2026-09-21T17:06:22.740166+00:00";"https://divulgacandcontas.tse.jus.br/divulga/#/candidato/2026/20322002026/RS/210002537534"
"210002537548";"Chiquinho Zonin";"Valdecir José Zonin";"40111";"PSB";"";"Professor de Ensino Superior";"Deferido";"2026-09-21T17:06:21.914097+00:00";"https://divulgacandcontas.tse.jus.br/divulga/#/candidato/2026/20322002026/RS/210002537548"
"210002537529";"Geraldo Silveira";"Geraldo Batista da Silveira";"40369";"PSB";"";"Aposentado (Exceto Servidor Público)";"Deferido";"2026-09-21T17:06:16.865730+00:00";"https://divulgacandcontas.tse.jus.br/divulga/#/candidato/2026/20322002026/RS/210002537529"
"210002537541";"Jane Longaray Bitencourt";"Jane Longaray Bitencourt";"40199";"PSB";"";"Aposentado (Exceto Servidor Público)";"Deferido";"2026-09-21T17:06:21.887549+00:00";"https://divulgacandcontas.tse.jus.br/divulga/#/candidato/2026/20322002026/RS/210002537541"
"210002537547";"Janine Soares";"Janine Borges Soares";"40777";"PSB";"";"Membro do Ministério Público";"Deferido";"2026-09-21T17:06:20.707007+00:00";"https://divulgacandcontas.tse.jus.br/divulga/#/candidato/2026/20322002026/RS/210002537547"
"210002537527";"Jaque Silveira";"Jaqueline Pereira Silveira Cibelli de Castro";"40401";"PSB";"";"Empresário";"Deferido";"2026-09-21T17:06:15.862007+00:00";"https://divulgacandcontas.tse.jus.br/divulga/#/candidato/2026/20322002026/RS/210002537527"
"210002537543";"Jéslei Sallines";"Jeslei Salines de Souza";"40222";"PSB";"";"Vereador";"Deferido";"2026-09-21T17:06:16.862465+00:00";"https://divulgacandcontas.tse.jus.br/divulga/#/candidato/2026/20322002026/RS/210002537543"
"210002537545";"João Pedro Grill";"João Pedro Roveré Grill";"40000";"PSB";"";"Comerciante";"Deferido";"2026-09-21T17:06:21.807153+00:00";"https://divulgacandcontas.tse.jus.br/divulga/#/candidato/2026/20322002026/RS/210002537545"
"210002537531";"Ladislê Teixeira";"Ladisle Camargo Teixeira";"40444";"PSB";"";"Industrial";"Deferido";"2026-09-21T17:06:14.830221+00:00";"https://divulgacandcontas.tse.jus.br/divulga/#/candidato/2026/20322002026/RS/210002537531"
"210002537542";"Leandro Liban";"Leandro dos Santos";"40707";"PSB";"";"Outros";"Deferido";"2026-09-21T17:06:19.084351+00:00";"https://divulgacandcontas.tse.jus.br/divulga/#/candidato/2026/20322002026/RS/210002537542"
"210002537535";"Lenara Machado";"Vanda Lenara Souza Machado";"40540";"PSB";"";"Outros";"Deferido";"2026-09-21T17:06:22.032682+00:00";"https://divulgacandcontas.tse.jus.br/divulga/#/candidato/2026/20322002026/RS/210002537535"
"210002537525";"Léo Krause";"Leonilda Krause";"40999";"PSB";"";"Advogado";"Deferido";"2026-09-21T17:06:22.775050+00:00";"https://divulgacandcontas.tse.jus.br/divulga/#/candidato/2026/20322002026/RS/210002537525"
"210002537540";"Marisa Silva";"Marisa da Silva Santos";"40050";"PSB";"";"Empresário";"Deferido";"2026-09-21T17:06:19.324819+00:00";"https://divulgacandcontas.tse.jus.br/divulga/#/candidato/2026/20322002026/RS/210002537540"
"210002537538";"Paulo de Tarso";"Paulo de Tarso Gaspar Pinheiro Machado";"40040";"PSB";"";"Economista";"Deferido";"2026-09-21T17:06:14.830538+00:00";"https://divulgacandcontas.tse.jus.br/divulga/#/candidato/2026/20322002026/RS/210002537538"
"210002537532";"Professor Adilson Kuhn";"Adilson Kuhn";"40555";"PSB";"";"Professor de Ensino Médio";"Deferido";"2026-09-21T17:06:22.044723+00:00";"https://divulgacandcontas.tse.jus.br/divulga/#/candidato/2026/20322002026/RS/210002537532"
"210002537546";"Raquel Alves";"Raquel Alves dos Santos";"40770";"PSB";"";"Professor de Ensino Fundamental";"Deferido";"2026-09-21T17:06:22.734228+00:00";"https://divulgacandcontas.tse.jus.br/divulga/#/candidato/2026/20322002026/RS/210002537546"
"210002537536";"Renan da Silva";"Renan da Silva";"40042";"PSB";"";"Comerciante";"Deferido";"2026-09-21T17:06:19.266006+00:00";"https://divulgacandcontas.tse.jus.br/divulga/#/candidato/2026/20322002026/RS/210002537536"
"210002537533";"Vinicius Bondan";"Vinicius Klein Bondan";"40004";"PSB";"";"Advogado";"Deferido";"2026-09-21T17:06:14.830880+00:00";"https://divulgacandcontas.tse.jus.br/divulga/#/candidato/2026/20322002026/RS/210002537533"
"210002537528";"Wagner Petrini";"Wagner Petrini";"40240";"PSB";"";"Outros";"Deferido";"2026-09-21T17:06:17.777115+00:00";"https://divulgacandcontas.tse.jus.br/divulga/#/candidato/2026/20322002026/RS/210002537528"
"210002533942";"Abrão Godois";"Abrão Fernandes Godois";"50023";"PSOL";"FEDERAÇÃO PSOL REDE";"Aposentado (Exceto Servidor Público)";"Deferido";"2026-09-21T17:06:20.673833+00:00";"https://divulgacandcontas.tse.jus.br/divulga/#/candidato/2026/20322002026/RS/210002533942"
"210002533946";"Adriano Ricoldi";"Adriano Tadeu Hartmann Ricoldi";"50550";"PSOL";"FEDERAÇÃO PSOL REDE";"Padeiro, Confeiteiro e Assemelhados";"Deferido";"2026-09-21T17:06:16.605272+00:00";"https://divulgacandcontas.tse.jus.br/divulga/#/candidato/2026/20322002026/RS/210002533946"
"210002533940";"Alice Carvalho";"Alice Carvalho da Silva dos Santos";"50777";"PSOL";"FEDERAÇÃO PSOL REDE";"Vereador";"Deferido";"2026-09-21T17:06:20.681667+00:00";"https://divulgacandcontas.tse.jus.br/divulga/#/candidato/2026/20322002026/RS/210002533940"
"210002533939";"Djalma Dutra";"Djalma Dutra Neto";"50007";"PSOL";"FEDERAÇÃO PSOL REDE";"Mecânico de Manutenção";"Deferido";"2026-09-21T17:06:19.043049+00:00";"https://divulgacandcontas.tse.jus.br/divulga/#/candidato/2026/20322002026/RS/210002533939"
"210002533941";"Fabiano Benites";"Fabiano Benites";"50111";"PSOL";"FEDERAÇÃO PSOL REDE";"Advogado";"Deferido";"2026-09-21T17:06:21.658034+00:00";"https://divulgacandcontas.tse.jus.br/divulga/#/candidato/2026/20322002026/RS/210002533941"
"210002533935";"Faby Gomes";"Fabiane Gomes";"50570";"PSOL";"FEDERAÇÃO PSOL REDE";"Comerciante";"Deferido";"2026-09-21T17:06:22.560544+00:00";"https://divulgacandcontas.tse.jus.br/divulga/#/candidato/2026/20322002026/RS/210002533935"
"210002533930";"Fernanda Miranda";"Fernanda Pinto Miranda";"50999";"PSOL";"FEDERAÇÃO PSOL REDE";"Vereador";"Deferido";"2026-09-21T17:06:23.632121+00:00";"https://divulgacandcontas.tse.jus.br/divulga/#/candidato/2026/20322002026/RS/210002533930"
"210002533926";"Gabi Rosa";"Gabriella Carvalho da Rosa";"50200";"PSOL";"FEDERAÇÃO PSOL REDE";"Outros";"Deferido";"2026-09-21T17:06:21.589440+00:00";"https://divulgacandcontas.tse.jus.br/divulga/#/candidato/2026/20322002026/RS/210002533926"
"210002533938";"Guilherme Gil";"Guilherme Gil da Silva";"50950";"PSOL";"FEDERAÇÃO PSOL REDE";"Professor de Ensino Médio";"Deferido";"2026-09-21T17:06:16.614850+00:00";"https://divulgacandcontas.tse.jus.br/divulga/#/candidato/2026/20322002026/RS/210002533938"
"210002533944";"Inácio Rodrigues";"Inacio Matos Rodrigues";"50222";"PSOL";"FEDERAÇÃO PSOL REDE";"Empresário";"Deferido";"2026-09-21T17:06:17.642178+00:00";"https://divulgacandcontas.tse.jus.br/divulga/#/candidato/2026/20322002026/RS/210002533944"
"210002533945";"Iverá";"Ivera Regina Soares da Silva";"50888";"PSOL";"FEDERAÇÃO PSOL REDE";"Aposentado (Exceto Servidor Público)";"Deferido";"2026-09-21T17:06:23.612993+00:00";"https://divulgacandcontas.tse.jus.br/divulga/#/candidato/2026/20322002026/RS/210002533945"
"210002533931";"Karen Santos";"Karen Morais dos Santos";"50555";"PSOL";"FEDERAÇÃO PSOL REDE";"Vereador";"Deferido";"2026-09-21T17:06:22.599526+00:00";"https://divulgacandcontas.tse.jus.br/divulga/#/candidato/2026/20322002026/RS/210002533931"
"210002533936";"Luciana Genro";"Luciana Krebs Genro";"50000";"PSOL";"FEDERAÇÃO PSOL REDE";"Deputado";"Deferido";"2026-09-21T17:06:17.595802+00:00";"https://divulgacandcontas.tse.jus.br/divulga/#/candidato/2026/20322002026/RS/210002533936"
"210002533925";"Marjorie Sasset";"Marjorie Monique Sasset";"50100";"PSOL";"FEDERAÇÃO PSOL REDE";"Professor de Ensino Médio";"Deferido";"2026-09-21T17:06:17.585151+00:00";"https://divulgacandcontas.tse.jus.br/divulga/#/candidato/2026/20322002026/RS/210002533925"
"210002533934";"Matheus Gomes";"Matheus Pereira Gomes";"50123";"PSOL";"FEDERAÇÃO PSOL REDE";"Deputado";"Deferido";"2026-09-21T17:06:16.609680+00:00";"https://divulgacandcontas.tse.jus.br/divulga/#/candidato/2026/20322002026/RS/210002533934"
"210002533943";"Matheus Vicente";"Matheus Edemar Pereira Vicente";"50050";"PSOL";"FEDERAÇÃO PSOL REDE";"Servidor Público Municipal";"Deferido";"2026-09-21T17:06:21.637147+00:00";"https://divulgacandcontas.tse.jus.br/divulga/#/candidato/2026/20322002026/RS/210002533943"
"210002533929";"Pedro Stein";"Pedro Homero Stein";"50500";"PSOL";"FEDERAÇÃO PSOL REDE";"Agricultor";"Deferido";"2026-09-21T17:06:16.811878+00:00";"https://divulgacandcontas.tse.jus.br/divulga/#/candidato/2026/20322002026/RS/210002533929"
"210002533924";"Professor Guilherme";"Guilherme Sturmer Lovatto";"50150";"PSOL";"FEDERAÇÃO PSOL REDE";"Professor de Ensino Superior";"Deferido";"2026-09-21T17:06:18.985569+00:00";"https://divulgacandcontas.tse.jus.br/divulga/#/candidato/2026/20322002026/RS/210002533924"
"210002533937";"Professora Dani Kroeff";"Danielle dos Santos Kroeff";"50005";"PSOL";"FEDERAÇÃO PSOL REDE";"Professor de Ensino Médio";"Deferido";"2026-09-21T17:06:15.671322+00:00";"https://divulgacandcontas.tse.jus.br/divulga/#/candidato/2026/20322002026/RS/210002533937"
"210002533928";"Sora Ju";"Juliana Selle Vinskoski";"50333";"PSOL";"FEDERAÇÃO PSOL REDE";"Professor de Ensino Médio";"Deferido";"2026-09-21T17:06:19.067041+00:00";"https://divulgacandcontas.tse.jus.br/divulga/#/candidato/2026/20322002026/RS/210002533928"
"210002533933";"Vilmar O Gari";"Vilmar Francisco da Silva";"50010";"PSOL";"FEDERAÇÃO PSOL REDE";"Gari Ou Lixeiro";"Deferido";"2026-09-21T17:06:17.559764+00:00";"https://divulgacandcontas.tse.jus.br/divulga/#/candidato/2026/20322002026/RS/210002533933"
"210002534036";"Adão Pretto";"Adão Pretto Filho";"13655";"PT";"FEDERAÇÃO BRASIL DA ESPERANÇA - FE BRASIL";"Deputado";"Deferido";"2026-09-21T17:06:20.205403+00:00";"https://divulgacandcontas.tse.jus.br/divulga/#/candidato/2026/20322002026/RS/210002534036"
"210002534013";"Alexandre Bublitz";"Alexandre Bublitz";"13010";"PT";"FEDERAÇÃO BRASIL DA ESPERANÇA - FE BRASIL";"Médico";"Deferido";"2026-09-21T17:06:20.475314+00:00";"https://divulgacandcontas.tse.jus.br/divulga/#/candidato/2026/20322002026/RS/210002534013"
"210002534040";"Ana Affonso";"Ana Ines Affonso";"13813";"PT";"FEDERAÇÃO BRASIL DA ESPERANÇA - FE BRASIL";"Professor de Ensino Fundamental";"Deferido";"2026-09-21T17:06:20.482585+00:00";"https://divulgacandcontas.tse.jus.br/divulga/#/candidato/2026/20322002026/RS/210002534040"
"210002534014";"Brunno Mattos";"Brunno Mattos da Silva";"13013";"PT";"FEDERAÇÃO BRASIL DA ESPERANÇA - FE BRASIL";"Outros";"Deferido";"2026-09-21T17:06:17.133389+00:00";"https://divulgacandcontas.tse.jus.br/divulga/#/candidato/2026/20322002026/RS/210002534014"
"210002534049";"Claudio Toralles";"Claudio Marcos Peres Toralles";"13012";"PT";"FEDERAÇÃO BRASIL DA ESPERANÇA - FE BRASIL";"Outros";"Deferido";"2026-09-21T17:06:20.131558+00:00";"https://divulgacandcontas.tse.jus.br/divulga/#/candidato/2026/20322002026/RS/210002534049"
"210002534018";"Cleonice Back";"Cleonice Fabiane Back";"13131";"PT";"FEDERAÇÃO BRASIL DA ESPERANÇA - FE BRASIL";"Agricultor";"Deferido";"2026-09-21T17:06:18.760663+00:00";"https://divulgacandcontas.tse.jus.br/divulga/#/candidato/2026/20322002026/RS/210002534018"
"210002534010";"Daniel Ferreira";"Daniel Ferreira Lima";"13313";"PT";"FEDERAÇÃO BRASIL DA ESPERANÇA - FE BRASIL";"Advogado";"Deferido";"2026-09-21T17:06:21.363013+00:00";"https://divulgacandcontas.tse.jus.br/divulga/#/candidato/2026/20322002026/RS/210002534010"
"210002534044";"Dariu Garcia";"Dariu Francisco Alves Garcia";"13112";"PT";"FEDERAÇÃO BRASIL DA ESPERANÇA - FE BRASIL";"Outros";"Deferido";"2026-09-21T17:06:16.366042+00:00";"https://divulgacandcontas.tse.jus.br/divulga/#/candidato/2026/20322002026/RS/210002534044"
"210002534026";"Douglas Butzke";"Douglas Junior Butzke";"13778";"PT";"FEDERAÇÃO BRASIL DA ESPERANÇA - FE BRASIL";"Servidor Público Municipal";"Deferido";"2026-09-21T17:06:16.357550+00:00";"https://divulgacandcontas.tse.jus.br/divulga/#/candidato/2026/20322002026/RS/210002534026"
"210002534051";"Ericka Oliveira";"Ericka Eyshylla Leon Rodrigues de Oliveira";"13300";"PT";"FEDERAÇÃO BRASIL DA ESPERANÇA - FE BRASIL";"Estudante, Bolsista, Estagiário e Assemelhados";"Deferido";"2026-09-21T17:06:17.297695+00:00";"https://divulgacandcontas.tse.jus.br/divulga/#/candidato/2026/20322002026/RS/210002534051"
"210002534035";"Eva Valeria Lorenzato";"Eva Valeria Lorenzato";"13123";"PT";"FEDERAÇÃO BRASIL DA ESPERANÇA - FE BRASIL";"Advogado";"Deferido";"2026-09-21T17:06:23.203256+00:00";"https://divulgacandcontas.tse.jus.br/divulga/#/candidato/2026/20322002026/RS/210002534035"
"210002534015";"Grasselli";"Nelson Jose Grasselli";"13690";"PT";"FEDERAÇÃO BRASIL DA ESPERANÇA - FE BRASIL";"Aposentado (Exceto Servidor Público)";"Deferido";"2026-09-21T17:06:18.770507+00:00";"https://divulgacandcontas.tse.jus.br/divulga/#/candidato/2026/20322002026/RS/210002534015"
"210002534020";"Halley";"Halley Lino de Souza";"13111";"PT";"FEDERAÇÃO BRASIL DA ESPERANÇA - FE BRASIL";"Deputado";"Deferido";"2026-09-21T17:06:22.288307+00:00";"https://divulgacandcontas.tse.jus.br/divulga/#/candidato/2026/20322002026/RS/210002534020"
"210002534009";"Helen Cabral";"Helen Martins Cabral";"13730";"PT";"FEDERAÇÃO BRASIL DA ESPERANÇA - FE BRASIL";"Professor de Ensino Médio";"Deferido";"2026-09-21T17:06:21.454075+00:00";"https://divulgacandcontas.tse.jus.br/divulga/#/candidato/2026/20322002026/RS/210002534009"
"210002534008";"Ivonete Carvalho";"Ivonete Carvalho";"13677";"PT";"FEDERAÇÃO BRASIL DA ESPERANÇA - FE BRASIL";"Servidor Público Civil Aposentado";"Deferido";"2026-09-21T17:06:17.348317+00:00";"https://divulgacandcontas.tse.jus.br/divulga/#/candidato/2026/20322002026/RS/210002534008"
"210002534050";"Jeferson Fernandes";"Jeferson Oliveira Fernandes";"13120";"PT";"FEDERAÇÃO BRASIL DA ESPERANÇA - FE BRASIL";"Deputado";"Deferido";"2026-09-21T17:06:22.501932+00:00";"https://divulgacandcontas.tse.jus.br/divulga/#/candidato/2026/20322002026/RS/210002534050"
"210002534034";"Lelinho Lopes";"Lélio Nunes Lopes Filho";"13800";"PT";"FEDERAÇÃO BRASIL DA ESPERANÇA - FE BRASIL";"Vereador";"Deferido";"2026-09-21T17:06:16.122583+00:00";"https://divulgacandcontas.tse.jus.br/divulga/#/candidato/2026/20322002026/RS/210002534034"
"210002534046";"Léo da Costa";"Leonardo da Costa Silva";"13333";"PT";"FEDERAÇÃO BRASIL DA ESPERANÇA - FE BRASIL";"Vereador";"Deferido";"2026-09-21T17:06:22.488809+00:00";"https://divulgacandcontas.tse.jus.br/divulga/#/candidato/2026/20322002026/RS/210002534046"
"210002534043";"Leonel Radde";"Leonel Guterres Radde";"13007";"PT";"FEDERAÇÃO BRASIL DA ESPERANÇA - FE BRASIL";"Deputado";"Deferido";"2026-09-21T17:06:15.414828+00:00";"https://divulgacandcontas.tse.jus.br/divulga/#/candidato/2026/20322002026/RS/210002534043"
"210002534007";"Maneco Hassen";"Emanuel Hassen de Jesus";"13700";"PT";"FEDERAÇÃO BRASIL DA ESPERANÇA - FE BRASIL";"Advogado";"Deferido";"2026-09-21T17:06:22.375775+00:00";"https://divulgacandcontas.tse.jus.br/divulga/#/candidato/2026/20322002026/RS/210002534007"
"210002534053";"Marcelo Cordeiro";"Marcelo Cordeiro";"13003";"PT";"FEDERAÇÃO BRASIL DA ESPERANÇA - FE BRASIL";"Servidor Público Municipal";"Deferido";"2026-09-21T17:06:16.347966+00:00";"https://divulgacandcontas.tse.jus.br/divulga/#/candidato/2026/20322002026/RS/210002534053"
"210002534033";"Maria Eunice";"Maria Eunice Dias Wolf";"13513";"PT";"FEDERAÇÃO BRASIL DA ESPERANÇA - FE BRASIL";"Aposentado (Exceto Servidor Público)";"Deferido";"2026-09-21T17:06:15.649600+00:00";"https://divulgacandcontas.tse.jus.br/divulga/#/candidato/2026/20322002026/RS/210002534033"
"210002534047";"Marina Bernardes";"Marina Bernardes";"13456";"PT";"FEDERAÇÃO BRASIL DA ESPERANÇA - FE BRASIL";"Vereador";"Deferido";"2026-09-21T17:06:18.851970+00:00";"https://divulgacandcontas.tse.jus.br/divulga/#/candidato/2026/20322002026/RS/210002534047"
"210002534023";"Marina Callegaro";"Marina Maria de Avila Callegaro";"13015";"PT";"FEDERAÇÃO BRASIL DA ESPERANÇA - FE BRASIL";"Advogado";"Deferido";"2026-09-21T17:06:20.083523+00:00";"https://divulgacandcontas.tse.jus.br/divulga/#/candidato/2026/20322002026/RS/210002534023"
"210002534012";"Miguel Rossetto";"Miguel Soldatelli Rossetto";"13000";"PT";"FEDERAÇÃO BRASIL DA ESPERANÇA - FE BRASIL";"Deputado";"Deferido";"2026-09-21T17:06:18.557316+00:00";"https://divulgacandcontas.tse.jus.br/divulga/#/candidato/2026/20322002026/RS/210002534012"
"210002534011";"Mônica";"Mônica Juliana Facio";"13789";"PT";"FEDERAÇÃO BRASIL DA ESPERANÇA - FE BRASIL";"Professor de Ensino Fundamental";"Deferido";"2026-09-21T17:06:21.554656+00:00";"https://divulgacandcontas.tse.jus.br/divulga/#/candidato/2026/20322002026/RS/210002534011"
"210002534003";"Natasha";"Natasha Narciso Ferreira";"13100";"PT";"FEDERAÇÃO BRASIL DA ESPERANÇA - FE BRASIL";"Vereador";"Deferido";"2026-09-21T17:06:17.361796+00:00";"https://divulgacandcontas.tse.jus.br/divulga/#/candidato/2026/20322002026/RS/210002534003"
"210002534041";"Nelson Spolaor";"Nelson Spolaor";"13999";"PT";"FEDERAÇÃO BRASIL DA ESPERANÇA - FE BRASIL";"Advogado";"Deferido";"2026-09-21T17:06:18.305402+00:00";"https://divulgacandcontas.tse.jus.br/divulga/#/candidato/2026/20322002026/RS/210002534041"
"210002534021";"Pai Tadeu";"Tadeu Marques Rodrigues";"13777";"PT";"FEDERAÇÃO BRASIL DA ESPERANÇA - FE BRASIL";"Vereador";"Deferido";"2026-09-21T17:06:23.180542+00:00";"https://divulgacandcontas.tse.jus.br/divulga/#/candidato/2026/20322002026/RS/210002534021"
"210002534028";"Paulo Orelha";"Paulo Vanderlei Faguaga Siqueira";"13888";"PT";"FEDERAÇÃO BRASIL DA ESPERANÇA - FE BRASIL";"Vereador";"Deferido";"2026-09-21T17:06:22.253934+00:00";"https://divulgacandcontas.tse.jus.br/divulga/#/candidato/2026/20322002026/RS/210002534028"
"210002534019";"Pepe Vargas";"Gilberto José Spier Vargas";"13001";"PT";"FEDERAÇÃO BRASIL DA ESPERANÇA - FE BRASIL";"Deputado";"Deferido";"2026-09-21T17:06:15.406055+00:00";"https://divulgacandcontas.tse.jus.br/divulga/#/candidato/2026/20322002026/RS/210002534019"
"210002534005";"Picolotto";"Joacir Picolotto";"13678";"PT";"FEDERAÇÃO BRASIL DA ESPERANÇA - FE BRASIL";"Aposentado (Exceto Servidor Público)";"Deferido";"2026-09-21T17:06:20.466016+00:00";"https://divulgacandcontas.tse.jus.br/divulga/#/candidato/2026/20322002026/RS/210002534005"
"210002534032";"Professor Corazza";"Gilberto Corazza";"13130";"PT";"FEDERAÇÃO BRASIL DA ESPERANÇA - FE BRASIL";"Professor de Ensino Médio";"Deferido";"2026-09-21T17:06:22.344310+00:00";"https://divulgacandcontas.tse.jus.br/divulga/#/candidato/2026/20322002026/RS/210002534032"
"210002534045";"Professora Helenir";"Helenir Aguiar Schürer";"13303";"PT";"FEDERAÇÃO BRASIL DA ESPERANÇA - FE BRASIL";"Servidor Público Civil Aposentado";"Deferido";"2026-09-21T17:06:15.617452+00:00";"https://divulgacandcontas.tse.jus.br/divulga/#/candidato/2026/20322002026/RS/210002534045"
"210002534042";"Professora Rita";"Rita de Cassia Della Giustina de Oliveira";"13213";"PT";"FEDERAÇÃO BRASIL DA ESPERANÇA - FE BRASIL";"Professor de Ensino Fundamental";"Deferido";"2026-09-21T17:06:23.393173+00:00";"https://divulgacandcontas.tse.jus.br/divulga/#/candidato/2026/20322002026/RS/210002534042"
"210002534037";"Sidi Cardoso";"Sidinei Cardoso Pereira";"13613";"PT";"FEDERAÇÃO BRASIL DA ESPERANÇA - FE BRASIL";"Vereador";"Deferido";"2026-09-21T17:06:20.236281+00:00";"https://divulgacandcontas.tse.jus.br/divulga/#/candidato/2026/20322002026/RS/210002534037"
"210002534038";"Sofia Cavedon";"Sofia Cavedon Nunes";"13400";"PT";"FEDERAÇÃO BRASIL DA ESPERANÇA - FE BRASIL";"Deputado";"Deferido";"2026-09-21T17:06:23.272726+00:00";"https://divulgacandcontas.tse.jus.br/divulga/#/candidato/2026/20322002026/RS/210002534038"
"210002534039";"Stela Farias";"Stela Beatriz Farias Lopes";"13113";"PT";"FEDERAÇÃO BRASIL DA ESPERANÇA - FE BRASIL";"Deputado";"Deferido";"2026-09-21T17:06:18.592993+00:00";"https://divulgacandcontas.tse.jus.br/divulga/#/candidato/2026/20322002026/RS/210002534039"
"210002534006";"Valdir Oliveira";"Valdir Oliveira de Oliveira";"13713";"PT";"FEDERAÇÃO BRASIL DA ESPERANÇA - FE BRASIL";"Vereador";"Deferido";"2026-09-21T17:06:23.533372+00:00";"https://divulgacandcontas.tse.jus.br/divulga/#/candidato/2026/20322002026/RS/210002534006"
"210002534017";"Zé Nunes";"Jose Sidney Nunes de Almeida";"13500";"PT";"FEDERAÇÃO BRASIL DA ESPERANÇA - FE BRASIL";"Deputado";"Deferido";"2026-09-21T17:06:23.605067+00:00";"https://divulgacandcontas.tse.jus.br/divulga/#/candidato/2026/20322002026/RS/210002534017"
"210002534027";"Cláudia Azevedo";"Claudia Azevedo de Oliveira";"43043";"PV";"FEDERAÇÃO BRASIL DA ESPERANÇA - FE BRASIL";"Servidor Público Estadual";"Deferido";"2026-09-21T17:06:16.585558+00:00";"https://divulgacandcontas.tse.jus.br/divulga/#/candidato/2026/20322002026/RS/210002534027"
"210002534022";"Everaldo de Oliveira";"Everaldo de Oliveira";"43430";"PV";"FEDERAÇÃO BRASIL DA ESPERANÇA - FE BRASIL";"Comerciante";"Deferido";"2026-09-21T17:06:23.400771+00:00";"https://divulgacandcontas.tse.jus.br/divulga/#/candidato/2026/20322002026/RS/210002534022"
"210002534024";"Luciane D Avila";"Luciane Souza D  Avila";"43999";"PV";"FEDERAÇÃO BRASIL DA ESPERANÇA - FE BRASIL";"Dona de Casa";"Deferido";"2026-09-21T17:06:20.302775+00:00";"https://divulgacandcontas.tse.jus.br/divulga/#/candidato/2026/20322002026/RS/210002534024"
"210002534052";"Pedro Campos";"Pedro Campos Delgado";"43420";"PV";"FEDERAÇÃO BRASIL DA ESPERANÇA - FE BRASIL";"Outros";"Deferido";"2026-09-21T17:06:21.414594+00:00";"https://divulgacandcontas.tse.jus.br/divulga/#/candidato/2026/20322002026/RS/210002534052"
"210002534048";"Socorrista";"Walmocir Silva Reis";"43192";"PV";"FEDERAÇÃO BRASIL DA ESPERANÇA - FE BRASIL";"Enfermeiro";"Deferido";"2026-09-21T17:06:18.404421+00:00";"https://divulgacandcontas.tse.jus.br/divulga/#/candidato/2026/20322002026/RS/210002534048"
"210002533390";"Everaldo Oliveira";"Everaldo Santos de Oliveira Junior";"80000";"UP";"";"Comunicólogo";"Deferido";"2026-09-21T17:06:18.857852+00:00";"https://divulgacandcontas.tse.jus.br/divulga/#/candidato/2026/20322002026/RS/210002533390"
"210002533391";"Samara Garcia";"Samara Garcia de Almeida";"80123";"UP";"";"Estudante, Bolsista, Estagiário e Assemelhados";"Deferido";"2026-09-21T17:06:17.428531+00:00";"https://divulgacandcontas.tse.jus.br/divulga/#/candidato/2026/20322002026/RS/210002533391"
