id;number;official_name;full_name;party;federation;status;status_code;tse_url
250002536716;6555;DRA. LAILA;MARI LAILA TANIOS MAALOULI;PCdoB;FEDERAÇÃO BRASIL DA ESPERANÇA - FE BRASIL;DEFERIDO;deferida;https://divulgacandcontas.tse.jus.br/divulga/#/candidato/2026/20322002026/SP/250002536716
250002536755;6565;ORLANDO SILVA;ORLANDO SILVA DE JESUS JUNIOR;PCdoB;FEDERAÇÃO BRASIL DA ESPERANÇA - FE BRASIL;DEFERIDO;deferida;https://divulgacandcontas.tse.jus.br/divulga/#/candidato/2026/20322002026/SP/250002536755
250002553327;2989;ANNE LUCY;ANNE LUCY VIEIRA;PCO;;INDEFERIDO EM PRAZO RECURSAL OU COM RECURSO;indeferida_em_prazo_recursal_ou_com_recurso;https://divulgacandcontas.tse.jus.br/divulga/#/candidato/2026/20322002026/SP/250002553327
250002553335;2909;CRISTIANE AMORIM;CRISTIANE BEZERRA AMORIM;PCO;;INDEFERIDO EM PRAZO RECURSAL OU COM RECURSO;indeferida_em_prazo_recursal_ou_com_recurso;https://divulgacandcontas.tse.jus.br/divulga/#/candidato/2026/20322002026/SP/250002553335
250002553332;2919;FLAVIA PRATES;FLAVIA MERCURIO PRATES;PCO;;INDEFERIDO EM PRAZO RECURSAL OU COM RECURSO;indeferida_em_prazo_recursal_ou_com_recurso;https://divulgacandcontas.tse.jus.br/divulga/#/candidato/2026/20322002026/SP/250002553332
250002553331;2929;JOÃO CAPRONI PIMENTA;JOÃO JORGE CAPRONI COSTA PIMENTA;PCO;;INDEFERIDO EM PRAZO RECURSAL OU COM RECURSO;indeferida_em_prazo_recursal_ou_com_recurso;https://divulgacandcontas.tse.jus.br/divulga/#/candidato/2026/20322002026/SP/250002553331
250002553334;2979;LEANDRO PAGGIARO;LEANDRO PAGGIARO CORREA DE ARRUDA;PCO;;INDEFERIDO EM PRAZO RECURSAL OU COM RECURSO;indeferida_em_prazo_recursal_ou_com_recurso;https://divulgacandcontas.tse.jus.br/divulga/#/candidato/2026/20322002026/SP/250002553334
250002553329;2939;MAURO SOUZA;MAURO AUGUSTO DE SOUZA;PCO;;INDEFERIDO EM PRAZO RECURSAL OU COM RECURSO;indeferida_em_prazo_recursal_ou_com_recurso;https://divulgacandcontas.tse.jus.br/divulga/#/candidato/2026/20322002026/SP/250002553329
250002553328;2999;PAULO LAGO;PAULO RODRIGUES LAGO;PCO;;INDEFERIDO EM PRAZO RECURSAL OU COM RECURSO;indeferida_em_prazo_recursal_ou_com_recurso;https://divulgacandcontas.tse.jus.br/divulga/#/candidato/2026/20322002026/SP/250002553328
250002553333;2959;ROSANA BAESSO;ROSANA BISCARO BAESSO BRUNETTI;PCO;;INDEFERIDO EM PRAZO RECURSAL OU COM RECURSO;indeferida_em_prazo_recursal_ou_com_recurso;https://divulgacandcontas.tse.jus.br/divulga/#/candidato/2026/20322002026/SP/250002553333
250002553330;2900;SIMONE SOUZA;SIMONE CRISTINA SOUZA;PCO;;INDEFERIDO EM PRAZO RECURSAL OU COM RECURSO;indeferida_em_prazo_recursal_ou_com_recurso;https://divulgacandcontas.tse.jus.br/divulga/#/candidato/2026/20322002026/SP/250002553330
250002553326;2949;WILLIAM CESARIO;WILLIAM CESARIO DA SILVA;PCO;;INDEFERIDO EM PRAZO RECURSAL OU COM RECURSO;indeferida_em_prazo_recursal_ou_com_recurso;https://divulgacandcontas.tse.jus.br/divulga/#/candidato/2026/20322002026/SP/250002553326
250002548475;1221;ARAFETH;ARAFETH ALI HUSSEIN NASREDDINE;PDT;;DEFERIDO;deferida;https://divulgacandcontas.tse.jus.br/divulga/#/candidato/2026/20322002026/SP/250002548475
250002548512;1293;BAIA VAI-VAI;HERBERT MAXIMO NUNES;PDT;;INDEFERIDO;indeferida;https://divulgacandcontas.tse.jus.br/divulga/#/candidato/2026/20322002026/SP/250002548512
250002548508;1213;BISPA DAMARES;DAMARES DE OLIVEIRA PINTO;PDT;;DEFERIDO;deferida;https://divulgacandcontas.tse.jus.br/divulga/#/candidato/2026/20322002026/SP/250002548508
250002548479;1212;BONOME;NILSON BONOME;PDT;;DEFERIDO;deferida;https://divulgacandcontas.tse.jus.br/divulga/#/candidato/2026/20322002026/SP/250002548479
250002548511;1203;CAROLINA BRITO;CAROLINA DE BRITO POLICELLI;PDT;;DEFERIDO;deferida;https://divulgacandcontas.tse.jus.br/divulga/#/candidato/2026/20322002026/SP/250002548511
250002548491;1200;CLAUDIA DI BONITO;CLÁUDIA FERREIRA DI BONITO;PDT;;DEFERIDO;deferida;https://divulgacandcontas.tse.jus.br/divulga/#/candidato/2026/20322002026/SP/250002548491
250002548505;1216;CLEYTON SILVA;CLEYTON FERREIRA DA SILVA;PDT;;DEFERIDO;deferida;https://divulgacandcontas.tse.jus.br/divulga/#/candidato/2026/20322002026/SP/250002548505
250002548461;1245;COMENDADOR BRILHANTE;ANTONIO JOSÉ BRILHANTE;PDT;;DEFERIDO;deferida;https://divulgacandcontas.tse.jus.br/divulga/#/candidato/2026/20322002026/SP/250002548461
250002548513;1201;DANI RODRIGUEIRO;DANIELA APARECIDA RODRIGUEIRO;PDT;;DEFERIDO;deferida;https://divulgacandcontas.tse.jus.br/divulga/#/candidato/2026/20322002026/SP/250002548513
250002548515;1215;DANIEL GALANI;DANIEL SANTOS OLIVEIRA GALANI;PDT;;DEFERIDO;deferida;https://divulgacandcontas.tse.jus.br/divulga/#/candidato/2026/20322002026/SP/250002548515
250002548468;1219;DANIEL MUNDURUKU;DANIEL MONTEIRO COSTA MUNDURUKU;PDT;;DEFERIDO;deferida;https://divulgacandcontas.tse.jus.br/divulga/#/candidato/2026/20322002026/SP/250002548468
250002548478;1288;DEBORA PERINO;DEBORA ROSELI PERINO;PDT;;DEFERIDO;deferida;https://divulgacandcontas.tse.jus.br/divulga/#/candidato/2026/20322002026/SP/250002548478
250002548463;1207;DORINHA PET;MARIA DAS DORES ALVES SILVA;PDT;;DEFERIDO;deferida;https://divulgacandcontas.tse.jus.br/divulga/#/candidato/2026/20322002026/SP/250002548463
250002548486;1234;DR. RAPHAEL OLIVEIRA;RAPHAEL APARECIDO DE OLIVEIRA;PDT;;DEFERIDO;deferida;https://divulgacandcontas.tse.jus.br/divulga/#/candidato/2026/20322002026/SP/250002548486
250002548464;1231;DRA KENIA;KENIA LIRA SCIASCIO;PDT;;DEFERIDO;deferida;https://divulgacandcontas.tse.jus.br/divulga/#/candidato/2026/20322002026/SP/250002548464
250002548488;1227;DRA NÉIA;IVONEIA DOS SANTOS CABRAL LEMES;PDT;;DEFERIDO;deferida;https://divulgacandcontas.tse.jus.br/divulga/#/candidato/2026/20322002026/SP/250002548488
250002548501;1246;DRA. DENISE;DENISE FORCHETTI TIGRE CAETANO;PDT;;DEFERIDO;deferida;https://divulgacandcontas.tse.jus.br/divulga/#/candidato/2026/20322002026/SP/250002548501
250002548483;1299;DRA. ESTELA BRUGNERA;ESTELA MAGDA BRUGNERA;PDT;;DEFERIDO;deferida;https://divulgacandcontas.tse.jus.br/divulga/#/candidato/2026/20322002026/SP/250002548483
250002548498;1211;EDUARDO XAROPINHO;EDUARDO MASCARENHAS AGUIAR;PDT;;DEFERIDO;deferida;https://divulgacandcontas.tse.jus.br/divulga/#/candidato/2026/20322002026/SP/250002548498
250002548470;1217;ELYS STYLE;ELISANGELA MARIA COSTA DE ARAÚJO;PDT;;DEFERIDO;deferida;https://divulgacandcontas.tse.jus.br/divulga/#/candidato/2026/20322002026/SP/250002548470
250002548493;1270;ELZA ALVES;ELZA ALVES DE CARVALHO;PDT;;DEFERIDO;deferida;https://divulgacandcontas.tse.jus.br/divulga/#/candidato/2026/20322002026/SP/250002548493
250002548481;1278;ESTELA PIZA ROSSI;ESTELA CRISTINA DE TOLEDO PIZA ROSSI;PDT;;DEFERIDO;deferida;https://divulgacandcontas.tse.jus.br/divulga/#/candidato/2026/20322002026/SP/250002548481
250002548487;1228;FERNANDO LADEIA;FERNANDO RICARDO LADEIA;PDT;;DEFERIDO;deferida;https://divulgacandcontas.tse.jus.br/divulga/#/candidato/2026/20322002026/SP/250002548487
250002548492;1223;GILSON ROCHA;GILSON DA ROCHA CARDOSO;PDT;;DEFERIDO;deferida;https://divulgacandcontas.tse.jus.br/divulga/#/candidato/2026/20322002026/SP/250002548492
250002548502;1233;GLAUCE LIMA;GLAUCE KELLY DOS SANTOS ADÃO LIMA;PDT;;DEFERIDO;deferida;https://divulgacandcontas.tse.jus.br/divulga/#/candidato/2026/20322002026/SP/250002548502
250002548489;1230;IELO;ANTONIO MÁRIO DE PAULA FERREIRA IELO;PDT;;DEFERIDO;deferida;https://divulgacandcontas.tse.jus.br/divulga/#/candidato/2026/20322002026/SP/250002548489
250002548518;1206;IRMÃO LOPES;TEHUAN REIS FERNANDES ALVES LOPES;PDT;;DEFERIDO;deferida;https://divulgacandcontas.tse.jus.br/divulga/#/candidato/2026/20322002026/SP/250002548518
250002548514;1225;JC LUIS;JOSÉ CARLOS LUIS;PDT;;DEFERIDO;deferida;https://divulgacandcontas.tse.jus.br/divulga/#/candidato/2026/20322002026/SP/250002548514
250002548472;1202;JHOU DR. DO POVO;JOÃO PAULO RODRIGUES DE SOUZA;PDT;;DEFERIDO;deferida;https://divulgacandcontas.tse.jus.br/divulga/#/candidato/2026/20322002026/SP/250002548472
250002548466;1254;JOÃO MENDONÇA;JOÃO AUGUSTO DE ALMEIDA MENDONÇA;PDT;;DEFERIDO;deferida;https://divulgacandcontas.tse.jus.br/divulga/#/candidato/2026/20322002026/SP/250002548466
250002548482;1236;JOSUÉ MACEDO;JOSUÉ ALVES MACEDO;PDT;;DEFERIDO;deferida;https://divulgacandcontas.tse.jus.br/divulga/#/candidato/2026/20322002026/SP/250002548482
250002548495;1229;JU DOURADO;JUCILEILA DOURADO CERQUEIRA;PDT;;DEFERIDO;deferida;https://divulgacandcontas.tse.jus.br/divulga/#/candidato/2026/20322002026/SP/250002548495
250002548500;1218;KELI TALKS;KELI CRISTINA ALMEIDA DA LUZ;PDT;;DEFERIDO;deferida;https://divulgacandcontas.tse.jus.br/divulga/#/candidato/2026/20322002026/SP/250002548500
250002548473;1244;LEANDRO PINTO;LEANDRO JOSÉ PINTO;PDT;;DEFERIDO;deferida;https://divulgacandcontas.tse.jus.br/divulga/#/candidato/2026/20322002026/SP/250002548473
250002548503;1252;MARCELO MAIA;MARCELO OLIVEIRA MAIA;PDT;;DEFERIDO;deferida;https://divulgacandcontas.tse.jus.br/divulga/#/candidato/2026/20322002026/SP/250002548503
250002548490;1255;MARCIO BURGUINHA DA KOMBI;MARCIO BURGUINHA DE JESUS DO REGO;PDT;;DEFERIDO EM PRAZO RECURSAL OU COM RECURSO;deferida_em_prazo_recursal_ou_com_recurso;https://divulgacandcontas.tse.jus.br/divulga/#/candidato/2026/20322002026/SP/250002548490
250002548517;1226;MARCOS LATINO BRIZOLA;MARCOS ROBERTO COELHO;PDT;;DEFERIDO;deferida;https://divulgacandcontas.tse.jus.br/divulga/#/candidato/2026/20322002026/SP/250002548517
250002548471;1220;NATALINO DA POUSADA;NATALINO DAVI DA SILVA;PDT;;DEFERIDO;deferida;https://divulgacandcontas.tse.jus.br/divulga/#/candidato/2026/20322002026/SP/250002548471
250002548494;1256;NETE JARDIM;LUCINETHE JARDIM;PDT;;DEFERIDO;deferida;https://divulgacandcontas.tse.jus.br/divulga/#/candidato/2026/20322002026/SP/250002548494
250002548480;1214;ORLANDO SALLES;ORLANDO VALERIO RODRIGUES SALLES;PDT;;DEFERIDO;deferida;https://divulgacandcontas.tse.jus.br/divulga/#/candidato/2026/20322002026/SP/250002548480
250002548496;1266;PAI ROBLEZ;ROBLEZ JORGE DOS SANTOS;PDT;;DEFERIDO;deferida;https://divulgacandcontas.tse.jus.br/divulga/#/candidato/2026/20322002026/SP/250002548496
250002548510;1205;PANARIELLO;WILMA PANARIELLO;PDT;;DEFERIDO;deferida;https://divulgacandcontas.tse.jus.br/divulga/#/candidato/2026/20322002026/SP/250002548510
250002548469;1297;PASTOR DANIEL NASCIMENTO;DANIEL JOSÉ DO NASCIMENTO;PDT;;DEFERIDO;deferida;https://divulgacandcontas.tse.jus.br/divulga/#/candidato/2026/20322002026/SP/250002548469
250002548467;1209;PR JAIR SANTANA;JAIR RIBEIRO DE SANTANA;PDT;;DEFERIDO;deferida;https://divulgacandcontas.tse.jus.br/divulga/#/candidato/2026/20322002026/SP/250002548467
250002548465;1210;PROF WILSON CABRAL;WILSON CABRAL DE SOUSA JUNIOR;PDT;;DEFERIDO;deferida;https://divulgacandcontas.tse.jus.br/divulga/#/candidato/2026/20322002026/SP/250002548465
250002548506;1267;PROFESSOR FRANKLIN ANDRADE;FRANKLIN ANDRADE DA SILVA;PDT;;DEFERIDO;deferida;https://divulgacandcontas.tse.jus.br/divulga/#/candidato/2026/20322002026/SP/250002548506
250002548476;1269;PROFESSOR NASSER;NASAR MOHAMAD BOUZKEN;PDT;;DEFERIDO;deferida;https://divulgacandcontas.tse.jus.br/divulga/#/candidato/2026/20322002026/SP/250002548476
250002548474;1282;RAAFA ENGUE;RAFAELE CAROLINE DA SILVA ENGUE;PDT;;DEFERIDO;deferida;https://divulgacandcontas.tse.jus.br/divulga/#/candidato/2026/20322002026/SP/250002548474
250002548477;1248;RAFAEL MELLO;RAFAEL JOAQUIM FRANCO DE MELLO;PDT;;DEFERIDO;deferida;https://divulgacandcontas.tse.jus.br/divulga/#/candidato/2026/20322002026/SP/250002548477
250002548504;1285;REINILTON;NILTON LIMA DA SILVA;PDT;;INDEFERIDO;indeferida;https://divulgacandcontas.tse.jus.br/divulga/#/candidato/2026/20322002026/SP/250002548504
250002548484;1222;ROBERTINHO MENDONÇA;JOSÉ ROBERTO MENDONÇA;PDT;;DEFERIDO;deferida;https://divulgacandcontas.tse.jus.br/divulga/#/candidato/2026/20322002026/SP/250002548484
250002548509;1261;RONALDO TOME;RONALDO FERNANDEZ TOMÉ;PDT;;DEFERIDO;deferida;https://divulgacandcontas.tse.jus.br/divulga/#/candidato/2026/20322002026/SP/250002548509
250002548462;1251;SANZIO RODRIGUES;SANZIO RODRIGUES DA SILVA;PDT;;DEFERIDO;deferida;https://divulgacandcontas.tse.jus.br/divulga/#/candidato/2026/20322002026/SP/250002548462
250002548485;1260;SILAS CARLOS;SILAS CARLOS DE OLIVEIRA;PDT;;DEFERIDO;deferida;https://divulgacandcontas.tse.jus.br/divulga/#/candidato/2026/20322002026/SP/250002548485
250002548507;1290;TAMIR FELIPE;TAMIR FELIPE BARCELAR E SANTOS;PDT;;DEFERIDO;deferida;https://divulgacandcontas.tse.jus.br/divulga/#/candidato/2026/20322002026/SP/250002548507
250002548499;1208;TIAGO LUZ;TIAGO ANTUNES DA LUZ NETO;PDT;;DEFERIDO;deferida;https://divulgacandcontas.tse.jus.br/divulga/#/candidato/2026/20322002026/SP/250002548499
250002548516;1258;WANDER JAPA;WANDER KAZUMI OKUMURA;PDT;;DEFERIDO;deferida;https://divulgacandcontas.tse.jus.br/divulga/#/candidato/2026/20322002026/SP/250002548516
250002548497;1232;WILSON VIEIRA;WILSON WANDERLEI VIEIRA JUNIOR;PDT;;DEFERIDO;deferida;https://divulgacandcontas.tse.jus.br/divulga/#/candidato/2026/20322002026/SP/250002548497
250002539432;4024;ABNER TOFANELLI;ABNER JOÁS TOFANELLI;PSB;;RENÚNCIA;renuncia;https://divulgacandcontas.tse.jus.br/divulga/#/candidato/2026/20322002026/SP/250002539432
250002539446;4020;ADVOGADO EWERTON;EWERTON DA SILVA CARVALHO;PSB;;DEFERIDO;deferida;https://divulgacandcontas.tse.jus.br/divulga/#/candidato/2026/20322002026/SP/250002539446
250002539402;4022;ALEX LACERDA;ALEX ROGERIO CAMARGO DE LACERDA;PSB;;DEFERIDO;deferida;https://divulgacandcontas.tse.jus.br/divulga/#/candidato/2026/20322002026/SP/250002539402
250002539392;4006;ALEXSANDRA RIBEIRO;ALEXSANDRA RIBEIRO RODRIGUES DA SILVA;PSB;;DEFERIDO;deferida;https://divulgacandcontas.tse.jus.br/divulga/#/candidato/2026/20322002026/SP/250002539392
250002539447;4063;ALFREDO BOSI;JOSE ALFREDO BOSI;PSB;;DEFERIDO;deferida;https://divulgacandcontas.tse.jus.br/divulga/#/candidato/2026/20322002026/SP/250002539447
250002539419;4089;ALMIR ROGERIO;ALMIR ROGERIO DOS SANTOS;PSB;;DEFERIDO;deferida;https://divulgacandcontas.tse.jus.br/divulga/#/candidato/2026/20322002026/SP/250002539419
250002539420;4018;ANA CLÉIA;ANA CLEIA MENEGUETTI;PSB;;DEFERIDO;deferida;https://divulgacandcontas.tse.jus.br/divulga/#/candidato/2026/20322002026/SP/250002539420
250002539385;4004;ANDREA WERNER;ANDREA WERNER SILVA BONOLI;PSB;;DEFERIDO;deferida;https://divulgacandcontas.tse.jus.br/divulga/#/candidato/2026/20322002026/SP/250002539385
250002539418;4005;ANTONIO ALVES VIGILANTE;ANTONIO ALVES DOS SANTOS;PSB;;DEFERIDO;deferida;https://divulgacandcontas.tse.jus.br/divulga/#/candidato/2026/20322002026/SP/250002539418
250002539387;4066;BENEDITO FURTADO;BENEDITO FURTADO DE ANDRADE;PSB;;DEFERIDO;deferida;https://divulgacandcontas.tse.jus.br/divulga/#/candidato/2026/20322002026/SP/250002539387
250002539424;4014;CARLÃO DO BASQUETE;CARLOS HENRIQUE DOS SANTOS;PSB;;DEFERIDO;deferida;https://divulgacandcontas.tse.jus.br/divulga/#/candidato/2026/20322002026/SP/250002539424
250002539441;4091;CARMEM PORTELA;MARIA DO CARMO PORTELA RUMBO;PSB;;DEFERIDO;deferida;https://divulgacandcontas.tse.jus.br/divulga/#/candidato/2026/20322002026/SP/250002539441
250002539433;4036;CÉLIA RAMOS;CELIA RAMOS DE JESUS FEITOSA;PSB;;RENÚNCIA;renuncia;https://divulgacandcontas.tse.jus.br/divulga/#/candidato/2026/20322002026/SP/250002539433
250002539442;4003;CÉSAR BARBARESCO;CESAR EDUARDO BARBARESCO;PSB;;DEFERIDO;deferida;https://divulgacandcontas.tse.jus.br/divulga/#/candidato/2026/20322002026/SP/250002539442
250002539422;4055;CÉZAR GREGÓRIO;CEZAR FELIPE RIBEIRO GREGÓRIO;PSB;;DEFERIDO;deferida;https://divulgacandcontas.tse.jus.br/divulga/#/candidato/2026/20322002026/SP/250002539422
250002539449;4053;CHAMEL;ROGERIO PEREIRA DA SILVA;PSB;;RENÚNCIA;renuncia;https://divulgacandcontas.tse.jus.br/divulga/#/candidato/2026/20322002026/SP/250002539449
250002539439;4019;CIBELE BOTELHO;CIBELE FRAGOSO BOTELHO;PSB;;DEFERIDO;deferida;https://divulgacandcontas.tse.jus.br/divulga/#/candidato/2026/20322002026/SP/250002539439
250002539417;4016;CRIS SIMÕES AVCISTA;RENHA CRISTINA SIMOES;PSB;;DEFERIDO;deferida;https://divulgacandcontas.tse.jus.br/divulga/#/candidato/2026/20322002026/SP/250002539417
250002539431;4010;DATENA;JOSE LUIZ DATENA;PSB;;DEFERIDO;deferida;https://divulgacandcontas.tse.jus.br/divulga/#/candidato/2026/20322002026/SP/250002539431
250002539423;4067;DELEGADO ADOLPHO HENRIQUE;ADOLPHO HENRIQUE DE PAULA RAMOS;PSB;;INDEFERIDO EM PRAZO RECURSAL OU COM RECURSO;indeferida_em_prazo_recursal_ou_com_recurso;https://divulgacandcontas.tse.jus.br/divulga/#/candidato/2026/20322002026/SP/250002539423
250002539425;4008;DR. DOLIRIO;DOLIRIO LAMONICA TEIXEIRA;PSB;;DEFERIDO;deferida;https://divulgacandcontas.tse.jus.br/divulga/#/candidato/2026/20322002026/SP/250002539425
250002539443;4085;DR. NILSON BRAGA;NILSON PASSOS BRAGA;PSB;;DEFERIDO;deferida;https://divulgacandcontas.tse.jus.br/divulga/#/candidato/2026/20322002026/SP/250002539443
250002539434;4069;DR. VIRA LATA;JOSÉ RONALDO GOMES DA SILVA;PSB;;DEFERIDO;deferida;https://divulgacandcontas.tse.jus.br/divulga/#/candidato/2026/20322002026/SP/250002539434
250002539396;4060;DR.YAGO TORRES;YAGO DE OLIVEIRA TORRES PINTO;PSB;;DEFERIDO;deferida;https://divulgacandcontas.tse.jus.br/divulga/#/candidato/2026/20322002026/SP/250002539396
250002539401;4048;DRA. DEISE PASSOS;DEISE BUENO DOS PASSOS;PSB;;DEFERIDO;deferida;https://divulgacandcontas.tse.jus.br/divulga/#/candidato/2026/20322002026/SP/250002539401
250002539450;4045;DRA. ROSIANE FARIAS;ROSIANE MACIEL DE FARIAS;PSB;;DEFERIDO;deferida;https://divulgacandcontas.tse.jus.br/divulga/#/candidato/2026/20322002026/SP/250002539450
250002539415;4009;ELIANNE VENDRAMETTO;ELIANE DE CARVALHO VENDRAMETTO;PSB;;DEFERIDO;deferida;https://divulgacandcontas.tse.jus.br/divulga/#/candidato/2026/20322002026/SP/250002539415
250002539445;4012;ELISEU GABRIEL;ELISEU GABRIEL DE PIERI;PSB;;DEFERIDO;deferida;https://divulgacandcontas.tse.jus.br/divulga/#/candidato/2026/20322002026/SP/250002539445
250002539416;4042;ERIK TORQUATO;ERIK TORQUATO PINTO;PSB;;DEFERIDO;deferida;https://divulgacandcontas.tse.jus.br/divulga/#/candidato/2026/20322002026/SP/250002539416
250002539430;4054;FILIPE MENINO;FILIPE PANACE MENINO;PSB;;DEFERIDO;deferida;https://divulgacandcontas.tse.jus.br/divulga/#/candidato/2026/20322002026/SP/250002539430
250002539400;4011;GILMAR ALMEIDA;GILMAR BORGES DE ALMEIDA;PSB;;DEFERIDO;deferida;https://divulgacandcontas.tse.jus.br/divulga/#/candidato/2026/20322002026/SP/250002539400
250002539386;4050;GILSON DE SOUZA;GILSON DE SOUZA;PSB;;DEFERIDO;deferida;https://divulgacandcontas.tse.jus.br/divulga/#/candidato/2026/20322002026/SP/250002539386
250002539405;4098;GLEIDSON AIACYDA;GLEIDSON SHIGUEMI AIACYDA;PSB;;DEFERIDO;deferida;https://divulgacandcontas.tse.jus.br/divulga/#/candidato/2026/20322002026/SP/250002539405
250002539436;4080;GRINGO MOTOKA;EDGAR FRANCISCO DA SILVA;PSB;;DEFERIDO;deferida;https://divulgacandcontas.tse.jus.br/divulga/#/candidato/2026/20322002026/SP/250002539436
250002539414;4025;HERIVELTO VELA;HERIVELTO DOS SANTOS MORAES;PSB;;DEFERIDO;deferida;https://divulgacandcontas.tse.jus.br/divulga/#/candidato/2026/20322002026/SP/250002539414
250002539399;4000;JONAS DONIZETTE;JONAS DONIZETTE FERREIRA;PSB;;DEFERIDO;deferida;https://divulgacandcontas.tse.jus.br/divulga/#/candidato/2026/20322002026/SP/250002539399
250002539455;4033;JORNALISTA TIAGO SANTOS;TIAGO REIS DOS SANTOS;PSB;;DEFERIDO;deferida;https://divulgacandcontas.tse.jus.br/divulga/#/candidato/2026/20322002026/SP/250002539455
250002539409;4002;JULIANA CURVELO;JULIANA GOMES CURVELO;PSB;;DEFERIDO;deferida;https://divulgacandcontas.tse.jus.br/divulga/#/candidato/2026/20322002026/SP/250002539409
250002539411;4021;JULIÃO SOARES;LUIS CARLOS SOARES DE OLIVEIRA;PSB;;DEFERIDO;deferida;https://divulgacandcontas.tse.jus.br/divulga/#/candidato/2026/20322002026/SP/250002539411
250002539453;4056;KAROL LIMA;KAROLINA MARCONDES LIMA;PSB;;DEFERIDO;deferida;https://divulgacandcontas.tse.jus.br/divulga/#/candidato/2026/20322002026/SP/250002539453
250002539407;4096;KEIKO OTA;IOLANDA KEIKO MIASHIRO OTA;PSB;;DEFERIDO;deferida;https://divulgacandcontas.tse.jus.br/divulga/#/candidato/2026/20322002026/SP/250002539407
250002539393;4075;LEANDRO LIRA;LEANDRO DE LIMA LIRA;PSB;;DEFERIDO;deferida;https://divulgacandcontas.tse.jus.br/divulga/#/candidato/2026/20322002026/SP/250002539393
250002539410;4023;LEANDRO VITOR;LEANDRO FERNANDO VITOR;PSB;;DEFERIDO;deferida;https://divulgacandcontas.tse.jus.br/divulga/#/candidato/2026/20322002026/SP/250002539410
250002539408;4051;LÉO PONTES;LEONARDO PONTES DE SANTANA;PSB;;DEFERIDO;deferida;https://divulgacandcontas.tse.jus.br/divulga/#/candidato/2026/20322002026/SP/250002539408
250002539390;4027;LU GARCIA;LUCIANA GARCIA DE OLIVEIRA;PSB;;DEFERIDO;deferida;https://divulgacandcontas.tse.jus.br/divulga/#/candidato/2026/20322002026/SP/250002539390
250002539426;4078;LUCAS DANTAS;LUCAS EMANUEL RICCI DANTAS;PSB;;DEFERIDO;deferida;https://divulgacandcontas.tse.jus.br/divulga/#/candidato/2026/20322002026/SP/250002539426
250002539412;4068;LUCAS TOTTY;LUCAS APARECIDO BATISTA;PSB;;DEFERIDO;deferida;https://divulgacandcontas.tse.jus.br/divulga/#/candidato/2026/20322002026/SP/250002539412
250002539389;4090;LUCIANO DA LUZ;LUCIANO HENRIQUE PARRA DA LUZ;PSB;;DEFERIDO;deferida;https://divulgacandcontas.tse.jus.br/divulga/#/candidato/2026/20322002026/SP/250002539389
250002539438;4030;MARCELO STRAMA;MARCELO STRAMA;PSB;;DEFERIDO;deferida;https://divulgacandcontas.tse.jus.br/divulga/#/candidato/2026/20322002026/SP/250002539438
250002539394;4088;MARIA AIRES;MARIA APARECIDA AIRES;PSB;;DEFERIDO;deferida;https://divulgacandcontas.tse.jus.br/divulga/#/candidato/2026/20322002026/SP/250002539394
250002539395;4017;MARIJANE;MARIJANE JOSE DE SOUZA;PSB;;RENÚNCIA;renuncia;https://divulgacandcontas.tse.jus.br/divulga/#/candidato/2026/20322002026/SP/250002539395
250002539437;4044;MARINA HELOU;MARINA MEDEIROS HELOU;PSB;;DEFERIDO;deferida;https://divulgacandcontas.tse.jus.br/divulga/#/candidato/2026/20322002026/SP/250002539437
250002539428;4095;MATHEUS COELHO;MATHEUS GOMES COELHO;PSB;;DEFERIDO;deferida;https://divulgacandcontas.tse.jus.br/divulga/#/candidato/2026/20322002026/SP/250002539428
250002539451;4084;MAURO MATTOSINHO;MAURO CAPUTTI MATTOSINHO;PSB;;DEFERIDO;deferida;https://divulgacandcontas.tse.jus.br/divulga/#/candidato/2026/20322002026/SP/250002539451
250002539421;4065;NETINHO MAIA;ITAMAR RODRIGUES MAIA;PSB;;DEFERIDO;deferida;https://divulgacandcontas.tse.jus.br/divulga/#/candidato/2026/20322002026/SP/250002539421
250002539398;4047;ODAIR GOMES;ODAIR EUSTAQUIO RIBEIRO GOMES;PSB;;DEFERIDO;deferida;https://divulgacandcontas.tse.jus.br/divulga/#/candidato/2026/20322002026/SP/250002539398
250002539444;4032;PAULA GRANATO;PAULA RODRIGUES GRANATO;PSB;;DEFERIDO;deferida;https://divulgacandcontas.tse.jus.br/divulga/#/candidato/2026/20322002026/SP/250002539444
250002539413;4094;PESCADOR LUCAS DA ORLANDINA;LUCAS ALVES BARRETO;PSB;;DEFERIDO;deferida;https://divulgacandcontas.tse.jus.br/divulga/#/candidato/2026/20322002026/SP/250002539413
250002539429;4057;PROF. BETH;ELISABETE DE JESUS;PSB;;DEFERIDO;deferida;https://divulgacandcontas.tse.jus.br/divulga/#/candidato/2026/20322002026/SP/250002539429
250002539448;4026;PROFESSOR GILMAR;GILMAR TRECCO CAVACA;PSB;;DEFERIDO;deferida;https://divulgacandcontas.tse.jus.br/divulga/#/candidato/2026/20322002026/SP/250002539448
250002539388;4041;PROFESSOR LUZIMAR;LUZIMAR RODRIGUES DA SILVA;PSB;;DEFERIDO;deferida;https://divulgacandcontas.tse.jus.br/divulga/#/candidato/2026/20322002026/SP/250002539388
250002539404;4070;PROFESSORA MEIRE;LUCIMEIRE APARECIDA DE ALMEIDA BARBOSA;PSB;;DEFERIDO;deferida;https://divulgacandcontas.tse.jus.br/divulga/#/candidato/2026/20322002026/SP/250002539404
250002539454;4064;RENATINHO SE LIGUE;RENATO RAMOS DE SOUZA;PSB;;DEFERIDO;deferida;https://divulgacandcontas.tse.jus.br/divulga/#/candidato/2026/20322002026/SP/250002539454
250002539397;4077;RICARDO GALVÃO;RICARDO MAGNUS OSORIO GALVÃO;PSB;;DEFERIDO;deferida;https://divulgacandcontas.tse.jus.br/divulga/#/candidato/2026/20322002026/SP/250002539397
250002539427;4015;RODRIGO AGOSTINHO;RODRIGO ANTONIO DE AGOSTINHO MENDONÇA;PSB;;DEFERIDO;deferida;https://divulgacandcontas.tse.jus.br/divulga/#/candidato/2026/20322002026/SP/250002539427
250002539406;4001;SAMUEL ENFERMEIRO;SAMUEL FERREIRA DOS SANTOS;PSB;;DEFERIDO;deferida;https://divulgacandcontas.tse.jus.br/divulga/#/candidato/2026/20322002026/SP/250002539406
250002539403;4099;SARGENTO NERI;RUBENS CLAUDIO SIQUEIRA NERI;PSB;;DEFERIDO;deferida;https://divulgacandcontas.tse.jus.br/divulga/#/candidato/2026/20322002026/SP/250002539403
250002539391;4007;SHEYLLI;SHEYLLI CALEFFI;PSB;;DEFERIDO;deferida;https://divulgacandcontas.tse.jus.br/divulga/#/candidato/2026/20322002026/SP/250002539391
250002539440;4013;SIDÃO FORMIGA;SIDNEY LAGE DE RESENDE;PSB;;DEFERIDO;deferida;https://divulgacandcontas.tse.jus.br/divulga/#/candidato/2026/20322002026/SP/250002539440
250002539435;4040;TABATA AMARAL;TABATA CLÁUDIA AMARAL DE PONTES;PSB;;DEFERIDO;deferida;https://divulgacandcontas.tse.jus.br/divulga/#/candidato/2026/20322002026/SP/250002539435
250002539452;4043;VILAR;GEOVANNA QUESADA VILAR;PSB;;DEFERIDO;deferida;https://divulgacandcontas.tse.jus.br/divulga/#/candidato/2026/20322002026/SP/250002539452
250002539614;5080;ADERITO DUTRA;ADERITO CASSIO DE ASSIS DUTRA;PSOL;FEDERAÇÃO PSOL REDE;DEFERIDO;deferida;https://divulgacandcontas.tse.jus.br/divulga/#/candidato/2026/20322002026/SP/250002539614
250002539619;5014;ADRIANO NASCIMENTO;ADRIANO NASCIMENTO DOS SANTOS;PSOL;FEDERAÇÃO PSOL REDE;DEFERIDO;deferida;https://divulgacandcontas.tse.jus.br/divulga/#/candidato/2026/20322002026/SP/250002539619
250002539598;5066;BERNARDO LIMA;BERNARDO DOS SANTOS LIMA;PSOL;FEDERAÇÃO PSOL REDE;DEFERIDO;deferida;https://divulgacandcontas.tse.jus.br/divulga/#/candidato/2026/20322002026/SP/250002539598
250002539610;5021;CARLOS DO BONSUCESSO;CARLOS ALBERTO DA SILVA;PSOL;FEDERAÇÃO PSOL REDE;DEFERIDO;deferida;https://divulgacandcontas.tse.jus.br/divulga/#/candidato/2026/20322002026/SP/250002539610
250002539588;5015;CÍCERO PERUEIRO;CICERO SANTANA DA SILVA;PSOL;FEDERAÇÃO PSOL REDE;INDEFERIDO EM PRAZO RECURSAL OU COM RECURSO;indeferida_em_prazo_recursal_ou_com_recurso;https://divulgacandcontas.tse.jus.br/divulga/#/candidato/2026/20322002026/SP/250002539588
250002539601;5023;DRA. HERICA VERYANO;HERICA DA SILVA GERONYMO OLIVEIRA DE FRANÇA;PSOL;FEDERAÇÃO PSOL REDE;DEFERIDO;deferida;https://divulgacandcontas.tse.jus.br/divulga/#/candidato/2026/20322002026/SP/250002539601
250002539599;5019;EDILENE BANCADA TRABALHADORAS;EDILENE RODRIGUES SANTANA;PSOL;FEDERAÇÃO PSOL REDE;DEFERIDO;deferida;https://divulgacandcontas.tse.jus.br/divulga/#/candidato/2026/20322002026/SP/250002539599
250002539595;5056;ENOC SANTANA;ENOC MANOEL DE SANTANA;PSOL;FEDERAÇÃO PSOL REDE;DEFERIDO;deferida;https://divulgacandcontas.tse.jus.br/divulga/#/candidato/2026/20322002026/SP/250002539595
250002539612;5070;ERIKA HILTON;ERIKA HILTON;PSOL;FEDERAÇÃO PSOL REDE;DEFERIDO;deferida;https://divulgacandcontas.tse.jus.br/divulga/#/candidato/2026/20322002026/SP/250002539612
250002539616;5013;FABIO MELLO;FABIO JOSE RODRIGUES DE MELLO;PSOL;FEDERAÇÃO PSOL REDE;DEFERIDO;deferida;https://divulgacandcontas.tse.jus.br/divulga/#/candidato/2026/20322002026/SP/250002539616
250002539623;5007;FLÁVIO CASIMIRO;FLAVIO CASIMIRO DE SOUSA;PSOL;FEDERAÇÃO PSOL REDE;DEFERIDO;deferida;https://divulgacandcontas.tse.jus.br/divulga/#/candidato/2026/20322002026/SP/250002539623
250002539608;5016;GABRIEL DOS ANIMAIS;GABRIEL DE MEDEIROS JACQUES;PSOL;FEDERAÇÃO PSOL REDE;DEFERIDO;deferida;https://divulgacandcontas.tse.jus.br/divulga/#/candidato/2026/20322002026/SP/250002539608
250002539620;5005;GUILHERME CORTEZ;GUILHERME DA COSTA AGUIAR CORTEZ;PSOL;FEDERAÇÃO PSOL REDE;DEFERIDO;deferida;https://divulgacandcontas.tse.jus.br/divulga/#/candidato/2026/20322002026/SP/250002539620
250002539587;5078;ÍNDIO VIGILANTE;JOSEMAR CARLOS DE OLIVEIRA;PSOL;FEDERAÇÃO PSOL REDE;INDEFERIDO EM PRAZO RECURSAL OU COM RECURSO;indeferida_em_prazo_recursal_ou_com_recurso;https://divulgacandcontas.tse.jus.br/divulga/#/candidato/2026/20322002026/SP/250002539587
250002539607;5050;JULIANO MEDEIROS;JULIANO MEDEIROS;PSOL;FEDERAÇÃO PSOL REDE;DEFERIDO;deferida;https://divulgacandcontas.tse.jus.br/divulga/#/candidato/2026/20322002026/SP/250002539607
250002539613;5077;LUCIANA GATTI;LUCIANA VANNI GATTI;PSOL;FEDERAÇÃO PSOL REDE;DEFERIDO;deferida;https://divulgacandcontas.tse.jus.br/divulga/#/candidato/2026/20322002026/SP/250002539613
250002539589;5006;MÃE SU DE NÃNÃ;AUDEIDE CARDOSO;PSOL;FEDERAÇÃO PSOL REDE;DEFERIDO;deferida;https://divulgacandcontas.tse.jus.br/divulga/#/candidato/2026/20322002026/SP/250002539589
250002539596;5075;MARCIO LUNA;JOSE MARCIO DE LUNA;PSOL;FEDERAÇÃO PSOL REDE;DEFERIDO;deferida;https://divulgacandcontas.tse.jus.br/divulga/#/candidato/2026/20322002026/SP/250002539596
250002539617;5011;MARIA DE SALES;MARIA DE SALES;PSOL;FEDERAÇÃO PSOL REDE;RENÚNCIA;renuncia;https://divulgacandcontas.tse.jus.br/divulga/#/candidato/2026/20322002026/SP/250002539617
250002539628;5040;MARIA ELI RICO;MARIA ELI FERNANDES DOS SANTOS MANIÇOBA;PSOL;FEDERAÇÃO PSOL REDE;DEFERIDO;deferida;https://divulgacandcontas.tse.jus.br/divulga/#/candidato/2026/20322002026/SP/250002539628
250002539624;5010;NATÁLIA BOULOS;NATALIA SZERMETA;PSOL;FEDERAÇÃO PSOL REDE;DEFERIDO;deferida;https://divulgacandcontas.tse.jus.br/divulga/#/candidato/2026/20322002026/SP/250002539624
250002539597;5090;NELSON TRABALHADOR;NELSON DA SILVA SALES FILHO;PSOL;FEDERAÇÃO PSOL REDE;DEFERIDO;deferida;https://divulgacandcontas.tse.jus.br/divulga/#/candidato/2026/20322002026/SP/250002539597
250002539618;5028;OLEGÁRIO DA COMUNIDADE;RODRIGO OLEGARIO CARMELITA;PSOL;FEDERAÇÃO PSOL REDE;DEFERIDO;deferida;https://divulgacandcontas.tse.jus.br/divulga/#/candidato/2026/20322002026/SP/250002539618
250002539594;5060;PIERRE FERNANDEZ;PIERRE ALERRANDRO GOMES FERNANDEZ;PSOL;FEDERAÇÃO PSOL REDE;DEFERIDO;deferida;https://divulgacandcontas.tse.jus.br/divulga/#/candidato/2026/20322002026/SP/250002539594
250002539600;5099;PROF. LAURO PACHECO;LAURO CARLOS PACHECO;PSOL;FEDERAÇÃO PSOL REDE;DEFERIDO;deferida;https://divulgacandcontas.tse.jus.br/divulga/#/candidato/2026/20322002026/SP/250002539600
250002539622;5089;PROFESSORA LUCIENE CAVALCANTE;LUCIENE CAVALCANTE DA SILVA;PSOL;FEDERAÇÃO PSOL REDE;DEFERIDO;deferida;https://divulgacandcontas.tse.jus.br/divulga/#/candidato/2026/20322002026/SP/250002539622
250002539629;5055;RAUL MARCELO;RAUL MARCELO DE SOUZA;PSOL;FEDERAÇÃO PSOL REDE;DEFERIDO;deferida;https://divulgacandcontas.tse.jus.br/divulga/#/candidato/2026/20322002026/SP/250002539629
250002539631;5001;RIBAMAR PASSOS;JOSE DE RIBAMAR DA SILVA PASSOS;PSOL;FEDERAÇÃO PSOL REDE;DEFERIDO;deferida;https://divulgacandcontas.tse.jus.br/divulga/#/candidato/2026/20322002026/SP/250002539631
250002539604;5000;SÂMIA BOMFIM;SÂMIA DE SOUZA BOMFIM;PSOL;FEDERAÇÃO PSOL REDE;DEFERIDO;deferida;https://divulgacandcontas.tse.jus.br/divulga/#/candidato/2026/20322002026/SP/250002539604
250002539621;5042;SANTO LEGALIZA;RAFAEL PACHECO ALQUEZAR;PSOL;FEDERAÇÃO PSOL REDE;DEFERIDO;deferida;https://divulgacandcontas.tse.jus.br/divulga/#/candidato/2026/20322002026/SP/250002539621
250002539590;5065;SERGINHO;SERGIO LUIZ LOPES;PSOL;FEDERAÇÃO PSOL REDE;DEFERIDO;deferida;https://divulgacandcontas.tse.jus.br/divulga/#/candidato/2026/20322002026/SP/250002539590
250002539593;5088;SÔNIA GUAJAJARA;SÔNIA BONE DE SOUSA SILVA;PSOL;FEDERAÇÃO PSOL REDE;DEFERIDO;deferida;https://divulgacandcontas.tse.jus.br/divulga/#/candidato/2026/20322002026/SP/250002539593
250002539602;5012;THUANY FARIA;THUANY FARIA CORRÊA;PSOL;FEDERAÇÃO PSOL REDE;DEFERIDO;deferida;https://divulgacandcontas.tse.jus.br/divulga/#/candidato/2026/20322002026/SP/250002539602
250002539611;5051;VAGNER ROBERTO;VAGNER ROBERTO PEREIRA;PSOL;FEDERAÇÃO PSOL REDE;DEFERIDO;deferida;https://divulgacandcontas.tse.jus.br/divulga/#/candidato/2026/20322002026/SP/250002539611
250002539615;5020;VISCONDE JAMAICA;DORIVAL PEREIRA DOS SANTOS;PSOL;FEDERAÇÃO PSOL REDE;DEFERIDO;deferida;https://divulgacandcontas.tse.jus.br/divulga/#/candidato/2026/20322002026/SP/250002539615
250002539591;5022;WILTINHO POETA;WILTON BORGES VIANA;PSOL;FEDERAÇÃO PSOL REDE;DEFERIDO;deferida;https://divulgacandcontas.tse.jus.br/divulga/#/candidato/2026/20322002026/SP/250002539591
250002536736;1358;ALENCAR SANTANA;ALENCAR SANTANA BRAGA;PT;FEDERAÇÃO BRASIL DA ESPERANÇA - FE BRASIL;DEFERIDO;deferida;https://divulgacandcontas.tse.jus.br/divulga/#/candidato/2026/20322002026/SP/250002536736
250002536746;1312;ALEX MINDUIN;ALEX SANDRO GOMES;PT;FEDERAÇÃO BRASIL DA ESPERANÇA - FE BRASIL;DEFERIDO;deferida;https://divulgacandcontas.tse.jus.br/divulga/#/candidato/2026/20322002026/SP/250002536746
250002536756;1389;ALFREDINHO;ALFREDO ALVES CAVALCANTE;PT;FEDERAÇÃO BRASIL DA ESPERANÇA - FE BRASIL;DEFERIDO;deferida;https://divulgacandcontas.tse.jus.br/divulga/#/candidato/2026/20322002026/SP/250002536756
250002536718;1345;ANÍBAL MUNHOZ;ANIBAL ANTONIO MUNHOZ;PT;FEDERAÇÃO BRASIL DA ESPERANÇA - FE BRASIL;DEFERIDO;deferida;https://divulgacandcontas.tse.jus.br/divulga/#/candidato/2026/20322002026/SP/250002536718
250002536719;1322;ARLINDO CHINAGLIA;ARLINDO CHIGNALIA JUNIOR;PT;FEDERAÇÃO BRASIL DA ESPERANÇA - FE BRASIL;DEFERIDO;deferida;https://divulgacandcontas.tse.jus.br/divulga/#/candidato/2026/20322002026/SP/250002536719
250002536731;1307;AUREO BACELAR;AUREO BACELAR DA SILVA;PT;FEDERAÇÃO BRASIL DA ESPERANÇA - FE BRASIL;DEFERIDO;deferida;https://divulgacandcontas.tse.jus.br/divulga/#/candidato/2026/20322002026/SP/250002536731
250002536737;1370;CARLOS ZARATTINI;CARLOS ALBERTO ROLIM ZARATTINI;PT;FEDERAÇÃO BRASIL DA ESPERANÇA - FE BRASIL;DEFERIDO;deferida;https://divulgacandcontas.tse.jus.br/divulga/#/candidato/2026/20322002026/SP/250002536737
250002536765;1336;CICERA MARIA;CICERA MARIA DA CONCEICAO;PT;FEDERAÇÃO BRASIL DA ESPERANÇA - FE BRASIL;DEFERIDO;deferida;https://divulgacandcontas.tse.jus.br/divulga/#/candidato/2026/20322002026/SP/250002536765
250002536715;1385;DIEGO TURATO;DIEGO OLIVEIRA TURATO;PT;FEDERAÇÃO BRASIL DA ESPERANÇA - FE BRASIL;DEFERIDO;deferida;https://divulgacandcontas.tse.jus.br/divulga/#/candidato/2026/20322002026/SP/250002536715
250002536720;1311;DR. CASEIRO;MARCOS MONTANI CASEIRO;PT;FEDERAÇÃO BRASIL DA ESPERANÇA - FE BRASIL;DEFERIDO;deferida;https://divulgacandcontas.tse.jus.br/divulga/#/candidato/2026/20322002026/SP/250002536720
250002536743;1316;EDINHO SILVA;EDSON ANTONIO EDINHO DA SILVA;PT;FEDERAÇÃO BRASIL DA ESPERANÇA - FE BRASIL;DEFERIDO;deferida;https://divulgacandcontas.tse.jus.br/divulga/#/candidato/2026/20322002026/SP/250002536743
250002536759;1327;EDSON DA PAZ;EDSON DA PAZ;PT;FEDERAÇÃO BRASIL DA ESPERANÇA - FE BRASIL;DEFERIDO;deferida;https://divulgacandcontas.tse.jus.br/divulga/#/candidato/2026/20322002026/SP/250002536759
250002536729;1300;GREGORY FRANÇA;GREGORY FRANÇA NARESSI;PT;FEDERAÇÃO BRASIL DA ESPERANÇA - FE BRASIL;DEFERIDO;deferida;https://divulgacandcontas.tse.jus.br/divulga/#/candidato/2026/20322002026/SP/250002536729
250002536751;1320;GUIDA CALIXTO;MARGARIDA DA SILVA CALIXTO;PT;FEDERAÇÃO BRASIL DA ESPERANÇA - FE BRASIL;DEFERIDO;deferida;https://divulgacandcontas.tse.jus.br/divulga/#/candidato/2026/20322002026/SP/250002536751
250002536760;1350;JEAN WYLLYS;JEAN WYLLYS DE MATOS SANTOS;PT;FEDERAÇÃO BRASIL DA ESPERANÇA - FE BRASIL;DEFERIDO;deferida;https://divulgacandcontas.tse.jus.br/divulga/#/candidato/2026/20322002026/SP/250002536760
250002536757;1380;JILMAR TATTO;JILMAR AUGUSTINHO TATTO;PT;FEDERAÇÃO BRASIL DA ESPERANÇA - FE BRASIL;DEFERIDO;deferida;https://divulgacandcontas.tse.jus.br/divulga/#/candidato/2026/20322002026/SP/250002536757
250002536733;1325;JOAO PAULO CUNHA;JOAO PAULO CUNHA;PT;FEDERAÇÃO BRASIL DA ESPERANÇA - FE BRASIL;DEFERIDO;deferida;https://divulgacandcontas.tse.jus.br/divulga/#/candidato/2026/20322002026/SP/250002536733
250002536734;1333;JULIANA CARDOSO;JULIANA CARDOSO;PT;FEDERAÇÃO BRASIL DA ESPERANÇA - FE BRASIL;DEFERIDO;deferida;https://divulgacandcontas.tse.jus.br/divulga/#/candidato/2026/20322002026/SP/250002536734
250002536735;1315;KERLLYN OLIVEIRA;KERLLYN DE OLIVEIRA MENEGUSSE;PT;FEDERAÇÃO BRASIL DA ESPERANÇA - FE BRASIL;DEFERIDO;deferida;https://divulgacandcontas.tse.jus.br/divulga/#/candidato/2026/20322002026/SP/250002536735
250002536722;1301;KIKO CELEGUIM;FRANCISCO DANIEL CELEGUIM DE MORAIS;PT;FEDERAÇÃO BRASIL DA ESPERANÇA - FE BRASIL;DEFERIDO;deferida;https://divulgacandcontas.tse.jus.br/divulga/#/candidato/2026/20322002026/SP/250002536722
250002536739;1303;LUCAS PENTEADO;LUCAS PRATA PENTEADO;PT;FEDERAÇÃO BRASIL DA ESPERANÇA - FE BRASIL;DEFERIDO;deferida;https://divulgacandcontas.tse.jus.br/divulga/#/candidato/2026/20322002026/SP/250002536739
250002536727;1302;LUNA ZARATTINI;LUNA ZARATTINI BRANDÃO;PT;FEDERAÇÃO BRASIL DA ESPERANÇA - FE BRASIL;DEFERIDO;deferida;https://divulgacandcontas.tse.jus.br/divulga/#/candidato/2026/20322002026/SP/250002536727
250002536732;1326;MACARRÃO;EMERSON DE ABREU SANTANA;PT;FEDERAÇÃO BRASIL DA ESPERANÇA - FE BRASIL;DEFERIDO;deferida;https://divulgacandcontas.tse.jus.br/divulga/#/candidato/2026/20322002026/SP/250002536732
250002536721;1310;MANU BARROS;EMANUELA OLIVEIRA DE ALMEIDA BARROS;PT;FEDERAÇÃO BRASIL DA ESPERANÇA - FE BRASIL;DEFERIDO;deferida;https://divulgacandcontas.tse.jus.br/divulga/#/candidato/2026/20322002026/SP/250002536721
250002536741;1305;MARCELO CARTEIRO;EMERSON MARCELO VIEIRA;PT;FEDERAÇÃO BRASIL DA ESPERANÇA - FE BRASIL;DEFERIDO;deferida;https://divulgacandcontas.tse.jus.br/divulga/#/candidato/2026/20322002026/SP/250002536741
250002536749;1323;MARCIA LIA;MARCIA APARECIDA OVEJANEDA LIA;PT;FEDERAÇÃO BRASIL DA ESPERANÇA - FE BRASIL;DEFERIDO;deferida;https://divulgacandcontas.tse.jus.br/divulga/#/candidato/2026/20322002026/SP/250002536749
250002536747;1367;MARIANA NEGRI;MARIANA NEGRI VIDOTTI AMORIM;PT;FEDERAÇÃO BRASIL DA ESPERANÇA - FE BRASIL;DEFERIDO;deferida;https://divulgacandcontas.tse.jus.br/divulga/#/candidato/2026/20322002026/SP/250002536747
250002536717;1330;MAYARA PROFESSORA;MAYARA VIANA SUZUKI VAC;PT;FEDERAÇÃO BRASIL DA ESPERANÇA - FE BRASIL;DEFERIDO;deferida;https://divulgacandcontas.tse.jus.br/divulga/#/candidato/2026/20322002026/SP/250002536717
250002536750;1317;MISSIONARIA SILVIA KRUMP;SILVIA PEDRINA PANCHAME KRUMPANZL;PT;FEDERAÇÃO BRASIL DA ESPERANÇA - FE BRASIL;DEFERIDO;deferida;https://divulgacandcontas.tse.jus.br/divulga/#/candidato/2026/20322002026/SP/250002536750
250002536738;1355;MOISES SELERGES;MOISES SELERGES JUNIOR;PT;FEDERAÇÃO BRASIL DA ESPERANÇA - FE BRASIL;DEFERIDO;deferida;https://divulgacandcontas.tse.jus.br/divulga/#/candidato/2026/20322002026/SP/250002536738
250002536748;1373;NABIL BONDUKI;NABIL GEORGES BONDUKI;PT;FEDERAÇÃO BRASIL DA ESPERANÇA - FE BRASIL;DEFERIDO;deferida;https://divulgacandcontas.tse.jus.br/divulga/#/candidato/2026/20322002026/SP/250002536748
250002536764;1353;NILTO TATTO;NILTO IGNACIO TATTO;PT;FEDERAÇÃO BRASIL DA ESPERANÇA - FE BRASIL;DEFERIDO;deferida;https://divulgacandcontas.tse.jus.br/divulga/#/candidato/2026/20322002026/SP/250002536764
250002536745;1398;PAULO TEIXEIRA;LUIZ PAULO TEIXEIRA FERREIRA;PT;FEDERAÇÃO BRASIL DA ESPERANÇA - FE BRASIL;DEFERIDO;deferida;https://divulgacandcontas.tse.jus.br/divulga/#/candidato/2026/20322002026/SP/250002536745
250002536761;1319;PEDRO TOURINHO;PEDRO TOURINHO DE SIQUEIRA;PT;FEDERAÇÃO BRASIL DA ESPERANÇA - FE BRASIL;DEFERIDO;deferida;https://divulgacandcontas.tse.jus.br/divulga/#/candidato/2026/20322002026/SP/250002536761
250002536730;1308;PROFESSOR DOUGLAS IZZO;DOUGLAS MARTINS IZZO;PT;FEDERAÇÃO BRASIL DA ESPERANÇA - FE BRASIL;DEFERIDO;deferida;https://divulgacandcontas.tse.jus.br/divulga/#/candidato/2026/20322002026/SP/250002536730
250002536754;1304;PROFESSOR LUIZ ROQUE;LUIZ ROQUE EIGLMEIER;PT;FEDERAÇÃO BRASIL DA ESPERANÇA - FE BRASIL;RENÚNCIA;renuncia;https://divulgacandcontas.tse.jus.br/divulga/#/candidato/2026/20322002026/SP/250002536754
250002536740;1314;PROFESSORA ADRIANA MARTINS;ADRIANA MARTINS DE SOUZA;PT;FEDERAÇÃO BRASIL DA ESPERANÇA - FE BRASIL;DEFERIDO;deferida;https://divulgacandcontas.tse.jus.br/divulga/#/candidato/2026/20322002026/SP/250002536740
250002536713;1309;PROFESSORA RUTH SILVA;RUTH MARY DA SILVA;PT;FEDERAÇÃO BRASIL DA ESPERANÇA - FE BRASIL;DEFERIDO;deferida;https://divulgacandcontas.tse.jus.br/divulga/#/candidato/2026/20322002026/SP/250002536713
250002536766;1363;RAI DE ALMEIDA;RAIMUNDA FERREIRA DE ALMEIDA;PT;FEDERAÇÃO BRASIL DA ESPERANÇA - FE BRASIL;DEFERIDO;deferida;https://divulgacandcontas.tse.jus.br/divulga/#/candidato/2026/20322002026/SP/250002536766
250002536714;1318;RAQUEL AUXILIADORA;RAQUEL AUXILIADORA DOS SANTOS;PT;FEDERAÇÃO BRASIL DA ESPERANÇA - FE BRASIL;DEFERIDO;deferida;https://divulgacandcontas.tse.jus.br/divulga/#/candidato/2026/20322002026/SP/250002536714
250002536753;1351;REIS;PAULO BATISTA DOS REIS;PT;FEDERAÇÃO BRASIL DA ESPERANÇA - FE BRASIL;DEFERIDO;deferida;https://divulgacandcontas.tse.jus.br/divulga/#/candidato/2026/20322002026/SP/250002536753
250002536726;1331;ROSAURA ALMEIDA;ROSAURA APARECIDA DE ALMEIDA;PT;FEDERAÇÃO BRASIL DA ESPERANÇA - FE BRASIL;DEFERIDO;deferida;https://divulgacandcontas.tse.jus.br/divulga/#/candidato/2026/20322002026/SP/250002536726
250002536725;1388;ROSE FORATO;ROSEMEIRE FORATO;PT;FEDERAÇÃO BRASIL DA ESPERANÇA - FE BRASIL;DEFERIDO;deferida;https://divulgacandcontas.tse.jus.br/divulga/#/candidato/2026/20322002026/SP/250002536725
250002536763;1313;RUI FALCÃO;RUI GOETHE DA COSTA FALCÃO;PT;FEDERAÇÃO BRASIL DA ESPERANÇA - FE BRASIL;DEFERIDO;deferida;https://divulgacandcontas.tse.jus.br/divulga/#/candidato/2026/20322002026/SP/250002536763
250002536723;1377;RUTH LOPES;RUTH LOPES COSTA;PT;FEDERAÇÃO BRASIL DA ESPERANÇA - FE BRASIL;DEFERIDO;deferida;https://divulgacandcontas.tse.jus.br/divulga/#/candidato/2026/20322002026/SP/250002536723
250002536752;1399;THIAGO DOS REIS;THIAGO DOS REIS PEREIRA DOS SANTOS;PT;FEDERAÇÃO BRASIL DA ESPERANÇA - FE BRASIL;DEFERIDO;deferida;https://divulgacandcontas.tse.jus.br/divulga/#/candidato/2026/20322002026/SP/250002536752
250002536758;1390;VICENTINHO;VICENTE PAULO DA SILVA;PT;FEDERAÇÃO BRASIL DA ESPERANÇA - FE BRASIL;DEFERIDO;deferida;https://divulgacandcontas.tse.jus.br/divulga/#/candidato/2026/20322002026/SP/250002536758
250002536744;1340;WILLIAM VIEIRA;WILLIAM VIEIRA DE GOES;PT;FEDERAÇÃO BRASIL DA ESPERANÇA - FE BRASIL;DEFERIDO;deferida;https://divulgacandcontas.tse.jus.br/divulga/#/candidato/2026/20322002026/SP/250002536744
250002536762;1368;ZÉ DIRCEU;JOSE DIRCEU DE OLIVEIRA E SILVA;PT;FEDERAÇÃO BRASIL DA ESPERANÇA - FE BRASIL;DEFERIDO;deferida;https://divulgacandcontas.tse.jus.br/divulga/#/candidato/2026/20322002026/SP/250002536762
250002536724;4333;DANSTER FERNANDES;DANSTER FERNANDES RODRIGUES DE SOUZA;PV;FEDERAÇÃO BRASIL DA ESPERANÇA - FE BRASIL;DEFERIDO;deferida;https://divulgacandcontas.tse.jus.br/divulga/#/candidato/2026/20322002026/SP/250002536724
250002536742;4343;NANCY THAME;NANCY APARECIDA FERRUZZI THAME;PV;FEDERAÇÃO BRASIL DA ESPERANÇA - FE BRASIL;DEFERIDO;deferida;https://divulgacandcontas.tse.jus.br/divulga/#/candidato/2026/20322002026/SP/250002536742
250002536728;4344;PROF JEANGRAFIA;JEAN PEREIRA DE AZEVEDO DO CARMO;PV;FEDERAÇÃO BRASIL DA ESPERANÇA - FE BRASIL;DEFERIDO;deferida;https://divulgacandcontas.tse.jus.br/divulga/#/candidato/2026/20322002026/SP/250002536728
250002547835;8080;DANY OLIVEIRA;DANIELLY MILENA OLIVEIRA DOS SANTOS;UP;;DEFERIDO;deferida;https://divulgacandcontas.tse.jus.br/divulga/#/candidato/2026/20322002026/SP/250002547835
250002547831;8008;KARLA ALBUQUERQUE;KARLA APARECIDA ALBUQUERQUE DOS SANTOS;UP;;DEFERIDO;deferida;https://divulgacandcontas.tse.jus.br/divulga/#/candidato/2026/20322002026/SP/250002547831
250002547832;8001;MATHEUS MORAIS;MATHEUS MORAIS CANDIDO;UP;;DEFERIDO;deferida;https://divulgacandcontas.tse.jus.br/divulga/#/candidato/2026/20322002026/SP/250002547832
250002547834;8000;RICARDO SENESE;RICARDO SENESE;UP;;DEFERIDO;deferida;https://divulgacandcontas.tse.jus.br/divulga/#/candidato/2026/20322002026/SP/250002547834
250002547833;8010;THAIS GASPARINI;THAIS GASPARINI;UP;;DEFERIDO;deferida;https://divulgacandcontas.tse.jus.br/divulga/#/candidato/2026/20322002026/SP/250002547833
